snapshot,K,m,batch,start,method,phi,time_s,iters,delta,active,converged,solver_success
K2_early_m41,2,41,0,0,ccp,0.014395754657001495,0.0007973331958055496,3,8.621575675604731e-16,2,1,1
K2_early_m41,2,41,0,0,ipopt,0.014349626978108432,0.12548020901158452,100,4.60782289614485e-05,1,0,0
K2_early_m41,2,41,0,1,ccp,0.010130820272093454,0.00039691710844635963,2,1.167661203838044e-09,2,1,1
K2_early_m41,2,41,0,1,ipopt,0.01013082069181058,0.11217091605067253,100,7.479440938124027e-10,2,1,0
K2_early_m41,2,41,0,2,ccp,0.00986661890263353,0.0005135410465300083,3,1.729050930210363e-13,2,1,1
K2_early_m41,2,41,0,2,ipopt,0.010130820180826186,0.11512283282354474,100,1.2589284042324733e-09,2,1,0
K2_early_m41,2,41,0,3,ccp,0.009416519664406927,0.0003482503816485405,2,3.809685429970178e-09,2,1,1
K2_early_m41,2,41,0,3,ipopt,0.009416523474092766,0.12399966595694423,100,1.9081958235744878e-17,2,1,0
K2_early_m41,2,41,0,4,ccp,0.014395754656757728,0.0006120000034570694,4,2.445942753892538e-13,2,1,1
K2_early_m41,2,41,0,4,ipopt,0.010130821439752292,0.11416970938444138,100,2.4077961846558082e-15,2,1,0
K2_early_m41,2,41,0,5,ccp,0.014395754656518652,0.0004887087270617485,4,4.836651912309975e-13,2,1,1
K2_early_m41,2,41,0,5,ipopt,0.014395754510438077,0.11835987493395805,100,1.4656429542236893e-10,2,1,0
K2_early_m41,2,41,0,6,ccp,0.010130821386665292,0.000517125241458416,3,5.3089395726790833e-11,2,1,1
K2_early_m41,2,41,0,6,ipopt,0.010130821439754568,0.11616949969902635,100,1.3704315460216776e-16,2,1,0
K2_early_m41,2,41,0,7,ccp,0.010130821381465309,0.000412709079682827,3,5.828937679752677e-11,2,1,1
K2_early_m41,2,41,0,7,ipopt,0.010130821439754682,0.11450795829296112,100,-3.469446951953614e-18,2,1,0
K2_early_m41,2,41,0,8,ccp,0.00941651981628841,0.0005327919498085976,3,3.6578039763757175e-09,2,1,1
K2_early_m41,2,41,0,8,ipopt,0.009416523474092262,0.12508833315223455,100,5.2562121322097255e-16,2,1,0
K2_early_m41,2,41,0,9,ccp,0.014395754612049078,0.0005835001356899738,4,4.4953155781124465e-11,2,1,1
K2_early_m41,2,41,0,9,ipopt,0.010130821439754602,0.12220683414489031,100,8.847089727481716e-17,2,1,0
K2_early_m41,2,41,1,0,ccp,0.014395754657001644,0.00047354213893413544,3,6.990935608186533e-16,2,1,1
K2_early_m41,2,41,1,0,ipopt,0.014395754657002255,0.12188733415678144,100,9.71445146547012e-17,2,1,0
K2_early_m41,2,41,1,1,ccp,0.01013082143975456,0.0005209161899983883,3,1.1796119636642288e-16,2,1,1
K2_early_m41,2,41,1,1,ipopt,0.01013082143974927,0.11402950016781688,100,5.419276138951545e-15,2,1,0
K2_early_m41,2,41,1,2,ccp,0.009866618900399398,0.00046733301132917404,3,2.4070277021559505e-12,2,1,1
K2_early_m41,2,41,1,2,ipopt,0.014395754657002338,0.11294200038537383,100,-2.237793284010081e-16,2,1,0
K2_early_m41,2,41,1,3,ccp,0.009416519120860473,0.0003327918238937855,2,4.353231757708853e-09,2,1,1
K2_early_m41,2,41,1,3,ipopt,0.009416523474092758,0.12060737470164895,100,3.642919299551295e-17,2,1,0
K2_early_m41,2,41,1,4,ccp,0.014395754656749232,0.0006525423377752304,4,2.5309788986849213e-13,2,1,1
K2_early_m41,2,41,1,4,ipopt,0.010130820180826054,0.12022412521764636,100,1.2589285829089913e-09,2,1,0
K2_early_m41,2,41,1,5,ccp,0.014395754656662704,0.0005041658878326416,4,3.396311010206432e-13,2,1,1
K2_early_m41,2,41,1,5,ipopt,0.010130821439754203,0.11235050018876791,100,4.978656376053436e-16,2,1,0
K2_early_m41,2,41,1,6,ccp,0.010130821388711683,0.00045062508434057236,3,5.104300489222613e-11,2,1,1
K2_early_m41,2,41,1,6,ipopt,0.010130821436227407,0.11129766702651978,100,3.527284367366157e-12,2,1,0
K2_early_m41,2,41,1,7,ccp,0.010130821375890518,0.0003714580088853836,3,6.38641587530353e-11,2,1,1
K2_early_m41,2,41,1,7,ipopt,0.010130821435141327,0.11642416613176465,100,4.613370449546572e-12,2,1,0
K2_early_m41,2,41,1,8,ccp,0.009416520039468187,0.000502333976328373,3,3.4346242690219686e-09,2,1,1
K2_early_m41,2,41,1,8,ipopt,0.009416523474092758,0.11955654108896852,100,3.642919299551295e-17,2,1,0
K2_early_m41,2,41,1,9,ccp,0.014395754608493936,0.0006116251461207867,4,4.850831195057914e-11,2,1,1
K2_early_m41,2,41,1,9,ipopt,0.010130821439754682,0.11845187516883016,100,2.6020852139652106e-17,2,1,0
K2_early_m41,2,41,2,0,ccp,0.014395745662865105,0.0003409581258893013,2,8.994135361831135e-09,2,1,1
K2_early_m41,2,41,2,0,ipopt,0.014356259541259145,0.1224184581078589,100,3.945886960686831e-05,1,0,0
K2_early_m41,2,41,2,1,ccp,0.010130820527037641,0.00034904107451438904,2,9.127170234879411e-10,2,1,1
K2_early_m41,2,41,2,1,ipopt,0.010130821439754408,0.11070058308541775,100,2.8275992658421956e-16,2,1,0
K2_early_m41,2,41,2,2,ccp,0.009866618902668645,0.0004476672038435936,3,1.378411274011171e-13,2,1,1
K2_early_m41,2,41,2,2,ipopt,0.01438308933872922,0.11929612513631582,100,1.266321842639459e-05,1,0,0
K2_early_m41,2,41,2,3,ccp,0.009416516408964178,0.0003411672078073025,2,7.065127167332763e-09,2,1,1
K2_early_m41,2,41,2,3,ipopt,0.009416523474092772,0.11904004216194153,100,1.734723475976807e-18,2,1,0
K2_early_m41,2,41,2,4,ccp,0.014395754656771356,0.0007649576291441917,4,2.309246543985566e-13,2,1,1
K2_early_m41,2,41,2,4,ipopt,0.010122497338937664,0.11508929217234254,100,8.322345874590964e-06,1,0,0
K2_early_m41,2,41,2,5,ccp,0.01439575465665581,0.0006342921406030655,4,3.4655958658369457e-13,2,1,1
K2_early_m41,2,41,2,5,ipopt,0.010130821439754661,0.11796983378008008,100,3.2959746043559335e-17,2,1,0
K2_early_m41,2,41,2,6,ccp,0.010130821387563018,0.0004624580033123493,3,5.219167112380241e-11,2,1,1
K2_early_m41,2,41,2,6,ipopt,0.010130821439754682,0.11652087466791272,100,6.938893903907228e-18,2,1,0
K2_early_m41,2,41,2,7,ccp,0.010130821372741683,0.00036945799365639687,3,6.701301839828755e-11,2,1,1
K2_early_m41,2,41,2,7,ipopt,0.010130821439754276,0.11118362518027425,100,4.215378046623641e-16,2,1,0
K2_early_m41,2,41,2,8,ccp,0.009416519966829438,0.0005287919193506241,3,3.5072630060611898e-09,2,1,1
K2_early_m41,2,41,2,8,ipopt,0.009416523474092763,0.12806220771744847,100,2.6020852139652106e-17,2,1,0
K2_early_m41,2,41,2,9,ccp,0.009416519486616207,0.0003765840083360672,3,3.987476121861122e-09,2,1,1
K2_early_m41,2,41,2,9,ipopt,0.009416523474092761,0.12458499986678362,100,1.9081958235744878e-17,2,1,0
K2_early_m41,2,41,3,0,ccp,0.014395754190820845,0.00048612477257847786,2,4.661814389378405e-10,2,1,1
K2_early_m41,2,41,3,0,ipopt,0.01438675975840252,0.12584770936518908,100,8.993019900911323e-06,1,0,0
K2_early_m41,2,41,3,1,ccp,0.01013082143888254,0.0004043751396238804,2,8.721547789525275e-13,2,1,1
K2_early_m41,2,41,3,1,ipopt,0.010130821439754672,0.11982154194265604,100,1.3877787807814457e-17,2,1,0
K2_early_m41,2,41,3,2,ccp,0.009866618902735033,0.0004969588480889797,3,7.141336133553722e-14,2,1,1
K2_early_m41,2,41,3,2,ipopt,0.010130734808006539,0.11579066701233387,100,8.663155754394525e-08,1,0,0
K2_early_m41,2,41,3,3,ccp,0.009416523462910623,0.00031895795837044716,2,1.1182136813725485e-11,2,1,1
K2_early_m41,2,41,3,3,ipopt,0.009416523474092754,0.11864820914343,100,2.42861286636753e-17,2,1,0
K2_early_m41,2,41,3,4,ccp,0.01439575465678666,0.0007496247999370098,4,2.1587766296793376e-13,2,1,1
K2_early_m41,2,41,3,4,ipopt,0.010130806658801252,0.11763100000098348,100,1.4780947523232446e-08,2,0,0
K2_early_m41,2,41,3,5,ccp,0.014395754656495164,0.00048795901238918304,4,5.071724290539592e-13,2,1,1
K2_early_m41,2,41,3,5,ipopt,0.010130820180827643,0.10967420879751444,100,1.2589270095147986e-09,2,1,0
K2_early_m41,2,41,3,6,ccp,0.01013082137809224,0.0004435409791767597,3,6.166245639094292e-11,2,1,1
K2_early_m41,2,41,3,6,ipopt,0.010130821439740648,0.11264337506145239,100,1.4046055984984207e-14,2,1,0
K2_early_m41,2,41,3,7,ccp,0.010130821384945574,0.00037841685116291046,3,5.4809120783594345e-11,2,1,1
K2_early_m41,2,41,3,7,ipopt,0.01013082131352995,0.1122367917560041,100,1.262247389943738e-10,2,1,0
K2_early_m41,2,41,3,8,ccp,0.009416519995985525,0.0005074590444564819,3,3.478106901447231e-09,2,1,1
K2_early_m41,2,41,3,8,ipopt,0.009416523474092754,0.12461391696706414,100,2.42861286636753e-17,2,1,0
K2_early_m41,2,41,3,9,ccp,0.004991340884081097,0.00036454200744628906,2,4.175911402261312e-09,2,1,1
K2_early_m41,2,41,3,9,ipopt,0.00941652347409273,0.11648837476968765,100,6.245004513516506e-17,2,1,0
K2_early_m41,2,41,4,0,ccp,0.014395750628853985,0.00044004200026392937,2,4.028148075513327e-09,2,1,1
K2_early_m41,2,41,4,0,ipopt,0.01436055704296757,0.10719362506642938,100,3.5181380704305334e-05,1,0,0
K2_early_m41,2,41,4,1,ccp,0.010130821279612755,0.00033624982461333275,2,1.601419257618586e-10,2,1,1
K2_early_m41,2,41,4,1,ipopt,0.010130821439754672,0.10854712501168251,100,1.3877787807814457e-17,2,1,0
K2_early_m41,2,41,4,2,ccp,0.009866618902797004,0.000496541615575552,3,9.476794349261297e-15,2,1,1
K2_early_m41,2,41,4,2,ipopt,0.010130775169585687,0.11231437511742115,100,4.62701109840008e-08,2,0,0
K2_early_m41,2,41,4,3,ccp,0.009416517462999211,0.00034054089337587357,2,6.011092521310268e-09,2,1,1
K2_early_m41,2,41,4,3,ipopt,0.009416523474092735,0.12439058301970363,100,5.724587470723463e-17,2,1,0
K2_early_m41,2,41,4,4,ccp,0.014395754656795746,0.0006131250411272049,4,2.066524035226891e-13,2,1,1
K2_early_m41,2,41,4,4,ipopt,0.010130821439754592,0.11565324990078807,100,8.847089727481716e-17,2,1,0
K2_early_m41,2,41,4,5,ccp,0.014395754656496475,0.0005007917061448097,4,5.058904684052123e-13,2,1,1
K2_early_m41,2,41,4,5,ipopt,0.010130806658801252,0.12116304179653525,100,1.4780947523232446e-08,2,0,0
K2_early_m41,2,41,4,6,ccp,0.010130821384455244,0.0004771673120558262,3,5.5299450782420045e-11,2,1,1
K2_early_m41,2,41,4,6,ipopt,0.010130821439754651,0.11013741698116064,100,5.204170427930421e-17,2,1,0
K2_early_m41,2,41,4,7,ccp,0.010130821379630693,0.0003786669112741947,3,6.012399605959118e-11,2,1,1
K2_early_m41,2,41,4,7,ipopt,0.010130821439754637,0.1118805417791009,100,6.071532165918825e-17,2,1,0
K2_early_m41,2,41,4,8,ccp,0.009416520136655337,0.0005104593001306057,3,3.3374371287420157e-09,2,1,1
K2_early_m41,2,41,4,8,ipopt,0.009416523474092754,0.1256707077845931,100,2.42861286636753e-17,2,1,0
K2_early_m41,2,41,4,9,ccp,0.01439575461568347,0.0006463751196861267,4,4.131877479052193e-11,2,1,1
K2_early_m41,2,41,4,9,ipopt,0.005140359464708906,0.1176296672783792,100,0.006496754115055925,1,0,0
K2_early_m41,2,41,5,0,ccp,0.014395754657001398,0.0005668327212333679,3,9.558326352632207e-16,2,1,1
K2_early_m41,2,41,5,0,ipopt,0.014348563842037535,0.11526312492787838,100,4.713905806119287e-05,1,0,0
K2_early_m41,2,41,5,1,ccp,0.010130820921206058,0.0003772503696382046,2,5.185486328523892e-10,2,1,1
K2_early_m41,2,41,5,1,ipopt,0.010130821439754557,0.11432520812377334,100,1.3530843112619095e-16,2,1,0
K2_early_m41,2,41,5,2,ccp,0.009866618902656827,0.00048429099842906,3,1.4960428729171582e-13,2,1,1
K2_early_m41,2,41,5,2,ipopt,0.009995313316442156,0.11956162471324205,100,0.0001350401420529678,1,0,0
K2_early_m41,2,41,5,3,ccp,0.009416515175010704,0.00035233283415436745,2,8.299080145324211e-09,2,1,1
K2_early_m41,2,41,5,3,ipopt,0.009416523474092754,0.12235116679221392,100,2.42861286636753e-17,2,1,0
K2_early_m41,2,41,5,4,ccp,0.014395754656775738,0.0005904589779675007,4,2.2655315123909503e-13,2,1,1
K2_early_m41,2,41,5,4,ipopt,0.010130821439745707,0.11191533412784338,100,8.977193988179977e-15,2,1,0
K2_early_m41,2,41,5,5,ccp,0.014395754656659418,0.0005472083576023579,4,3.429461575832349e-13,2,1,1
K2_early_m41,2,41,5,5,ipopt,0.014395754657001249,0.11661712499335408,100,1.0980799602933189e-15,2,1,0
K2_early_m41,2,41,5,6,ccp,0.0101308213857489,0.0004742089658975601,3,5.40057911585512e-11,2,1,1
K2_early_m41,2,41,5,6,ipopt,0.010130821439446838,0.11571916611865163,100,3.0786137528160396e-13,2,1,0
K2_early_m41,2,41,5,7,ccp,0.01013082138017905,0.0003941669128835201,3,5.957563956049405e-11,2,1,1
K2_early_m41,2,41,5,7,ipopt,0.010130821439754682,0.11261508287861943,100,6.938893903907228e-18,2,1,0
K2_early_m41,2,41,5,8,ccp,0.00941651934437952,0.0006177080795168877,3,4.129712754055714e-09,2,1,1
K2_early_m41,2,41,5,8,ipopt,0.009416523474092761,0.1237929998897016,100,1.9081958235744878e-17,2,1,0
K2_early_m41,2,41,5,9,ccp,0.009416519890616579,0.00040854187682271004,3,3.5834758407155e-09,2,1,1
K2_early_m41,2,41,5,9,ipopt,0.009416523474092761,0.12438566703349352,100,1.9081958235744878e-17,2,1,0
K2_early_m41,2,41,6,0,ccp,0.014395754656972404,0.0005793329328298569,3,3.00003077935429e-14,2,1,1
K2_early_m41,2,41,6,0,ipopt,0.01424723604577837,0.12304679118096828,100,0.00014822814741731818,1,0,0
K2_early_m41,2,41,6,1,ccp,0.010130821429714672,0.00033625029027462006,2,1.0040020897994495e-11,2,1,1
K2_early_m41,2,41,6,1,ipopt,0.010126303975700603,0.11310737486928701,100,4.516912665040312e-06,1,0,0
K2_early_m41,2,41,6,2,ccp,0.009866618900092964,0.0005492079071700573,3,2.713506502827201e-12,2,1,1
K2_early_m41,2,41,6,2,ipopt,0.010130821439754682,0.12309008277952671,100,-9.8879238130678e-17,2,1,0
K2_early_m41,2,41,6,3,ccp,0.009416523381118098,0.0003548329696059227,2,9.297465054791676e-11,2,1,1
K2_early_m41,2,41,6,3,ipopt,0.009416523474092772,0.1279207500629127,100,1.734723475976807e-18,2,1,0
K2_early_m41,2,41,6,4,ccp,0.014395754656822593,0.0005887080915272236,4,1.798162313493279e-13,2,1,1
K2_early_m41,2,41,6,4,ipopt,0.010130821439754537,0.11506108287721872,100,1.3704315460216776e-16,2,1,0
K2_early_m41,2,41,6,5,ccp,0.014395754656555414,0.0004999171942472458,4,4.469567077558523e-13,2,1,1
K2_early_m41,2,41,6,5,ipopt,0.010130734808006539,0.11928583309054375,100,8.663155813548595e-08,1,0,0
K2_early_m41,2,41,6,6,ccp,0.010130821377688833,0.0005255001597106457,3,6.206586286583438e-11,2,1,1
K2_early_m41,2,41,6,6,ipopt,0.010130805894106788,0.14686541678383946,100,1.5545641371406127e-08,2,0,0
K2_early_m41,2,41,6,7,ccp,0.010130821380377415,0.00039237504824995995,3,5.937728433935696e-11,2,1,1
K2_early_m41,2,41,6,7,ipopt,0.010130821439695212,0.11388087505474687,100,5.947672909734081e-14,2,1,0
K2_early_m41,2,41,6,8,ccp,0.009416519957333298,0.0004972917959094048,3,3.516759130434144e-09,2,1,1
K2_early_m41,2,41,6,8,ipopt,0.009416523474092713,0.12692095804959536,100,6.765421556309548e-17,2,1,0
K2_early_m41,2,41,6,9,ccp,0.014395754618305088,0.0006444579921662807,4,3.869732312367091e-11,2,1,1
K2_early_m41,2,41,6,9,ipopt,0.014395746911689902,0.11697995802387595,100,7.745311062651306e-09,2,1,0
K2_early_m41,2,41,7,0,ccp,0.014395754656986795,0.0004642079584300518,3,1.5536183450848284e-14,2,1,1
K2_early_m41,2,41,7,0,ipopt,0.014395754654651337,0.11770062474533916,100,2.351036032521847e-12,2,1,0
K2_early_m41,2,41,7,1,ccp,0.010130820957734588,0.0004121246747672558,2,4.820201078559183e-10,2,1,1
K2_early_m41,2,41,7,1,ipopt,0.010130821438670043,0.11754820821806788,100,1.0846427922484025e-12,2,1,0
K2_early_m41,2,41,7,2,ccp,0.0098666187615131,0.00040062516927719116,2,1.4129336936563597e-10,2,1,1
K2_early_m41,2,41,7,2,ipopt,0.014395754639523594,0.12213020911440253,100,1.7478815270144388e-11,2,1,0
K2_early_m41,2,41,7,3,ccp,0.00941652076418913,0.00035445811226963997,2,2.7099034752287032e-09,2,1,1
K2_early_m41,2,41,7,3,ipopt,0.009416523474092735,0.12323279213160276,100,5.724587470723463e-17,2,1,0
K2_early_m41,2,41,7,4,ccp,0.014395754656774031,0.0006107091903686523,4,2.283364469723992e-13,2,1,1
K2_early_m41,2,41,7,4,ipopt,0.010130821422600248,0.11220275005325675,100,1.7154444531541913e-11,2,1,0
K2_early_m41,2,41,7,5,ccp,0.014395754656598946,0.0005241669714450836,4,4.034255568496903e-13,2,1,1
K2_early_m41,2,41,7,5,ipopt,0.009416523474092754,0.1281372499652207,100,8.153200337090993e-17,2,1,0
K2_early_m41,2,41,7,6,ccp,0.01013082137412993,0.0004377500154078007,3,6.562477297689107e-11,2,1,1
K2_early_m41,2,41,7,6,ipopt,0.010130821436225852,0.11272199964150786,100,3.5288334754302042e-12,2,1,0
K2_early_m41,2,41,7,7,ccp,0.010130821382405855,0.00036741700023412704,3,5.7348832280257334e-11,2,1,1
K2_early_m41,2,41,7,7,ipopt,0.010130821439754429,0.11395516619086266,100,2.740863092043355e-16,2,1,0
K2_early_m41,2,41,7,8,ccp,0.009416519971947146,0.000499167013913393,3,3.5021453168027072e-09,2,1,1
K2_early_m41,2,41,7,8,ipopt,0.00941652347409273,0.12585862493142486,100,6.245004513516506e-17,2,1,0
K2_early_m41,2,41,7,9,ccp,0.014395754612357606,0.0006377911195158958,4,4.4644819091610444e-11,2,1,1
K2_early_m41,2,41,7,9,ipopt,0.010130821438845087,0.11654500011354685,100,9.096057240753908e-13,2,1,0
K2_early_m41,2,41,8,0,ccp,0.014395754656993259,0.0003870422951877117,3,9.083012120214562e-15,2,1,1
K2_early_m41,2,41,8,0,ipopt,0.014312840841551409,0.12273524980992079,100,8.275390694747163e-05,1,0,0
K2_early_m41,2,41,8,1,ccp,0.01013082134264133,0.0004198751412332058,2,9.711336769469003e-11,2,1,1
K2_early_m41,2,41,8,1,ipopt,0.010116312319804699,0.11337091634050012,100,1.4503786582315686e-05,1,0,0
K2_early_m41,2,41,8,2,ccp,0.009866618902792543,0.0004887077957391739,3,1.3912482277333993e-14,2,1,1
K2_early_m41,2,41,8,2,ipopt,0.010130818939082235,0.11821695789694786,100,2.5006731199650467e-09,2,1,0
K2_early_m41,2,41,8,3,ccp,0.009416523474092591,0.0004949583671987057,3,2.0816681711721685e-16,2,1,1
K2_early_m41,2,41,8,3,ipopt,0.009416523474092758,0.11834245827049017,100,3.642919299551295e-17,2,1,0
K2_early_m41,2,41,8,4,ccp,0.014395754656748604,0.0006420412100851536,4,2.5382820845187837e-13,2,1,1
K2_early_m41,2,41,8,4,ipopt,0.010130803109784443,0.11578666605055332,100,1.8329961729013355e-08,2,0,0
K2_early_m41,2,41,8,5,ccp,0.014395754656642994,0.0005129170604050159,4,3.593687847303073e-13,2,1,1
K2_early_m41,2,41,8,5,ipopt,0.014395754657002019,0.12055937480181456,100,3.2786273695961654e-16,2,1,0
K2_early_m41,2,41,8,6,ccp,0.010130821385133142,0.0005002501420676708,3,5.462154686886045e-11,2,1,1
K2_early_m41,2,41,8,6,ipopt,0.010130819893361148,0.1121931248344481,100,1.54639348375063e-09,2,1,0
K2_early_m41,2,41,8,7,ccp,0.010130821381442362,0.00037608295679092407,3,5.831233412800785e-11,2,1,1
K2_early_m41,2,41,8,7,ipopt,0.01013082143603869,0.11495429184287786,100,3.716010138488102e-12,2,1,0
K2_early_m41,2,41,8,8,ccp,0.009416519499619667,0.0004880419000983238,3,3.974472667644946e-09,2,1,1
K2_early_m41,2,41,8,8,ipopt,0.00941652347409272,0.12422204110771418,100,7.28583859910259e-17,2,1,0
K2_early_m41,2,41,8,9,ccp,0.004991344284797619,0.0003442917950451374,2,7.751959907320582e-10,2,1,1
K2_early_m41,2,41,8,9,ipopt,0.00941652347409272,0.12116629118099809,100,7.28583859910259e-17,2,1,0
K2_early_m41,2,41,9,0,ccp,0.01439575465698175,0.0006601670756936073,3,2.051483982690172e-14,2,1,1
K2_early_m41,2,41,9,0,ipopt,0.014260381869279228,0.11243175016716123,100,0.0001351316067349194,1,0,0
K2_early_m41,2,41,9,1,ccp,0.010130821092845039,0.00038333330303430557,2,3.4690965725059364e-10,2,1,1
K2_early_m41,2,41,9,1,ipopt,0.010130821439754675,0.11584916617721319,100,2.7755575615628914e-17,2,1,0
K2_early_m41,2,41,9,2,ccp,0.009866618899407806,0.000722832977771759,3,3.398630335493813e-12,2,1,1
K2_early_m41,2,41,9,2,ipopt,0.010130805894109769,0.11076633399352431,100,1.554563786032581e-08,2,0,0
K2_early_m41,2,41,9,3,ccp,0.00941652292704808,0.0003315410576760769,2,5.470446994698674e-10,2,1,1
K2_early_m41,2,41,9,3,ipopt,0.009416523474092766,0.13122108299285173,100,1.9081958235744878e-17,2,1,0
K2_early_m41,2,41,9,4,ccp,0.014395754656817604,0.0006189160048961639,4,1.8472376406286628e-13,2,1,1
K2_early_m41,2,41,9,4,ipopt,0.010130821380784371,0.1155417081899941,100,5.897032341606323e-11,2,1,0
K2_early_m41,2,41,9,5,ccp,0.014395754656569535,0.0004982920363545418,4,4.3280656836230946e-13,2,1,1
K2_early_m41,2,41,9,5,ipopt,0.010130821439668876,0.11831741686910391,100,8.580809673919276e-14,2,1,0
K2_early_m41,2,41,9,6,ccp,0.010130821382170231,0.00042679160833358765,3,5.7584463239446215e-11,2,1,1
K2_early_m41,2,41,9,6,ipopt,0.010130806658799882,0.11290529184043407,100,1.478094891795012e-08,2,0,0
K2_early_m41,2,41,9,7,ccp,0.010130821366555826,0.00038837501779198647,3,7.319887057599672e-11,2,1,1
K2_early_m41,2,41,9,7,ipopt,0.010130821435141327,0.11659570783376694,100,4.613370449546572e-12,2,1,0
K2_early_m41,2,41,9,8,ccp,0.009416519773535012,0.0004693749360740185,3,3.7005573865628305e-09,2,1,1
K2_early_m41,2,41,9,8,ipopt,0.009416523474092772,0.12827412504702806,100,1.734723475976807e-18,2,1,0
K2_early_m41,2,41,9,9,ccp,0.01439575461055424,0.0006358339451253414,4,4.6448206392213365e-11,2,1,1
K2_early_m41,2,41,9,9,ipopt,0.010130821439751931,0.11213258374482393,100,2.7564756033271465e-15,2,1,0
K2_early_m41,2,41,10,0,ccp,0.014395754656992058,0.000387582927942276,3,1.029558382992235e-14,2,1,1
K2_early_m41,2,41,10,0,ipopt,0.01428186163354623,0.115750249940902,100,0.00011372246763876812,1,0,0
K2_early_m41,2,41,10,1,ccp,0.01013081854378273,0.0003714999184012413,2,2.8959717523341366e-09,2,1,1
K2_early_m41,2,41,10,1,ipopt,0.010130801709491134,0.11183754168450832,100,1.9730253701666367e-08,2,0,0
K2_early_m41,2,41,10,2,ccp,0.00986661828150606,0.0003848746418952942,2,6.213003965471753e-10,2,1,1
K2_early_m41,2,41,10,2,ipopt,0.009861524635185644,0.11856037471443415,100,5.092987036976401e-06,1,0,0
K2_early_m41,2,41,10,3,ccp,0.009416523474088556,0.0004959171637892723,3,3.877106968808164e-15,2,1,1
K2_early_m41,2,41,10,3,ipopt,0.009416523474092765,0.13054008409380913,100,2.2551405187698492e-17,2,1,0
K2_early_m41,2,41,10,4,ccp,0.014395754656777053,0.000617458950728178,4,2.2535445731719506e-13,2,1,1
K2_early_m41,2,41,10,4,ipopt,0.010130821439754276,0.11592620890587568,100,4.145989107584569e-16,2,1,0
K2_early_m41,2,41,10,5,ccp,0.014395754656572734,0.0005020000971853733,4,4.2960773827260823e-13,2,1,1
K2_early_m41,2,41,10,5,ipopt,0.009416523474092772,0.12278445810079575,100,-2.7755575615628914e-17,2,1,0
K2_early_m41,2,41,10,6,ccp,0.01013082138381739,0.0004388331435620785,3,5.593732074760105e-11,2,1,1
K2_early_m41,2,41,10,6,ipopt,0.010130821438914781,0.11182116670534015,100,8.399062695341186e-13,2,1,0
K2_early_m41,2,41,10,7,ccp,0.01013082136332169,0.00037558330222964287,3,7.643299881898713e-11,2,1,1
K2_early_m41,2,41,10,7,ipopt,0.010130821439752954,0.11201533395797014,100,1.7416623698807143e-15,2,1,0
K2_early_m41,2,41,10,8,ccp,0.009416520063178429,0.0005275839939713478,3,3.410914047735636e-09,2,1,1
K2_early_m41,2,41,10,8,ipopt,0.009416523474092754,0.12174583273008466,100,2.42861286636753e-17,2,1,0
K2_early_m41,2,41,10,9,ccp,0.009416518951576813,0.0003915838897228241,3,4.5225153882250124e-09,2,1,1
K2_early_m41,2,41,10,9,ipopt,0.00941652347409274,0.12600037502124906,100,5.0306980803327406e-17,2,1,0
K2_early_m41,2,41,11,0,ccp,0.014395754656993404,0.0005343747325241566,3,8.878314750049299e-15,2,1,1
K2_early_m41,2,41,11,0,ipopt,0.014313137091765016,0.11831041611731052,100,8.245879850145126e-05,1,0,0
K2_early_m41,2,41,11,1,ccp,0.010130821306791767,0.00036387471482157707,2,1.3296292192266357e-10,2,1,1
K2_early_m41,2,41,11,1,ipopt,0.010130821334117128,0.11516716703772545,100,1.0563756119852385e-10,2,1,0
K2_early_m41,2,41,11,2,ccp,0.009866618902803964,0.0005154581740498543,3,2.5413698923060224e-15,2,1,1
K2_early_m41,2,41,11,2,ipopt,0.014381601178069945,0.1136905001476407,100,1.4148826891966643e-05,1,0,0
K2_early_m41,2,41,11,3,ccp,0.009416522772036737,0.0003871251828968525,2,7.0205604350837e-10,2,1,1
K2_early_m41,2,41,11,3,ipopt,0.009416523474092772,0.11876450013369322,100,1.734723475976807e-18,2,1,0
K2_early_m41,2,41,11,4,ccp,0.014395754656768182,0.0005900003015995026,4,2.339916455040836e-13,2,1,1
K2_early_m41,2,41,11,4,ipopt,0.010130821439749447,0.11321545904502273,100,5.244069067877888e-15,2,1,0
K2_early_m41,2,41,11,5,ccp,0.014395754656557506,0.0005001667886972427,4,4.4484381456211253e-13,2,1,1
K2_early_m41,2,41,11,5,ipopt,0.014395754657002314,0.11930166697129607,100,3.122502256758253e-17,2,1,0
K2_early_m41,2,41,11,6,ccp,0.010130821375614264,0.0004894169978797436,3,6.414043081381937e-11,2,1,1
K2_early_m41,2,41,11,6,ipopt,0.010130821438914781,0.11276308307424188,100,8.399062695341186e-13,2,1,0
K2_early_m41,2,41,11,7,ccp,0.01013082138376728,0.00038079172372817993,3,5.5987417826863783e-11,2,1,1
K2_early_m41,2,41,11,7,ipopt,0.010130821434797266,0.11039479076862335,100,4.957428564877908e-12,2,1,0
K2_early_m41,2,41,11,8,ccp,0.009416519555302896,0.0004990827292203903,3,3.9187894474573826e-09,2,1,1
K2_early_m41,2,41,11,8,ipopt,0.009416523474092765,0.13074779184535146,100,2.2551405187698492e-17,2,1,0
K2_early_m41,2,41,11,9,ccp,0.01439575461286935,0.0006269589066505432,4,4.413304444117472e-11,2,1,1
K2_early_m41,2,41,11,9,ipopt,0.0143957498512087,0.11921133426949382,100,4.805793362219757e-09,2,1,0
K2_early_m41,2,41,12,0,ccp,0.014395754656998508,0.0004331669770181179,3,3.840677775812651e-15,2,1,1
K2_early_m41,2,41,12,0,ipopt,0.014306746343022713,0.12283574976027012,100,8.890425937930872e-05,1,0,0
K2_early_m41,2,41,12,1,ccp,0.010130820425373752,0.00038787536323070526,2,1.014380926478431e-09,2,1,1
K2_early_m41,2,41,12,1,ipopt,0.010130821439754679,0.11778429197147489,100,1.9081958235744878e-17,2,1,0
K2_early_m41,2,41,12,2,ccp,0.009866618902765538,0.0005211671814322472,3,4.0929065692196787e-14,2,1,1
K2_early_m41,2,41,12,2,ipopt,0.009825067416915825,0.11233637481927872,100,4.14662808380286e-05,1,0,0
K2_early_m41,2,41,12,3,ccp,0.009416523405854964,0.00040724966675043106,2,6.823798470723119e-11,2,1,1
K2_early_m41,2,41,12,3,ipopt,0.009416523474092763,0.12288162484765053,100,2.6020852139652106e-17,2,1,0
K2_early_m41,2,41,12,4,ccp,0.014395754656797106,0.0007715411484241486,4,2.0521084831415237e-13,2,1,1
K2_early_m41,2,41,12,4,ipopt,0.010130821439754682,0.11814833339303732,100,2.6020852139652106e-17,2,1,0
K2_early_m41,2,41,12,5,ccp,0.014395754656587541,0.0005223331972956657,4,4.148226900868579e-13,2,1,1
K2_early_m41,2,41,12,5,ipopt,0.014395734791310594,0.12349633313715458,100,1.9865682598929624e-08,2,0,0
K2_early_m41,2,41,12,6,ccp,0.010130821382500193,0.0005419580265879631,3,5.725450842597457e-11,2,1,1
K2_early_m41,2,41,12,6,ipopt,0.010130821439130227,0.10985537525266409,100,6.24467491605607e-13,2,1,0
K2_early_m41,2,41,12,7,ccp,0.010130821385720554,0.0003675417974591255,3,5.403414000959561e-11,2,1,1
K2_early_m41,2,41,12,7,ipopt,0.010130821439753024,0.11668837489560246,100,1.6670692604137116e-15,2,1,0
K2_early_m41,2,41,12,8,ccp,0.009416519513469092,0.0005214167758822441,3,3.9606232269534525e-09,2,1,1
K2_early_m41,2,41,12,8,ipopt,0.009416523474092754,0.12434287508949637,100,2.42861286636753e-17,2,1,0
K2_early_m41,2,41,12,9,ccp,0.014395754614921045,0.0006011249497532845,4,4.208133147498572e-11,2,1,1
K2_early_m41,2,41,12,9,ipopt,0.010130821295801458,0.10954087506979704,100,1.4395322954496859e-10,2,1,0
K2_early_m41,2,41,13,0,ccp,0.014395753753167137,0.0002782503142952919,2,9.03835195922853e-10,2,1,1
K2_early_m41,2,41,13,0,ipopt,0.01438323058819559,0.12785929208621383,100,1.2520426375181928e-05,1,0,0
K2_early_m41,2,41,13,1,ccp,0.010130817577001301,0.0003860420547425747,2,3.862753011549258e-09,2,1,1
K2_early_m41,2,41,13,1,ipopt,0.010130821439728134,0.11220908304676414,100,2.6560351140680893e-14,2,1,0
K2_early_m41,2,41,13,2,ccp,0.009866618902313612,0.0004610838368535042,3,4.928765728884343e-13,2,1,1
K2_early_m41,2,41,13,2,ipopt,0.010130821439752944,0.11413170769810677,100,2.0643209364124004e-15,2,1,0
K2_early_m41,2,41,13,3,ccp,0.009416521211464562,0.000331999734044075,2,2.2626280935661436e-09,2,1,1
K2_early_m41,2,41,13,3,ipopt,0.009416523474092772,0.11788262473419309,100,1.734723475976807e-18,2,1,0
K2_early_m41,2,41,13,4,ccp,0.01439575465677594,0.0006211670115590096,4,2.2648376230005596e-13,2,1,1
K2_early_m41,2,41,13,4,ipopt,0.010130821439754602,0.11682741669937968,100,8.847089727481716e-17,2,1,0
K2_early_m41,2,41,13,5,ccp,0.01439575465626752,0.00054958276450634,4,7.348392727646313e-13,2,1,1
K2_early_m41,2,41,13,5,ipopt,0.01012964175631104,0.11818704102188349,100,1.1796482091847027e-06,1,0,0
K2_early_m41,2,41,13,6,ccp,0.010130821379528851,0.00044462503865361214,3,6.022583647069535e-11,2,1,1
K2_early_m41,2,41,13,6,ipopt,0.01013082143954136,0.11073245806619525,100,2.1332935418172383e-13,2,1,0
K2_early_m41,2,41,13,7,ccp,0.010130821385518587,0.00036779092624783516,3,5.423610172083926e-11,2,1,1
K2_early_m41,2,41,13,7,ipopt,0.010130821439577498,0.11466641584411263,100,1.771985336240789e-13,2,1,0
K2_early_m41,2,41,13,8,ccp,0.009416519641339664,0.000521625392138958,3,3.8327527228376734e-09,2,1,1
K2_early_m41,2,41,13,8,ipopt,0.009416523474092754,0.12536362512037158,100,2.42861286636753e-17,2,1,0
K2_early_m41,2,41,13,9,ccp,0.014395754609786315,0.0006350004114210606,4,4.7215993267957224e-11,2,1,1
K2_early_m41,2,41,13,9,ipopt,0.010130821371911899,0.1186052500270307,100,6.784278520910458e-11,2,1,0
K2_early_m41,2,41,14,0,ccp,0.014395754656940814,0.00047229090705513954,3,6.157574450327274e-14,2,1,1
K2_early_m41,2,41,14,0,ipopt,0.014395754657002269,0.12274825014173985,100,7.979727989493313e-17,2,1,0
K2_early_m41,2,41,14,1,ccp,0.010130818854559975,0.00036287494003772736,2,2.5851945497507023e-09,2,1,1
K2_early_m41,2,41,14,1,ipopt,0.010130821439025519,0.1160040833055973,100,7.29178870062519e-13,2,1,0
K2_early_m41,2,41,14,2,ccp,0.009866618902784004,0.0006553330458700657,3,2.2421300927000232e-14,2,1,1
K2_early_m41,2,41,14,2,ipopt,0.010130821439730108,0.11127999983727932,100,2.463827752929859e-14,2,1,0
K2_early_m41,2,41,14,3,ccp,0.009416523446618828,0.0003337087109684944,2,2.7473910299558035e-11,2,1,1
K2_early_m41,2,41,14,3,ipopt,0.010130818505556412,0.1129321251064539,100,2.9341980633396103e-09,2,1,0
K2_early_m41,2,41,14,4,ccp,0.014395754656725743,0.0005743326619267464,4,2.7663635271402143e-13,2,1,1
K2_early_m41,2,41,14,4,ipopt,0.014395754657002345,0.12450145790353417,100,1.9081958235744878e-17,2,1,0
K2_early_m41,2,41,14,5,ccp,0.014395754656610835,0.0005113747902214527,4,3.915322926983933e-13,2,1,1
K2_early_m41,2,41,14,5,ipopt,0.010130775169587231,0.12053645914420485,100,4.6270109629181766e-08,2,0,0
K2_early_m41,2,41,14,6,ccp,0.010130821380766656,0.000516457948833704,3,5.898804188164686e-11,2,1,1
K2_early_m41,2,41,14,6,ipopt,0.01013075211916236,0.11466979188844562,100,6.932047067614855e-08,1,0,0
K2_early_m41,2,41,14,7,ccp,0.010130821386932512,0.000391415785998106,3,5.282218239199832e-11,2,1,1
K2_early_m41,2,41,14,7,ipopt,0.010130821439670628,0.11552845872938633,100,8.40629649223601e-14,2,1,0
K2_early_m41,2,41,14,8,ccp,0.00941651985895188,0.0005171657539904118,3,3.615140580989773e-09,2,1,1
K2_early_m41,2,41,14,8,ipopt,0.009416523474092772,0.1290700421668589,100,1.734723475976807e-18,2,1,0
K2_early_m41,2,41,14,9,ccp,0.014395754609552704,0.0006149173714220524,4,4.744962929514873e-11,2,1,1
K2_early_m41,2,41,14,9,ipopt,0.010130821439667245,0.11336208414286375,100,8.744741042399085e-14,2,1,0
K2_early_m41,2,41,15,0,ccp,0.014395752451177728,0.0002897498197853565,2,2.205824533446643e-09,2,1,1
K2_early_m41,2,41,15,0,ipopt,0.01439357578226837,0.11820654105395079,100,2.1788126153537285e-06,1,0,0
K2_early_m41,2,41,15,1,ccp,0.010130821355480012,0.0004697917029261589,2,8.427466884064483e-11,2,1,1
K2_early_m41,2,41,15,1,ipopt,0.010130821219682028,0.10951762506738305,100,2.2007266495260858e-10,2,1,0
K2_early_m41,2,41,15,2,ccp,0.009866618901378703,0.0004913331940770149,3,1.4277606874557591e-12,2,1,1
K2_early_m41,2,41,15,2,ipopt,0.010129880837833078,0.11461800010874867,100,9.405780222477428e-07,1,0,0
K2_early_m41,2,41,15,3,ccp,0.00941651975847985,0.0003399169072508812,2,3.7156125450715782e-09,2,1,1
K2_early_m41,2,41,15,3,ipopt,0.00941652347409273,0.12153679132461548,100,6.245004513516506e-17,2,1,0
K2_early_m41,2,41,15,4,ccp,0.01439575465677672,0.0006248331628739834,4,2.2558170609254802e-13,2,1,1
K2_early_m41,2,41,15,4,ipopt,0.010130821439753187,0.11415833421051502,100,1.510944147575799e-15,2,1,0
K2_early_m41,2,41,15,5,ccp,0.014395754656606172,0.0005040830001235008,4,3.9617267799663125e-13,2,1,1
K2_early_m41,2,41,15,5,ipopt,0.01013082143898517,0.11038716696202755,100,7.695181297728837e-13,2,1,0
K2_early_m41,2,41,15,6,ccp,0.010130821379953324,0.0006069997325539589,3,5.980136004446468e-11,2,1,1
K2_early_m41,2,41,15,6,ipopt,0.010130821439127302,0.11014924990013242,100,6.27387031215676e-13,2,1,0
K2_early_m41,2,41,15,7,ccp,0.010130821383685765,0.0005128751508891582,3,5.6068927278829506e-11,2,1,1
K2_early_m41,2,41,15,7,ipopt,0.010130821439754682,0.1182065000757575,100,6.938893903907228e-18,2,1,0
K2_early_m41,2,41,15,8,ccp,0.009416519441065578,0.0005118753761053085,3,4.0330267545712895e-09,2,1,1
K2_early_m41,2,41,15,8,ipopt,0.00941652347409273,0.12421716703101993,100,6.245004513516506e-17,2,1,0
K2_early_m41,2,41,15,9,ccp,0.009416519858386083,0.0003870828077197075,3,3.6157063315611637e-09,2,1,1
K2_early_m41,2,41,15,9,ipopt,0.009416523474092262,0.12308495817705989,100,5.2562121322097255e-16,2,1,0
K2_early_m41,2,41,16,0,ccp,0.014395754332002929,0.00048466632142663,2,3.2499936596097623e-10,2,1,1
K2_early_m41,2,41,16,0,ipopt,0.014388244178352261,0.1284404592588544,100,7.509168911033759e-06,1,0,0
K2_early_m41,2,41,16,1,ccp,0.010130821439044715,0.0003996659070253372,2,7.099789506304077e-13,2,1,1
K2_early_m41,2,41,16,1,ipopt,0.010130821439749926,0.11584870796650648,100,4.763550665032312e-15,2,1,0
K2_early_m41,2,41,16,2,ccp,0.009866613598084686,0.00039570778608322144,2,5.304720360893578e-09,2,1,1
K2_early_m41,2,41,16,2,ipopt,0.009838421551462738,0.040287625044584274,36,2.818641759593822e-05,1,0,0
K2_early_m41,2,41,16,3,ccp,0.00941651752445792,0.0003665420226752758,2,5.949633860233283e-09,2,1,1
K2_early_m41,2,41,16,3,ipopt,0.009416523474092754,0.12464283360168338,100,2.42861286636753e-17,2,1,0
K2_early_m41,2,41,16,4,ccp,0.014395754656685519,0.0006573330610990524,4,3.1690622348534703e-13,2,1,1
K2_early_m41,2,41,16,4,ipopt,0.010130821408688168,0.11577270785346627,100,3.1066517414135575e-11,2,1,0
K2_early_m41,2,41,16,5,ccp,0.014395754656541755,0.000506207812577486,4,4.606159204056937e-13,2,1,1
K2_early_m41,2,41,16,5,ipopt,0.010130821439754672,0.12047229195013642,100,1.3877787807814457e-17,2,1,0
K2_early_m41,2,41,16,6,ccp,0.01013082137890671,0.0004554158076643944,3,6.08479759633962e-11,2,1,1
K2_early_m41,2,41,16,6,ipopt,0.01013082143603869,0.10993579076603055,100,3.716010138488102e-12,2,1,0
K2_early_m41,2,41,16,7,ccp,0.010130821379029414,0.0003860420547425747,3,6.072527029832298e-11,2,1,1
K2_early_m41,2,41,16,7,ipopt,0.005751308044140795,0.0965174580924213,83,0.0037491878415380105,1,0,0
K2_early_m41,2,41,16,8,ccp,0.009416519920445607,0.0006804158911108971,3,3.5536468316610392e-09,2,1,1
K2_early_m41,2,41,16,8,ipopt,0.009416523474092761,0.1271092500537634,100,1.9081958235744878e-17,2,1,0
K2_early_m41,2,41,16,9,ccp,0.004991344036644481,0.0003721662797033787,2,1.0233491042413445e-09,2,1,1
K2_early_m41,2,41,16,9,ipopt,0.004981389844035425,0.10777491703629494,100,9.950967294185611e-06,1,0,0
K2_early_m41,2,41,17,0,ccp,0.014395753160955236,0.0003981669433414936,2,1.4960472444203177e-09,2,1,1
K2_early_m41,2,41,17,0,ipopt,0.014379642443077274,0.11330887535586953,100,1.610618489527975e-05,1,0,0
K2_early_m41,2,41,17,1,ccp,0.010130818917560243,0.0003453749231994152,2,2.5221942936970443e-09,2,1,1
K2_early_m41,2,41,17,1,ipopt,0.010130821439754682,0.11522458307445049,100,-3.469446951953614e-18,2,1,0
K2_early_m41,2,41,17,2,ccp,0.009866618902751,0.0005092080682516098,3,5.545043590959864e-14,2,1,1
K2_early_m41,2,41,17,2,ipopt,0.010130821439745825,0.11046258406713605,100,8.533104778329914e-15,2,1,0
K2_early_m41,2,41,17,3,ccp,0.009416523245019758,0.0004815841093659401,2,2.290730209686398e-10,2,1,1
K2_early_m41,2,41,17,3,ipopt,0.009416523474092765,0.12640066677704453,100,2.2551405187698492e-17,2,1,0
K2_early_m41,2,41,17,4,ccp,0.014395754656754571,0.0006115837022662163,4,2.4778616658505115e-13,2,1,1
K2_early_m41,2,41,17,4,ipopt,0.010130804822603368,0.11529879225417972,100,1.661714383108248e-08,2,0,0
K2_early_m41,2,41,17,5,ccp,0.01439575465660142,0.0005186246708035469,4,4.009466370025194e-13,2,1,1
K2_early_m41,2,41,17,5,ipopt,0.010130821439748364,0.12046758318319917,100,6.330005963839369e-15,2,1,0
K2_early_m41,2,41,17,6,ccp,0.010130821381697078,0.0004852907732129097,3,5.805761253696584e-11,2,1,1
K2_early_m41,2,41,17,6,ipopt,0.0101308214396021,0.11299779219552875,100,1.5258454222344398e-13,2,1,0
K2_early_m41,2,41,17,7,ccp,0.010130821360851094,0.0003887498751282692,3,7.890359025874982e-11,2,1,1
K2_early_m41,2,41,17,7,ipopt,0.010130821434795729,0.11226149974390864,100,4.9589742034950035e-12,2,1,0
K2_early_m41,2,41,17,8,ccp,0.014395754611698324,0.0006043752655386925,4,4.530403656388682e-11,2,1,1
K2_early_m41,2,41,17,8,ipopt,0.01013082062616964,0.11688670795410872,100,8.135850170648551e-10,2,1,0
K2_early_m41,2,41,17,9,ccp,0.009416519492774604,0.0004677502438426018,3,3.981317732090761e-09,2,1,1
K2_early_m41,2,41,17,9,ipopt,0.009416523474092766,0.1288524167612195,100,1.9081958235744878e-17,2,1,0
K2_early_m41,2,41,18,0,ccp,0.014395754656999906,0.0004897499457001686,3,2.6055546609171643e-15,2,1,1
K2_early_m41,2,41,18,0,ipopt,0.014335947510221186,0.11677770782262087,100,5.972399183150172e-05,1,0,0
K2_early_m41,2,41,18,1,ccp,0.010130811665480615,0.00035954220220446587,2,9.774271650733746e-09,2,1,1
K2_early_m41,2,41,18,1,ipopt,0.010130821439753607,0.11483954079449177,100,1.0807327255335508e-15,2,1,0
K2_early_m41,2,41,18,2,ccp,0.009866616802615084,0.0003625000827014446,2,2.10019115466642e-09,2,1,1
K2_early_m41,2,41,18,2,ipopt,0.014395754656984294,0.11905004223808646,100,1.791275461293651e-14,2,1,0
K2_early_m41,2,41,18,3,ccp,0.009416522739823598,0.0005269576795399189,2,7.342691350775699e-10,2,1,1
K2_early_m41,2,41,18,3,ipopt,0.009416523474092735,0.12280870834365487,100,5.724587470723463e-17,2,1,0
K2_early_m41,2,41,18,4,ccp,0.014395754656769653,0.0006506252102553844,4,2.3284846273341486e-13,2,1,1
K2_early_m41,2,41,18,4,ipopt,0.010130821295801458,0.11697200033813715,100,1.4395322954496859e-10,2,1,0
K2_early_m41,2,41,18,5,ccp,0.014395754656647712,0.0006613750010728836,4,3.546277854704627e-13,2,1,1
K2_early_m41,2,41,18,5,ipopt,0.010130821439754661,0.11805283417925239,100,3.2959746043559335e-17,2,1,0
K2_early_m41,2,41,18,6,ccp,0.010130821376782572,0.000434833113104105,3,6.29721153694307e-11,2,1,1
K2_early_m41,2,41,18,6,ipopt,0.010130821439127302,0.11299262521788478,100,6.27387031215676e-13,2,1,0
K2_early_m41,2,41,18,7,ccp,0.010130821382797951,0.0004890407435595989,3,5.695674314132315e-11,2,1,1
K2_early_m41,2,41,18,7,ipopt,0.010130821438914781,0.11160791711881757,100,8.399062695341186e-13,2,1,0
K2_early_m41,2,41,18,8,ccp,0.00941651972762219,0.0004827091470360756,3,3.746470189636142e-09,2,1,1
K2_early_m41,2,41,18,8,ipopt,0.00941652347409272,0.12498099962249398,100,7.28583859910259e-17,2,1,0
K2_early_m41,2,41,18,9,ccp,0.014395754609615112,0.0006343750283122063,4,4.738723302644132e-11,2,1,1
K2_early_m41,2,41,18,9,ipopt,0.01013082102955581,0.11726566683501005,100,4.101988661936451e-10,2,1,0
K2_early_m41,2,41,19,0,ccp,0.014395754611365604,0.00032362528145313263,2,4.563673917934441e-11,2,1,1
K2_early_m41,2,41,19,0,ipopt,0.01439294011631036,0.11932287504896522,100,2.814356777092533e-06,1,0,0
K2_early_m41,2,41,19,1,ccp,0.01013081825229565,0.00036841677501797676,2,3.1874587917007924e-09,2,1,1
K2_early_m41,2,41,19,1,ipopt,0.01013082143969309,0.11101225018501282,100,6.160350007888837e-14,2,1,0
K2_early_m41,2,41,19,2,ccp,0.009866618872628748,0.0004992922767996788,3,3.0177693677302386e-11,2,1,1
K2_early_m41,2,41,19,2,ipopt,0.009650136825533825,0.11232287483289838,100,0.0002141679065528479,1,0,0
K2_early_m41,2,41,19,3,ccp,0.009416515744294487,0.0003847498446702957,2,7.729797383768111e-09,2,1,1
K2_early_m41,2,41,19,3,ipopt,0.009416523474092761,0.12460516672581434,100,1.9081958235744878e-17,2,1,0
K2_early_m41,2,41,19,4,ccp,0.01439575465678863,0.0006363331340253353,4,2.1373701419857838e-13,2,1,1
K2_early_m41,2,41,19,4,ipopt,0.009995313316443714,0.11603783303871751,100,0.00013504014205133544,1,0,0
K2_early_m41,2,41,19,5,ccp,0.014395754656650207,0.0006053750403225422,4,3.521436614528639e-13,2,1,1
K2_early_m41,2,41,19,5,ipopt,0.010130734808008114,0.1163377077318728,100,8.663155656035704e-08,1,0,0
K2_early_m41,2,41,19,6,ccp,0.010130821382597393,0.0004580840468406677,3,5.71572893182104e-11,2,1,1
K2_early_m41,2,41,19,6,ipopt,0.005945000151242448,0.04659904120489955,37,0.0035742937762581473,1,0,0
K2_early_m41,2,41,19,7,ccp,0.010130821381722829,0.00039354199543595314,3,5.803186750585887e-11,2,1,1
K2_early_m41,2,41,19,7,ipopt,0.005793863823446387,0.09277191618457437,79,0.0037207693010888644,1,0,0
K2_early_m41,2,41,19,8,ccp,0.009416519622940746,0.0005075419321656227,3,3.851151599010283e-09,2,1,1
K2_early_m41,2,41,19,8,ipopt,0.00941652347409273,0.12461237516254187,100,6.245004513516506e-17,2,1,0
K2_early_m41,2,41,19,9,ccp,0.014395754615047818,0.0007071248255670071,4,4.1954590843107376e-11,2,1,1
K2_early_m41,2,41,19,9,ipopt,0.014395754013857925,0.12050616694614291,100,6.43144409256946e-10,2,1,0
K2_mid_m1641,2,1641,0,0,ccp,0.0002355997796346231,0.015290000010281801,2,1.6547435702219098e-09,2,1,1
K2_mid_m1641,2,1641,0,0,ipopt,0.00023300672341959225,0.11055133398622274,100,2.5885165374151724e-06,1,0,0
K2_mid_m1641,2,1641,0,1,ccp,0.0001419332388810316,0.010270125232636929,2,9.273928355428085e-09,2,1,1
K2_mid_m1641,2,1641,0,1,ipopt,0.00013858386931270132,0.1605157908052206,100,3.326835737255335e-06,1,0,0
K2_mid_m1641,2,1641,0,2,ccp,0.00013992228668497286,0.01529287500306964,3,4.150488302654895e-12,2,1,1
K2_mid_m1641,2,1641,0,2,ipopt,0.0001297597023924681,0.14391575008630753,100,1.0018239521540417e-05,1,0,0
K2_mid_m1641,2,1641,0,3,ccp,0.00011840333502898676,0.010600750334560871,2,9.229943931957042e-10,2,1,1
K2_mid_m1641,2,1641,0,3,ipopt,0.00011840425802710436,0.1462586666457355,100,-7.589415207398531e-19,2,1,0
K2_mid_m1641,2,1641,0,4,ccp,0.00011567114105945353,0.015043999999761581,3,7.29532321326002e-12,2,1,1
K2_mid_m1641,2,1641,0,4,ipopt,0.00011164169022388109,0.13390108291059732,100,3.935350600761892e-06,1,0,0
K2_mid_m1641,2,1641,0,5,ccp,0.00010907097140215903,0.015068791806697845,3,4.5876092828007684e-11,2,1,1
K2_mid_m1641,2,1641,0,5,ipopt,9.552360941078803e-05,0.07946987496688962,75,1.3338339670909252e-05,1,0,1
K2_mid_m1641,2,1641,0,6,ccp,9.697403461135273e-05,0.01492825010791421,3,4.3311006365544247e-13,3,1,1
K2_mid_m1641,2,1641,0,6,ipopt,9.108483845156551e-05,0.17995941685512662,100,5.739167753827926e-06,1,0,0
K2_mid_m1641,2,1641,0,7,ccp,8.886589850222535e-05,0.010498249903321266,2,3.164590650753295e-10,2,1,1
K2_mid_m1641,2,1641,0,7,ipopt,8.846797578188027e-05,0.16396191716194153,100,3.9706777319214505e-07,1,0,0
K2_mid_m1641,2,1641,0,8,ccp,9.514276172480855e-05,0.01548187481239438,3,2.9777015819439437e-10,2,1,1
K2_mid_m1641,2,1641,0,8,ipopt,8.829568126102866e-05,0.15911183366551995,100,6.444276479146782e-06,1,0,0
K2_mid_m1641,2,1641,0,9,ccp,9.001141077551937e-05,0.015318375080823898,3,4.843284570599758e-11,2,1,1
K2_mid_m1641,2,1641,0,9,ipopt,8.696262212535416e-05,0.1542499167844653,100,2.9288980687100654e-06,1,0,0
K2_mid_m1641,2,1641,1,0,ccp,0.000235601434202599,0.014818249735981226,3,1.7966869853870693e-13,2,1,1
K2_mid_m1641,2,1641,1,0,ipopt,0.00022841294143733943,0.13157429127022624,100,7.10953377379669e-06,1,0,0
K2_mid_m1641,2,1641,1,1,ccp,0.00013992228932372818,0.015077707823365927,3,1.5117857866172452e-12,2,1,1
K2_mid_m1641,2,1641,1,1,ipopt,0.00013197196992467295,0.12935725040733814,100,7.86320451601281e-06,1,0,0
K2_mid_m1641,2,1641,1,2,ccp,0.00013410001413316302,0.015536040998995304,3,1.2282022187476427e-12,2,1,1
K2_mid_m1641,2,1641,1,2,ipopt,0.00012888435863255953,0.15268162498250604,100,5.179345983260392e-06,1,0,0
K2_mid_m1641,2,1641,1,3,ccp,0.00011840408900332762,0.01054583303630352,2,1.6902370186800113e-10,2,1,1
K2_mid_m1641,2,1641,1,3,ipopt,0.00011794257469056055,0.13321866700425744,100,4.6125604440337947e-07,1,0,0
K2_mid_m1641,2,1641,1,4,ccp,0.00011567114182120574,0.015255708247423172,3,6.5335659517155864e-12,2,1,1
K2_mid_m1641,2,1641,1,4,ipopt,0.00011567114835477304,0.14229608280584216,100,6.7898161051904715e-18,2,1,0
K2_mid_m1641,2,1641,1,5,ccp,9.514305360421092e-05,0.015055499970912933,3,5.8904300165828205e-12,2,1,1
K2_mid_m1641,2,1641,1,5,ipopt,9.259171973417866e-05,0.16960304183885455,100,2.4947066196538556e-06,1,0,0
K2_mid_m1641,2,1641,1,6,ccp,0.00010907086062283963,0.014894667081534863,3,1.5665559653524688e-10,2,1,1
K2_mid_m1641,2,1641,1,6,ipopt,9.103723932211906e-05,0.07944170804694295,75,1.7647277505218934e-05,1,0,1
K2_mid_m1641,2,1641,1,7,ccp,9.000288062366692e-05,0.010706915985792875,2,8.57761581169814e-09,2,1,1
K2_mid_m1641,2,1641,1,7,ipopt,8.899497823290116e-05,0.15054279193282127,100,1.0029694319158748e-06,1,0,0
K2_mid_m1641,2,1641,1,8,ccp,8.875387619522532e-05,0.015112750232219696,3,7.348234705179674e-13,2,1,1
K2_mid_m1641,2,1641,1,8,ipopt,8.77359999377973e-05,0.12156095914542675,100,9.691793003816543e-07,1,0,0
K2_mid_m1641,2,1641,1,9,ccp,8.858214384797924e-05,0.014953041914850473,3,1.0465814277499028e-11,2,1,1
K2_mid_m1641,2,1641,1,9,ipopt,9.697403504449866e-05,0.15801762510091066,100,-1.395910297075087e-18,3,1,0
K2_mid_m1641,2,1641,2,0,ccp,0.00023559242432447678,0.010196250397711992,2,9.009935839863212e-09,2,1,1
K2_mid_m1641,2,1641,2,0,ipopt,0.00023560143438233305,0.19058170821517706,100,-3.333921680392926e-18,2,1,0
K2_mid_m1641,2,1641,2,1,ccp,0.0001419425128788435,0.014995125122368336,3,1.71014542587819e-13,2,1,1
K2_mid_m1641,2,1641,2,1,ipopt,0.00013773942721973312,0.14276041695848107,100,4.153171135358528e-06,1,0,0
K2_mid_m1641,2,1641,2,2,ccp,0.00013992228976529185,0.015174041967839003,3,1.0698577440626522e-12,2,1,1
K2_mid_m1641,2,1641,2,2,ipopt,0.00013261501082537314,0.12502550007775426,100,7.233981791236651e-06,1,0,0
K2_mid_m1641,2,1641,2,3,ccp,0.0001156705576712653,0.010468750260770321,2,5.90681482608049e-10,2,1,1
K2_mid_m1641,2,1641,2,3,ipopt,0.0001156676826584574,0.13115633418783545,100,3.465626587627075e-09,2,1,0
K2_mid_m1641,2,1641,2,4,ccp,0.00011840420502536638,0.015362291596829891,3,5.300170504850439e-11,2,1,1
K2_mid_m1641,2,1641,2,4,ipopt,0.00011840425802710176,0.18513287464156747,100,2.520770051028798e-18,2,1,0
K2_mid_m1641,2,1641,2,5,ccp,0.00010906584770003152,0.010413333307951689,2,5.169247329961163e-09,2,1,1
K2_mid_m1641,2,1641,2,5,ipopt,0.0001080980704838027,0.07762104086577892,75,9.611780653762255e-07,1,0,1
K2_mid_m1641,2,1641,2,6,ccp,9.697403419215182e-05,0.014814166817814112,3,8.521949693227754e-13,3,1,1
K2_mid_m1641,2,1641,2,6,ipopt,9.514305949428125e-05,0.131288708653301,100,2.8324781756183803e-18,2,1,0
K2_mid_m1641,2,1641,2,7,ccp,8.886621192633363e-05,0.01062304200604558,2,3.035359642670002e-12,2,1,1
K2_mid_m1641,2,1641,2,7,ipopt,9.173100834492659e-05,0.1357889580540359,100,1.8404331877941438e-17,3,1,0
K2_mid_m1641,2,1641,2,8,ccp,9.514284341885005e-05,0.01496624993160367,3,2.1607515211482294e-10,2,1,1
K2_mid_m1641,2,1641,2,8,ipopt,9.5143059494314e-05,0.18478512484580278,100,6.071532165918825e-18,2,1,0
K2_mid_m1641,2,1641,2,9,ccp,8.517945259729504e-05,0.01020395802333951,2,1.8816240977977648e-11,2,1,1
K2_mid_m1641,2,1641,2,9,ipopt,8.5179471413524e-05,0.18355266703292727,100,1.054386612742153e-17,2,1,0
K2_mid_m1641,2,1641,3,0,ccp,0.00023560127107487283,0.010385457891970873,2,1.6331201785325065e-10,2,1,1
K2_mid_m1641,2,1641,3,0,ipopt,0.00023478406066529617,0.12480362504720688,100,8.167623925747986e-07,1,0,0
K2_mid_m1641,2,1641,3,1,ccp,0.00013871550158155751,0.010403125081211329,2,1.913335085528857e-11,2,1,1
K2_mid_m1641,2,1641,3,1,ipopt,0.00013853058392106253,0.12708887504413724,100,1.848901561930566e-07,1,0,0
K2_mid_m1641,2,1641,3,2,ccp,0.00014194249496072317,0.015523625072091818,3,1.8089343635204272e-11,2,1,1
K2_mid_m1641,2,1641,3,2,ipopt,0.00012864934829072677,0.16100912494584918,100,1.278232592245065e-05,1,0,0
K2_mid_m1641,2,1641,3,3,ccp,0.00011839813593161582,0.01050095772370696,2,6.121933936702054e-09,2,1,1
K2_mid_m1641,2,1641,3,3,ipopt,0.00011651246466445365,0.1418948327191174,100,1.8763164652278909e-06,1,0,0
K2_mid_m1641,2,1641,3,4,ccp,0.00011566325229760708,0.01054854178801179,2,7.895695213014928e-09,2,1,1
K2_mid_m1641,2,1641,3,4,ipopt,0.00011405577381349338,0.13385416567325592,89,1.6002369731935349e-06,1,0,1
K2_mid_m1641,2,1641,3,5,ccp,0.00010907065566648982,0.010260041803121567,2,3.6161073576701855e-10,2,1,1
K2_mid_m1641,2,1641,3,5,ipopt,0.00010881340392228478,0.07875208323821425,75,2.56790160609827e-07,1,0,1
K2_mid_m1641,2,1641,3,6,ccp,8.85820794640429e-05,0.01038404181599617,2,7.485027182752794e-11,2,1,1
K2_mid_m1641,2,1641,3,6,ipopt,8.840694232183435e-05,0.13698204094544053,100,1.750728699005205e-07,1,0,0
K2_mid_m1641,2,1641,3,7,ccp,9.001145173417142e-05,0.014882917050272226,3,7.474205932986311e-12,2,1,1
K2_mid_m1641,2,1641,3,7,ipopt,8.81079875726591e-05,0.1319953748025,100,1.856373323647553e-06,1,0,0
K2_mid_m1641,2,1641,3,8,ccp,9.514301183930558e-05,0.015541499946266413,3,4.7654961032005116e-11,2,1,1
K2_mid_m1641,2,1641,3,8,ipopt,9.51430594943012e-05,0.16342208394780755,100,1.6805133673525319e-18,2,1,0
K2_mid_m1641,2,1641,3,9,ccp,8.886617928521683e-05,0.015345999971032143,3,3.567663617873654e-11,2,1,1
K2_mid_m1641,2,1641,3,9,ipopt,8.602793845548175e-05,0.14573337510228157,100,2.342518610163791e-06,1,0,0
K2_mid_m1641,2,1641,4,0,ccp,0.0002356014341070604,0.01529608340933919,3,2.752720740153286e-13,2,1,1
K2_mid_m1641,2,1641,4,0,ipopt,0.00022760936926306515,0.14194937516003847,100,7.894351857018933e-06,1,0,0
K2_mid_m1641,2,1641,4,1,ccp,0.00014194059213748066,0.010695499833673239,2,1.920905829094332e-09,2,1,1
K2_mid_m1641,2,1641,4,1,ipopt,0.00013982953659791232,0.18082500016316772,100,2.1063883149620368e-06,1,0,0
K2_mid_m1641,2,1641,4,2,ccp,0.00013992227979830714,0.014828166924417019,3,1.1036930700966674e-11,2,1,1
K2_mid_m1641,2,1641,4,2,ipopt,0.0001270567408016149,0.12835554173216224,100,1.2630148388631887e-05,1,0,0
K2_mid_m1641,2,1641,4,3,ccp,0.00011840423012378365,0.015398499555885792,3,2.7903347004937934e-11,2,1,1
K2_mid_m1641,2,1641,4,3,ipopt,0.00011840425802710176,0.18169954093173146,100,2.520770051028798e-18,2,1,0
K2_mid_m1641,2,1641,4,4,ccp,0.00011567108055798012,0.015317750163376331,3,6.779676388975371e-11,2,1,1
K2_mid_m1641,2,1641,4,4,ipopt,0.00010863234810931503,0.1330197500064969,97,6.75182866996204e-06,1,0,1
K2_mid_m1641,2,1641,4,5,ccp,9.697403481787482e-05,0.015098624862730503,3,2.2655525188080422e-13,3,1,1
K2_mid_m1641,2,1641,4,5,ipopt,0.00013410001453510408,0.1319772908464074,100,8.261839563178386e-13,2,1,0
K2_mid_m1641,2,1641,4,6,ccp,9.518549466570994e-05,0.015244000125676394,3,1.0652795757060823e-11,2,1,1
K2_mid_m1641,2,1641,4,6,ipopt,9.697383706848894e-05,0.1419907920062542,100,1.979758883143435e-10,3,1,0
K2_mid_m1641,2,1641,4,7,ccp,9.514301653678432e-05,0.015142791904509068,3,4.2957543297810104e-11,2,1,1
K2_mid_m1641,2,1641,4,7,ipopt,9.514305949429903e-05,0.19623187510296702,100,9.269928574751063e-18,2,1,0
K2_mid_m1641,2,1641,4,8,ccp,8.886621021690459e-05,0.015047249849885702,3,4.744843800090666e-12,2,1,1
K2_mid_m1641,2,1641,4,8,ipopt,0.00011840425787263504,0.13091491721570492,100,1.5446445392284375e-13,2,1,0
K2_mid_m1641,2,1641,4,9,ccp,8.51794503719961e-05,0.010550416074693203,2,2.1041695783766828e-11,2,1,1
K2_mid_m1641,2,1641,4,9,ipopt,8.517947141349711e-05,0.14319537486881018,100,3.140120542061142e-17,2,1,0
K2_mid_m1641,2,1641,5,0,ccp,0.00023560142008519102,0.015407625120133162,3,1.4306605948749898e-11,2,1,1
K2_mid_m1641,2,1641,5,0,ipopt,0.00023560143438233327,0.17483166698366404,100,-3.0086610286472748e-18,2,1,0
K2_mid_m1641,2,1641,5,1,ccp,0.00014194251295570107,0.010520749725401402,2,9.747966865127078e-14,2,1,1
K2_mid_m1641,2,1641,5,1,ipopt,0.00014192749956800006,0.12856479175388813,93,1.5013154677101124e-08,2,0,0
K2_mid_m1641,2,1641,5,2,ccp,0.00013991666572906207,0.010071333032101393,2,5.624988160993867e-09,2,1,1
K2_mid_m1641,2,1641,5,2,ipopt,0.00013792399743792249,0.1308293342590332,100,1.9833633557103452e-06,1,0,0
K2_mid_m1641,2,1641,5,3,ccp,0.00011567026112225967,0.010473625268787146,2,8.872279466150138e-10,2,1,1
K2_mid_m1641,2,1641,5,3,ipopt,0.00011840425802710003,0.17853491567075253,100,2.6522295644426652e-17,2,1,0
K2_mid_m1641,2,1641,5,4,ccp,0.00011840425402500493,0.015459875110536814,3,4.002099920994567e-12,2,1,1
K2_mid_m1641,2,1641,5,4,ipopt,0.00011309947544478637,0.1381204999051988,100,5.182284272502272e-06,1,0,0
K2_mid_m1641,2,1641,5,5,ccp,9.697354074200736e-05,0.010398833081126213,2,4.943017240096811e-10,3,1,1
K2_mid_m1641,2,1641,5,5,ipopt,9.697403504449866e-05,0.18102158373221755,100,4.2012834183813297e-19,3,1,0
K2_mid_m1641,2,1641,5,6,ccp,9.514261922519813e-05,0.014999791979789734,3,4.402673418435303e-10,2,1,1
K2_mid_m1641,2,1641,5,6,ipopt,8.75847241688819e-05,0.15649583376944065,100,7.068048063262362e-06,2,0,0
K2_mid_m1641,2,1641,5,7,ccp,8.930119865269772e-05,0.01513470895588398,3,2.0067700485289913e-12,2,1,1
K2_mid_m1641,2,1641,5,7,ipopt,8.757309153662043e-05,0.139358791988343,100,1.691106714165629e-06,1,0,0
K2_mid_m1641,2,1641,5,8,ccp,9.001143392747238e-05,0.014821792021393776,3,2.5281038303374623e-11,2,1,1
K2_mid_m1641,2,1641,5,8,ipopt,9.00114592083973e-05,0.1402923329733312,100,2.858227977214911e-17,2,1,0
K2_mid_m1641,2,1641,5,9,ccp,8.875368999844207e-05,0.014679457992315292,3,1.869313092988864e-10,2,1,1
K2_mid_m1641,2,1641,5,9,ipopt,8.875387693007024e-05,0.1174692502245307,100,2.9544509200229996e-18,2,1,0
K2_mid_m1641,2,1641,6,0,ccp,0.00023560090541009573,0.015449249651283026,3,5.289717799796933e-10,2,1,1
K2_mid_m1641,2,1641,6,0,ipopt,0.00023560143438233305,0.18713979236781597,100,-3.333921680392926e-18,2,1,0
K2_mid_m1641,2,1641,6,1,ccp,0.0001419411841281908,0.010912416968494654,2,1.3289181987371883e-09,2,1,1
K2_mid_m1641,2,1641,6,1,ipopt,0.00014066798441081407,0.14222158305346966,100,1.2699708473340346e-06,1,0,0
K2_mid_m1641,2,1641,6,2,ccp,0.0001387142227233997,0.010783749632537365,2,1.2979860809488129e-09,2,1,1
K2_mid_m1641,2,1641,6,2,ipopt,0.00013719863357545626,0.1555435829795897,100,1.5137232708024861e-06,1,0,0
K2_mid_m1641,2,1641,6,3,ccp,0.00011840420730880414,0.010476458817720413,2,5.0718283075407676e-11,2,1,1
K2_mid_m1641,2,1641,6,3,ipopt,0.0001182317981113061,0.11983308428898454,100,1.723316999350269e-07,1,0,0
K2_mid_m1641,2,1641,6,4,ccp,0.0001156710218558764,0.015479541849344969,3,1.2649880329427404e-10,2,1,1
K2_mid_m1641,2,1641,6,4,ipopt,0.00010744336864077636,0.09758004173636436,72,7.835722262117324e-06,1,0,1
K2_mid_m1641,2,1641,6,5,ccp,0.00010907097925746387,0.015258584171533585,3,3.802136996087016e-11,2,1,1
K2_mid_m1641,2,1641,6,5,ipopt,9.611025360025993e-05,0.07942812517285347,75,1.2770442841151026e-05,1,0,1
K2_mid_m1641,2,1641,6,6,ccp,9.514304729794031e-05,0.014883708208799362,3,1.219642307070598e-11,2,1,1
K2_mid_m1641,2,1641,6,6,ipopt,0.00013410001536128327,0.1250827917829156,100,5.692061405548898e-19,2,1,0
K2_mid_m1641,2,1641,6,7,ccp,8.886572458187457e-05,0.010794541798532009,2,4.903782800696121e-10,2,1,1
K2_mid_m1641,2,1641,6,7,ipopt,8.866102133745369e-05,0.14159745816141367,100,2.03378429796056e-07,1,0,0
K2_mid_m1641,2,1641,6,8,ccp,8.858208989984617e-05,0.015134833287447691,3,6.441455516496743e-11,2,1,1
K2_mid_m1641,2,1641,6,8,ipopt,8.858215431452668e-05,0.1490008751861751,100,1.0462550964485118e-17,2,1,0
K2_mid_m1641,2,1641,6,9,ccp,8.526674863173437e-05,0.010696416720747948,2,3.8240769235822324e-09,2,1,1
K2_mid_m1641,2,1641,6,9,ipopt,8.398463095989203e-05,0.14844095800071955,100,1.277348216037461e-06,1,0,0
K2_mid_m1641,2,1641,7,0,ccp,0.0002355965679541874,0.010255458764731884,2,4.8663923270849535e-09,2,1,1
K2_mid_m1641,2,1641,7,0,ipopt,0.00023213929613991524,0.1501442501321435,100,3.443921064739399e-06,1,0,0
K2_mid_m1641,2,1641,7,1,ccp,0.00013992229051094105,0.010600208304822445,2,3.2460717599124e-13,2,1,1
K2_mid_m1641,2,1641,7,1,ipopt,0.00013990708149097552,0.1207651668228209,100,1.5208482911834714e-08,2,0,0
K2_mid_m1641,2,1641,7,2,ccp,0.00014194249803902077,0.01567108277231455,3,1.5012876114798776e-11,2,1,1
K2_mid_m1641,2,1641,7,2,ipopt,0.00012924516500053347,0.14158816682174802,100,1.223200090296706e-05,1,0,0
K2_mid_m1641,2,1641,7,3,ccp,0.00011840265372840397,0.01055083330720663,2,1.6042874510265167e-09,2,1,1
K2_mid_m1641,2,1641,7,3,ipopt,0.00011743501123947456,0.13637387519702315,100,9.651911051066896e-07,1,0,0
K2_mid_m1641,2,1641,7,4,ccp,0.00011566491002628948,0.010562499985098839,2,6.238102563544128e-09,2,1,1
K2_mid_m1641,2,1641,7,4,ipopt,0.00011423537933869204,0.13078766595572233,100,1.423809542446238e-06,1,0,1
K2_mid_m1641,2,1641,7,5,ccp,0.00010906611058653917,0.014875791035592556,3,4.906394000201439e-09,2,1,1
K2_mid_m1641,2,1641,7,5,ipopt,9.625040475810942e-05,0.08013733383268118,75,1.06483022753687e-05,1,0,1
K2_mid_m1641,2,1641,7,6,ccp,9.697403383010484e-05,0.015209208242595196,3,1.2142403239562977e-12,3,1,1
K2_mid_m1641,2,1641,7,6,ipopt,9.697403504449497e-05,0.18471770826727152,100,6.46455545344482e-18,3,1,0
K2_mid_m1641,2,1641,7,7,ccp,8.874656070226739e-05,0.010592999868094921,2,7.315771692622706e-09,2,1,1
K2_mid_m1641,2,1641,7,7,ipopt,8.715192128922692e-05,0.1763893747702241,100,1.5798679423567185e-06,1,0,0
K2_mid_m1641,2,1641,7,8,ccp,9.51424742727941e-05,0.014999874867498875,3,5.852189142899027e-10,2,1,1
K2_mid_m1641,2,1641,7,8,ipopt,8.702088122046654e-05,0.18368262518197298,100,7.556782791348391e-06,2,0,0
K2_mid_m1641,2,1641,7,9,ccp,0.0001546120492662702,0.02016945881769061,4,5.724289296152492e-11,2,1,1
K2_mid_m1641,2,1641,7,9,ipopt,8.491388206254382e-05,0.11338158277794719,69,4.6279852294443146e-05,1,0,1
K2_mid_m1641,2,1641,8,0,ccp,0.00023560061978649132,0.01532941684126854,3,8.145948463835449e-10,2,1,1
K2_mid_m1641,2,1641,8,0,ipopt,0.00017895088033289565,0.12695645773783326,100,5.133199254146674e-05,1,0,0
K2_mid_m1641,2,1641,8,1,ccp,0.00014193579008074295,0.01082191662862897,2,6.722843322212431e-09,2,1,1
K2_mid_m1641,2,1641,8,1,ipopt,0.0001380088264921974,0.14937824988737702,100,3.910628626902331e-06,1,0,0
K2_mid_m1641,2,1641,8,2,ccp,0.00013992215550462698,0.01573120802640915,3,1.3533032054463719e-10,2,1,1
K2_mid_m1641,2,1641,8,2,ipopt,0.00023560143438233305,0.15975433308631182,100,2.6291902682773483e-18,2,1,0
K2_mid_m1641,2,1641,8,3,ccp,0.00011566736051116483,0.010339624714106321,2,3.7877603666156955e-09,2,1,1
K2_mid_m1641,2,1641,8,3,ipopt,0.00011840425798651487,0.13390083331614733,100,4.058430295387355e-14,2,1,0
K2_mid_m1641,2,1641,8,4,ccp,0.00011840425242462191,0.014992041047662497,3,5.6024835514085006e-12,2,1,1
K2_mid_m1641,2,1641,8,4,ipopt,0.00011019273745470825,0.1429884172976017,100,8.066582532677925e-06,1,0,0
K2_mid_m1641,2,1641,8,5,ccp,0.00010906332157688125,0.015359040815383196,3,7.694968049229032e-09,2,1,1
K2_mid_m1641,2,1641,8,5,ipopt,9.479578653077625e-05,0.07882549986243248,75,1.1551135569391892e-05,1,0,1
K2_mid_m1641,2,1641,8,6,ccp,9.696994679992766e-05,0.010499249678105116,2,4.088174781517674e-09,3,1,1
K2_mid_m1641,2,1641,8,6,ipopt,9.456597021151075e-05,0.14133366709575057,100,2.383487645786985e-06,1,0,0
K2_mid_m1641,2,1641,8,7,ccp,9.514303711456685e-05,0.01562454178929329,3,2.2379740869196176e-11,2,1,1
K2_mid_m1641,2,1641,8,7,ipopt,9.51430594943012e-05,0.172946416772902,100,1.6805133673525319e-18,2,1,0
K2_mid_m1641,2,1641,8,8,ccp,9.001145455218742e-05,0.015115125104784966,3,4.65622064017325e-12,2,1,1
K2_mid_m1641,2,1641,8,8,ipopt,9.001145919564166e-05,0.12572145881131291,100,1.2768445697454445e-14,2,1,0
K2_mid_m1641,2,1641,8,9,ccp,8.875360336340439e-05,0.015292000025510788,3,2.735660109901006e-10,2,1,1
K2_mid_m1641,2,1641,8,9,ipopt,8.875387693006807e-05,0.12627916736528277,100,5.244828009398628e-18,2,1,0
K2_mid_m1641,2,1641,9,0,ccp,0.00023560126828534164,0.014564166776835918,3,1.6609691643994576e-10,2,1,1
K2_mid_m1641,2,1641,9,0,ipopt,0.00019692874537272022,0.13515541702508926,100,3.627182717063547e-05,1,0,0
K2_mid_m1641,2,1641,9,1,ccp,0.0001419388195241279,0.01083533326163888,2,3.6934884376752138e-09,2,1,1
K2_mid_m1641,2,1641,9,1,ipopt,0.00013901890174796436,0.14208133425563574,100,2.9109435980961547e-06,1,0,0
K2_mid_m1641,2,1641,9,2,ccp,0.0001387155198579993,0.01489179115742445,3,8.567574004848116e-13,2,1,1
K2_mid_m1641,2,1641,9,2,ipopt,0.00013216485425311198,0.13593429187312722,100,6.489731505067306e-06,1,0,0
K2_mid_m1641,2,1641,9,3,ccp,0.00010907097520135768,0.01522287493571639,3,4.207650102904664e-11,2,1,1
K2_mid_m1641,2,1641,9,3,ipopt,0.00010508018060095272,0.0799644161015749,75,3.7906165995621016e-06,1,0,1
K2_mid_m1641,2,1641,9,4,ccp,0.0001184041576742928,0.015574957709759474,3,1.0035284666513704e-10,2,1,1
K2_mid_m1641,2,1641,9,4,ipopt,0.00010215817786466894,0.15283433394506574,100,1.5632467081502357e-05,1,0,0
K2_mid_m1641,2,1641,9,5,ccp,9.697378111801617e-05,0.010676708072423935,2,2.5392606871614976e-10,3,1,1
K2_mid_m1641,2,1641,9,5,ipopt,9.633810160330093e-05,0.14674704195931554,100,6.344069383505782e-07,1,0,0
K2_mid_m1641,2,1641,9,6,ccp,0.00011567053154720665,0.015467790886759758,3,6.168051070983352e-10,2,1,1
K2_mid_m1641,2,1641,9,6,ipopt,9.401424341392477e-05,0.15340862469747663,100,2.0790529273309095e-05,1,0,0
K2_mid_m1641,2,1641,9,7,ccp,9.513679702166699e-05,0.010290124919265509,2,6.262128599845117e-09,2,1,1
K2_mid_m1641,2,1641,9,7,ipopt,9.514305949429903e-05,0.19202233292162418,100,9.269928574751063e-18,2,1,0
K2_mid_m1641,2,1641,9,8,ccp,9.00112436542646e-05,0.015615541022270918,3,2.1555352793488358e-10,2,1,1
K2_mid_m1641,2,1641,9,8,ipopt,8.556246819517205e-05,0.15613279212266207,100,4.195784294302703e-06,1,0,0
K2_mid_m1641,2,1641,9,9,ccp,8.875350089004733e-05,0.015075833071023226,3,3.7603868903814987e-10,2,1,1
K2_mid_m1641,2,1641,9,9,ipopt,8.496425164400206e-05,0.1287361248396337,100,2.6869283030061278e-06,1,0,0
K2_mid_m1641,2,1641,10,0,ccp,0.00023560143019492092,0.015045082662254572,3,4.187404980052212e-12,2,1,1
K2_mid_m1641,2,1641,10,0,ipopt,0.00021990759184227797,0.1359638748690486,100,1.5312720054973456e-05,1,0,0
K2_mid_m1641,2,1641,10,1,ccp,0.0001399207176564453,0.010476083029061556,2,1.5731699044851683e-09,2,1,1
K2_mid_m1641,2,1641,10,1,ipopt,0.00023560143438233327,0.16143162501975894,100,-9.486769009248164e-19,2,1,0
K2_mid_m1641,2,1641,10,2,ccp,0.00014194249747441316,0.014969583135098219,3,1.5578762807772276e-11,2,1,1
K2_mid_m1641,2,1641,10,2,ipopt,0.00012912934967962203,0.13676191680133343,100,1.2339145325668727e-05,1,0,0
K2_mid_m1641,2,1641,10,3,ccp,0.00011840425077965042,0.015683708246797323,3,7.247526106275888e-12,2,1,1
K2_mid_m1641,2,1641,10,3,ipopt,0.0001184042580271022,0.17250395892187953,100,4.919567357652976e-18,2,1,0
K2_mid_m1641,2,1641,10,4,ccp,0.0001156711376046908,0.015045332722365856,3,1.0750081326418165e-11,2,1,1
K2_mid_m1641,2,1641,10,4,ipopt,0.00013871552071494922,0.1402999171987176,100,3.198396408832238e-18,2,1,0
K2_mid_m1641,2,1641,10,5,ccp,0.0001090710136039961,0.015119832940399647,3,3.6743482198899405e-12,2,1,1
K2_mid_m1641,2,1641,10,5,ipopt,0.00010689429202442454,0.07969387527555227,75,2.1175757931830917e-06,1,0,1
K2_mid_m1641,2,1641,10,6,ccp,9.697247279218005e-05,0.010376208927482367,2,1.562242169422844e-09,3,1,1
K2_mid_m1641,2,1641,10,6,ipopt,9.548155451186927e-05,0.1567921657115221,100,1.4830888658879412e-06,1,0,0
K2_mid_m1641,2,1641,10,7,ccp,9.51395468016098e-05,0.010440292302519083,2,3.512584475793613e-09,2,1,1
K2_mid_m1641,2,1641,10,7,ipopt,9.43207443553592e-05,0.1659462503157556,100,8.164002907006245e-07,1,0,0
K2_mid_m1641,2,1641,10,8,ccp,9.000925707625704e-05,0.01065837498754263,2,2.202068301060964e-09,2,1,1
K2_mid_m1641,2,1641,10,8,ipopt,8.949735343768148e-05,0.12687037512660027,100,5.106374489228502e-07,1,0,0
K2_mid_m1641,2,1641,10,9,ccp,8.88657729475298e-05,0.010387333109974861,2,4.420128602462001e-10,2,1,1
K2_mid_m1641,2,1641,10,9,ipopt,8.867129653084363e-05,0.1364131672307849,100,1.9328226790946146e-07,1,0,0
K2_mid_m1641,2,1641,11,0,ccp,0.00023560142866597554,0.015096459072083235,3,5.716354147845826e-12,2,1,1
K2_mid_m1641,2,1641,11,0,ipopt,0.00021425604853382053,0.14541887491941452,100,2.0900083893574453e-05,1,0,0
K2_mid_m1641,2,1641,11,1,ccp,0.00013871546379099105,0.015375749673694372,3,5.692396911911174e-11,2,1,1
K2_mid_m1641,2,1641,11,1,ipopt,0.00012662224192548925,0.12515054224058986,100,1.1596522000251782e-05,1,0,0
K2_mid_m1641,2,1641,11,2,ccp,0.00014194248751360277,0.015707333106547594,3,2.5538073663167876e-11,2,1,1
K2_mid_m1641,2,1641,11,2,ipopt,0.00013410001535323676,0.11551749985665083,100,8.057383970097587e-15,2,1,0
K2_mid_m1641,2,1641,11,3,ccp,0.00011839666874205153,0.010380083695054054,2,7.589036738915307e-09,2,1,1
K2_mid_m1641,2,1641,11,3,ipopt,0.00011534564404796837,0.1380117922089994,100,3.039427895152534e-06,1,0,0
K2_mid_m1641,2,1641,11,4,ccp,0.00010907099353913303,0.015289833303540945,3,2.3739915876218667e-11,2,1,1
K2_mid_m1641,2,1641,11,4,ipopt,0.00010560876939173428,0.07961579132825136,75,3.311875426384388e-06,1,0,1
K2_mid_m1641,2,1641,11,5,ccp,0.00011567111760535246,0.015069083776324987,3,3.074860873732155e-11,2,1,1
K2_mid_m1641,2,1641,11,5,ipopt,0.00010483347157621984,0.13254858320578933,100,1.0644440571957512e-05,1,0,0
K2_mid_m1641,2,1641,11,6,ccp,0.00015461209115412173,0.019617167301476002,4,1.5355149552039038e-11,2,1,1
K2_mid_m1641,2,1641,11,6,ipopt,9.332148397353198e-05,0.11542475037276745,69,4.403011136179123e-05,1,0,1
K2_mid_m1641,2,1641,11,7,ccp,9.697403491884873e-05,0.01534937508404255,3,1.2730799487520317e-13,3,1,1
K2_mid_m1641,2,1641,11,7,ipopt,9.263215168991957e-05,0.18828050000593066,100,4.261079715690448e-06,1,0,0
K2_mid_m1641,2,1641,11,8,ccp,8.886611992025987e-05,0.010782209224998951,2,9.504138716808462e-11,2,1,1
K2_mid_m1641,2,1641,11,8,ipopt,8.88662149618239e-05,0.13807037472724915,100,-4.472333961502706e-19,2,1,0
K2_mid_m1641,2,1641,11,9,ccp,9.000598687740379e-05,0.01062970794737339,2,5.47193579279715e-09,2,1,1
K2_mid_m1641,2,1641,11,9,ipopt,8.826863512258155e-05,0.13020462496206164,100,1.7342051193175754e-06,1,0,0
K2_mid_m1641,2,1641,12,0,ccp,0.0002355983472815226,0.010384917259216309,2,3.087086358299993e-09,2,1,1
K2_mid_m1641,2,1641,12,0,ipopt,0.00023560143438233305,0.19213875010609627,100,-3.333921680392926e-18,2,1,0
K2_mid_m1641,2,1641,12,1,ccp,0.0001419411626188468,0.010808374732732773,2,1.3504292252584232e-09,2,1,1
K2_mid_m1641,2,1641,12,1,ipopt,0.00014016925945474945,0.1812164168804884,100,1.7686220316642147e-06,1,0,0
K2_mid_m1641,2,1641,12,2,ccp,0.000138715520468857,0.014359415974467993,3,2.462407719134446e-13,2,1,1
K2_mid_m1641,2,1641,12,2,ipopt,0.0001399222908355913,0.15729383286088705,100,-1.3552527156068805e-19,2,1,0
K2_mid_m1641,2,1641,12,3,ccp,0.00011840424237444464,0.014883000403642654,3,1.5652634434903598e-11,2,1,1
K2_mid_m1641,2,1641,12,3,ipopt,0.00011840425802710176,0.18862404208630323,100,2.520770051028798e-18,2,1,0
K2_mid_m1641,2,1641,12,4,ccp,0.00011567106679520513,0.01542074978351593,3,8.155953126406934e-11,2,1,1
K2_mid_m1641,2,1641,12,4,ipopt,0.00023560143438233305,0.16021591611206532,100,-2.0057740190981832e-18,2,1,0
K2_mid_m1641,2,1641,12,5,ccp,0.00010907054563003304,0.015269500203430653,3,4.71648087908361e-10,2,1,1
K2_mid_m1641,2,1641,12,5,ipopt,0.00010181969188761801,0.0797735839150846,75,6.580234602150865e-06,1,0,1
K2_mid_m1641,2,1641,12,6,ccp,8.875372414851547e-05,0.010588333010673523,2,1.5278219509841373e-10,2,1,1
K2_mid_m1641,2,1641,12,6,ipopt,8.852144626634749e-05,0.13979904120787978,100,2.3196942810666953e-07,1,0,0
K2_mid_m1641,2,1641,12,7,ccp,9.001143054099552e-05,0.015220042318105698,3,2.8667761469824277e-11,2,1,1
K2_mid_m1641,2,1641,12,7,ipopt,8.7340662091746e-05,0.15574495773762465,100,2.578535568487699e-06,1,0,0
K2_mid_m1641,2,1641,12,8,ccp,8.858214431953942e-05,0.01524820877239108,3,9.994991759156718e-12,2,1,1
K2_mid_m1641,2,1641,12,8,ipopt,8.679426786596558e-05,0.149661208037287,100,1.7289790332815092e-06,1,0,0
K2_mid_m1641,2,1641,12,9,ccp,8.517940365365987e-05,0.010247624944895506,2,6.775978915333006e-11,2,1,1
K2_mid_m1641,2,1641,12,9,ipopt,8.5179471413524e-05,0.18074325006455183,100,1.054386612742153e-17,2,1,0
K2_mid_m1641,2,1641,13,0,ccp,0.000235601272512186,0.015279333107173443,3,1.618800026751549e-10,2,1,1
K2_mid_m1641,2,1641,13,0,ipopt,0.00019716941721633274,0.16910145804286003,100,3.606190863282734e-05,1,0,0
K2_mid_m1641,2,1641,13,1,ccp,0.0001399222905268385,0.014982291031628847,3,3.0877674007077915e-13,2,1,1
K2_mid_m1641,2,1641,13,1,ipopt,0.00013668126860293204,0.11738987499848008,100,3.2016548358637415e-06,1,0,0
K2_mid_m1641,2,1641,13,2,ccp,0.00014194251257628084,0.015509165823459625,3,4.747834883491592e-13,2,1,1
K2_mid_m1641,2,1641,13,2,ipopt,0.0001345583612465393,0.1449929578229785,100,7.3013569509110254e-06,1,0,0
K2_mid_m1641,2,1641,13,3,ccp,0.0001184010292811931,0.005762875080108643,1,3.2287251959349636e-09,2,1,1
K2_mid_m1641,2,1641,13,3,ipopt,0.0001184010292811931,0.13464441616088152,100,3.228725090076174e-09,2,1,0
K2_mid_m1641,2,1641,13,4,ccp,0.0001156701055021101,0.010237583890557289,2,1.0428463432019365e-09,2,1,1
K2_mid_m1641,2,1641,13,4,ipopt,0.00011567114835477413,0.18205929081887007,100,5.231275482242559e-18,2,1,0
K2_mid_m1641,2,1641,13,5,ccp,0.00010906762937547408,0.014630250167101622,3,3.387760847743085e-09,2,1,1
K2_mid_m1641,2,1641,13,5,ipopt,9.734323839920835e-05,0.07940525002777576,75,9.924299616224594e-06,1,0,1
K2_mid_m1641,2,1641,13,6,ccp,9.001145188251955e-05,0.015238415915518999,3,7.326013114292845e-12,2,1,1
K2_mid_m1641,2,1641,13,6,ipopt,8.811756631074024e-05,0.12875662511214614,100,1.847264456101411e-06,1,0,0
K2_mid_m1641,2,1641,13,7,ccp,8.886617816373371e-05,0.01477291714400053,3,3.679813414701402e-11,2,1,1
K2_mid_m1641,2,1641,13,7,ipopt,8.60103601665502e-05,0.1430692090652883,100,2.3523630135486174e-06,1,0,0
K2_mid_m1641,2,1641,13,8,ccp,8.485451847304627e-05,0.010409375187009573,2,3.299273158616071e-09,2,1,1
K2_mid_m1641,2,1641,13,8,ipopt,8.378746596070545e-05,0.14899487514048815,100,1.0598482405058753e-06,1,0,0
K2_mid_m1641,2,1641,13,9,ccp,8.517939422826191e-05,0.010726999957114458,2,7.718505043820875e-11,2,1,1
K2_mid_m1641,2,1641,13,9,ipopt,8.517947141351229e-05,0.17276699980720878,100,8.077306185017008e-18,2,1,0
K2_mid_m1641,2,1641,14,0,ccp,0.00023560139983483863,0.015082166995853186,3,3.455155104625622e-11,2,1,1
K2_mid_m1641,2,1641,14,0,ipopt,0.00023560143438233327,0.19227704079821706,100,-3.0086610286472748e-18,2,1,0
K2_mid_m1641,2,1641,14,1,ccp,0.00014194251273518172,0.015557125210762024,3,3.152364166144478e-13,2,1,1
K2_mid_m1641,2,1641,14,1,ipopt,0.00013705692587242277,0.1357829999178648,100,4.818034251922093e-06,1,0,0
K2_mid_m1641,2,1641,14,2,ccp,0.00013991746714823484,0.010457583237439394,2,4.823600346568185e-09,2,1,1
K2_mid_m1641,2,1641,14,2,ipopt,0.00013682842840064382,0.14494354091584682,100,3.0810595266315825e-06,1,0,0
K2_mid_m1641,2,1641,14,3,ccp,0.00011567080597471623,0.010511582717299461,2,3.4237935605402076e-10,2,1,1
K2_mid_m1641,2,1641,14,3,ipopt,0.0002356014342698267,0.12877158308401704,100,1.1250798469947254e-13,2,1,0
K2_mid_m1641,2,1641,14,4,ccp,0.00010907042405138533,0.010639917105436325,2,5.932205557942355e-10,2,1,1
K2_mid_m1641,2,1641,14,4,ipopt,0.00010792138306749209,0.07862220797687769,75,1.1482837508910526e-06,1,0,1
K2_mid_m1641,2,1641,14,5,ccp,0.00011840405663335113,0.015000208746641874,3,2.013939562670432e-10,2,1,1
K2_mid_m1641,2,1641,14,5,ipopt,0.00011840425802710003,0.19053179072216153,100,9.039535613097893e-18,2,1,0
K2_mid_m1641,2,1641,14,6,ccp,0.00015461209843210398,0.019381375052034855,4,8.077163666641435e-12,2,1,1
K2_mid_m1641,2,1641,14,6,ipopt,9.763424158979379e-05,0.11376241594552994,69,4.230644146901656e-05,1,0,1
K2_mid_m1641,2,1641,14,7,ccp,9.001133234545289e-05,0.015081916935741901,3,1.2686290132822315e-10,2,1,1
K2_mid_m1641,2,1641,14,7,ipopt,8.61218666009249e-05,0.13145975023508072,100,3.695401827188071e-06,1,0,0
K2_mid_m1641,2,1641,14,8,ccp,8.875376873281353e-05,0.015232209116220474,3,1.0819712412525693e-10,2,1,1
K2_mid_m1641,2,1641,14,8,ipopt,0.00011840425802708918,0.12501666601747274,100,1.974603206639225e-17,2,1,0
K2_mid_m1641,2,1641,14,9,ccp,9.514197601057854e-05,0.014740874990820885,3,1.0834734878218972e-09,2,1,1
K2_mid_m1641,2,1641,14,9,ipopt,8.565079528043053e-05,0.15052616596221924,100,8.7224653855559e-06,2,0,0
K2_mid_m1641,2,1641,15,0,ccp,0.00023560069847551992,0.015238167252391577,3,7.359056060384818e-10,2,1,1
K2_mid_m1641,2,1641,15,0,ipopt,0.00018030319440492156,0.13068079203367233,100,5.024322851389067e-05,1,0,0
K2_mid_m1641,2,1641,15,1,ccp,0.0001419425129424968,0.01531049981713295,3,1.0996872900140287e-13,2,1,1
K2_mid_m1641,2,1641,15,1,ipopt,0.00013679989740307216,0.13606749987229705,100,5.102948086217572e-06,1,0,0
K2_mid_m1641,2,1641,15,2,ccp,0.0001387155127916071,0.01495700003579259,3,7.923141391022112e-12,2,1,1
K2_mid_m1641,2,1641,15,2,ipopt,0.0001313051460044097,0.14815183263272047,100,7.225075128164485e-06,1,0,0
K2_mid_m1641,2,1641,15,3,ccp,0.00011567114745505286,0.015464874915778637,3,8.996884590410301e-13,2,1,1
K2_mid_m1641,2,1641,15,3,ipopt,0.00011105099724976163,0.1798292500898242,100,4.587105460329653e-06,1,0,0
K2_mid_m1641,2,1641,15,4,ccp,0.00010906519477099274,0.015486916061490774,3,5.822087357929212e-09,2,1,1
K2_mid_m1641,2,1641,15,4,ipopt,9.571415650561738e-05,0.07890333328396082,75,1.0989391243330715e-05,1,0,1
K2_mid_m1641,2,1641,15,5,ccp,9.696743633250148e-05,0.010556166991591454,2,6.598529837968984e-09,3,1,1
K2_mid_m1641,2,1641,15,5,ipopt,9.392035740028162e-05,0.14369337540119886,100,3.0140080016536833e-06,1,0,0
K2_mid_m1641,2,1641,15,6,ccp,0.00011840053283448428,0.015273290686309338,3,3.725132823964605e-09,2,1,1
K2_mid_m1641,2,1641,15,6,ipopt,9.173100834491531e-05,0.1440278752706945,100,5.21772295508649e-18,3,1,0
K2_mid_m1641,2,1641,15,7,ccp,9.514297529058906e-05,0.01536745810881257,3,8.420337174643976e-11,2,1,1
K2_mid_m1641,2,1641,15,7,ipopt,9.5143059494314e-05,0.16353658260777593,100,6.071532165918825e-18,2,1,0
K2_mid_m1641,2,1641,15,8,ccp,8.875387638542171e-05,0.01525083277374506,3,5.446446245394032e-13,2,1,1
K2_mid_m1641,2,1641,15,8,ipopt,8.65508829272694e-05,0.12132170796394348,100,2.1610700660903894e-06,1,0,0
K2_mid_m1641,2,1641,15,9,ccp,8.526617560782306e-05,0.01061387499794364,2,4.397062180886476e-09,2,1,1
K2_mid_m1641,2,1641,15,9,ipopt,8.417744443811994e-05,0.13463437464088202,100,1.0832470248579016e-06,1,0,0
K2_mid_m1641,2,1641,16,0,ccp,0.00023560143007716485,0.015078749973326921,3,4.305157304870105e-12,2,1,1
K2_mid_m1641,2,1641,16,0,ipopt,0.00021979969641952547,0.1602173331193626,100,1.5415293940416753e-05,1,0,0
K2_mid_m1641,2,1641,16,1,ccp,0.00014194251286894256,0.015430375002324581,3,1.8409321918440302e-13,2,1,1
K2_mid_m1641,2,1641,16,1,ipopt,0.0001361039644878861,0.13867999985814095,100,5.787223975191384e-06,1,0,0
K2_mid_m1641,2,1641,16,2,ccp,0.00013871550049003307,0.015026832930743694,3,2.0224568249510924e-11,2,1,1
K2_mid_m1641,2,1641,16,2,ipopt,0.00013871552071494922,0.13941925019025803,100,1.0570971181733668e-18,2,1,0
K2_mid_m1641,2,1641,16,3,ccp,0.00011566752320520601,0.010280875023454428,2,3.6250732845074162e-09,2,1,1
K2_mid_m1641,2,1641,16,3,ipopt,0.00011567114835477413,0.15574962506070733,100,5.231275482242559e-18,2,1,0
K2_mid_m1641,2,1641,16,4,ccp,0.00011840422793454528,0.014944791793823242,3,3.009255431646318e-11,2,1,1
K2_mid_m1641,2,1641,16,4,ipopt,0.00010614202369303369,0.14228420797735453,100,1.1926281669792993e-05,1,0,0
K2_mid_m1641,2,1641,16,5,ccp,0.00010907097907519357,0.015199249610304832,3,3.820338639079317e-11,2,1,1
K2_mid_m1641,2,1641,16,5,ipopt,0.00010517467544203952,0.07942804181948304,75,3.7055651471765535e-06,1,0,1
K2_mid_m1641,2,1641,16,6,ccp,9.513397203138102e-05,0.010465082712471485,2,9.0867386842616e-09,2,1,1
K2_mid_m1641,2,1641,16,6,ipopt,9.5143059494314e-05,0.18632083293050528,100,6.071532165918825e-18,2,1,0
K2_mid_m1641,2,1641,16,7,ccp,9.697403459662645e-05,0.014760042075067759,3,4.478705275569317e-13,3,1,1
K2_mid_m1641,2,1641,16,7,ipopt,9.103630197559e-05,0.17300158319994807,100,5.785176704387504e-06,1,0,0
K2_mid_m1641,2,1641,16,8,ccp,9.001070396651113e-05,0.010266249999403954,2,7.552344032275837e-10,2,1,1
K2_mid_m1641,2,1641,16,8,ipopt,8.978133558052402e-05,0.13234245823696256,100,5.113604946576709e-06,1,0,0
K2_mid_m1641,2,1641,16,9,ccp,8.8866120643859e-05,0.015036874916404486,3,9.431770456606783e-11,2,1,1
K2_mid_m1641,2,1641,16,9,ipopt,8.875155533890505e-05,0.12072929227724671,100,2.3213662274433437e-09,2,1,0
K2_mid_m1641,2,1641,17,0,ccp,0.00023559687502201884,0.010451834183186293,2,4.5593288385979616e-09,2,1,1
K2_mid_m1641,2,1641,17,0,ipopt,0.0002322500401044981,0.13469233317300677,100,3.334326595746804e-06,1,0,0
K2_mid_m1641,2,1641,17,1,ccp,0.0001419425128767447,0.015520667191594839,3,1.733309947394429e-13,2,1,1
K2_mid_m1641,2,1641,17,1,ipopt,0.00013616630401310143,0.12136729108169675,100,5.725991716921112e-06,1,0,0
K2_mid_m1641,2,1641,17,2,ccp,0.00013992228091451323,0.0154593326151371,3,9.921517681856992e-12,2,1,1
K2_mid_m1641,2,1641,17,2,ipopt,0.00013223946787531133,0.15598341589793563,100,7.45964308635901e-06,1,0,0
K2_mid_m1641,2,1641,17,3,ccp,0.00011567114782077051,0.015198541805148125,3,5.339735272870405e-13,2,1,1
K2_mid_m1641,2,1641,17,3,ipopt,0.00011840425802710176,0.19045495800673962,100,1.4907779871675686e-17,2,1,0
K2_mid_m1641,2,1641,17,4,ccp,0.00011840425270643598,0.015637707896530628,3,5.320666121772823e-12,2,1,1
K2_mid_m1641,2,1641,17,4,ipopt,0.00011029416903577012,0.14338687481358647,100,7.968843464943671e-06,1,0,0
K2_mid_m1641,2,1641,17,5,ccp,0.00010907101559228099,0.015489624813199043,3,1.6868756825411113e-12,2,1,1
K2_mid_m1641,2,1641,17,5,ipopt,0.00010727823990030569,0.07890708278864622,75,1.752708612849855e-06,1,0,1
K2_mid_m1641,2,1641,17,6,ccp,9.514305887143616e-05,0.015471749939024448,3,6.228318371031411e-13,2,1,1
K2_mid_m1641,2,1641,17,6,ipopt,9.369069724211952e-05,0.13198899989947677,100,1.4339481678340537e-06,1,0,0
K2_mid_m1641,2,1641,17,7,ccp,9.697403475474931e-05,0.014957708306610584,3,2.8974381487828493e-13,3,1,1
K2_mid_m1641,2,1641,17,7,ipopt,9.163927692368203e-05,0.17462012497708201,100,5.212055376630287e-06,1,0,0
K2_mid_m1641,2,1641,17,8,ccp,8.875387658751135e-05,0.015512083191424608,3,3.4259735619181914e-13,2,1,1
K2_mid_m1641,2,1641,17,8,ipopt,8.875387693006546e-05,0.17439529113471508,100,6.098637220230962e-19,2,1,0
K2_mid_m1641,2,1641,17,9,ccp,8.526495583300979e-05,0.010456250049173832,2,5.616736191763321e-09,2,1,1
K2_mid_m1641,2,1641,17,9,ipopt,8.527057282962372e-05,0.190675166901201,100,4.133520782600986e-18,2,1,0
K2_mid_m1641,2,1641,18,0,ccp,0.00023560064646499512,0.014815791975706816,3,7.879163928020596e-10,2,1,1
K2_mid_m1641,2,1641,18,0,ipopt,0.00017939752123107412,0.14699020888656378,100,5.097321933996728e-05,1,0,0
K2_mid_m1641,2,1641,18,1,ccp,0.00014194251295108476,0.015407583210617304,3,9.835898371821084e-14,2,1,1
K2_mid_m1641,2,1641,18,1,ipopt,0.0001369028495050563,0.12846858287230134,100,5.001589658479218e-06,1,0,0
K2_mid_m1641,2,1641,18,2,ccp,0.00013871552050881723,0.014802917372435331,3,2.0645169059550772e-13,2,1,1
K2_mid_m1641,2,1641,18,2,ipopt,0.00013573091724255267,0.16326537542045116,100,2.9547183891847815e-06,1,0,0
K2_mid_m1641,2,1641,18,3,ccp,0.00011567041648445045,0.010115749668329954,2,7.318672316943518e-10,2,1,1
K2_mid_m1641,2,1641,18,3,ipopt,0.00011470280285389746,0.14102570805698633,100,9.66942456751628e-07,1,0,0
K2_mid_m1641,2,1641,18,4,ccp,9.697191993711949e-05,0.01051483303308487,2,2.1150883291299423e-09,3,1,1
K2_mid_m1641,2,1641,18,4,ipopt,9.523863456185346e-05,0.11799987498670816,82,1.7226852375101342e-06,1,0,0
K2_mid_m1641,2,1641,18,5,ccp,9.518521399192283e-05,0.010785874910652637,2,2.913259857960024e-10,2,1,1
K2_mid_m1641,2,1641,18,5,ipopt,9.45547017851807e-05,0.13231970788910985,100,6.303021564758372e-07,1,0,0
K2_mid_m1641,2,1641,18,6,ccp,0.00011840352844070352,0.015012667048722506,3,7.295835169595635e-10,2,1,1
K2_mid_m1641,2,1641,18,6,ipopt,9.30027905962829e-05,0.13592529110610485,100,2.374579931299101e-05,1,0,0
K2_mid_m1641,2,1641,18,7,ccp,9.514305242737256e-05,0.015611750073730946,3,7.066794333954532e-12,2,1,1
K2_mid_m1641,2,1641,18,7,ipopt,9.5143059494314e-05,0.1732672923244536,100,6.071532165918825e-18,2,1,0
K2_mid_m1641,2,1641,18,8,ccp,8.886621322077909e-05,0.015148624777793884,3,1.740884454821956e-12,2,1,1
K2_mid_m1641,2,1641,18,8,ipopt,8.738761591015889e-05,0.1367032090201974,100,1.3691060740165476e-06,1,0,0
K2_mid_m1641,2,1641,18,9,ccp,9.001141711281464e-05,0.01525570871308446,3,4.2095802633090006e-11,2,1,1
K2_mid_m1641,2,1641,18,9,ipopt,8.517947141354785e-05,0.14776316611096263,100,1.3213713977167085e-17,2,1,0
K2_mid_m1641,2,1641,19,0,ccp,0.0002356013910124891,0.015399999916553497,3,4.3362373452126776e-11,2,1,1
K2_mid_m1641,2,1641,19,0,ipopt,0.00023560143438233305,0.18762183422222733,100,-3.333921680392926e-18,2,1,0
K2_mid_m1641,2,1641,19,1,ccp,0.00014194249712203813,0.010407166089862585,2,1.5928615550034678e-11,2,1,1
K2_mid_m1641,2,1641,19,1,ipopt,0.00014180278019946982,0.1382180000655353,100,1.3967821396008323e-07,1,0,0
K2_mid_m1641,2,1641,19,2,ccp,0.0001387153881662862,0.014960166998207569,3,1.3254828769401934e-10,2,1,1
K2_mid_m1641,2,1641,19,2,ipopt,0.00012380704577352438,0.13332133367657661,100,1.4150337770556931e-05,1,0,0
K2_mid_m1641,2,1641,19,3,ccp,0.00011840038594101727,0.010616709012538195,2,3.8720214299252506e-09,2,1,1
K2_mid_m1641,2,1641,19,3,ipopt,0.00011621116020471122,0.15225024987012148,100,2.1833090939476102e-06,1,0,0
K2_mid_m1641,2,1641,19,4,ccp,0.000109071013632908,0.015341666992753744,3,3.6456901408334075e-12,2,1,1
K2_mid_m1641,2,1641,19,4,ipopt,0.00010167737276087419,0.07931204186752439,75,7.3347282339385325e-06,1,0,1
K2_mid_m1641,2,1641,19,5,ccp,8.886621472403277e-05,0.015711667016148567,3,2.3788478511251737e-13,2,1,1
K2_mid_m1641,2,1641,19,5,ipopt,8.869433088433236e-05,0.11809741705656052,100,5.9515803869391085e-08,2,0,0
K2_mid_m1641,2,1641,19,6,ccp,0.00011567114749328183,0.019624332897365093,4,8.614799412026697e-13,2,1,1
K2_mid_m1641,2,1641,19,6,ipopt,8.775931647581406e-05,0.12710525002330542,100,2.335496936825752e-05,1,0,0
K2_mid_m1641,2,1641,19,7,ccp,9.514263102113605e-05,0.014745958149433136,3,4.2847153657130793e-10,2,1,1
K2_mid_m1641,2,1641,19,7,ipopt,8.852444481776496e-05,0.1427589589729905,100,5.764787260506793e-08,1,0,0
K2_mid_m1641,2,1641,19,8,ccp,9.001089643124126e-05,0.015250875148922205,3,5.627730664971688e-10,2,1,1
K2_mid_m1641,2,1641,19,8,ipopt,9.001145920839492e-05,0.12485433276742697,100,1.0828469197698976e-17,2,1,0
K2_mid_m1641,2,1641,19,9,ccp,8.526498538574808e-05,0.010769874788820744,2,5.587186181578766e-09,2,1,1
K2_mid_m1641,2,1641,19,9,ipopt,8.527057282962372e-05,0.18898116704076529,100,4.133520782600986e-18,2,1,0
K2_late_m3195,2,3195,0,0,ccp,9.518539016504162e-05,0.045884708408266306,3,1.1515337350386044e-10,2,1,1
K2_late_m3195,2,3195,0,0,ipopt,8.873214450831e-05,0.13243625033646822,100,6.164281570160055e-06,1,0,0
K2_late_m3195,2,3195,0,1,ccp,8.300043503052502e-05,0.027014083229005337,2,6.066674743999707e-09,2,1,1
K2_late_m3195,2,3195,0,1,ipopt,8.057396522211417e-05,0.1489923340268433,100,2.4059517702479703e-06,1,0,0
K2_late_m3195,2,3195,0,2,ccp,5.308820536350633e-05,0.027011666912585497,2,1.4486567890094944e-11,2,1,1
K2_late_m3195,2,3195,0,2,ipopt,5.301979879604414e-05,0.14845704240724444,100,6.837009195348221e-08,1,0,0
K2_late_m3195,2,3195,0,3,ccp,5.370813319294828e-05,0.03862570831552148,3,3.6206868530902145e-13,2,1,1
K2_late_m3195,2,3195,0,3,ipopt,5.139847713527142e-05,0.15866891667246819,100,2.2612185121201862e-06,1,0,0
K2_late_m3195,2,3195,0,4,ccp,5.0432737730368975e-05,0.026852833107113838,2,1.8738289821773374e-09,2,1,1
K2_late_m3195,2,3195,0,4,ipopt,4.921665080120344e-05,0.1430295412428677,100,1.1920571281337985e-06,1,0,0
K2_late_m3195,2,3195,0,5,ccp,4.9236590381144824e-05,0.04024258395656943,3,6.829986676595325e-13,2,1,1
K2_late_m3195,2,3195,0,5,ipopt,4.791006462983563e-05,0.14305200008675456,100,1.2359568789987977e-06,1,0,0
K2_late_m3195,2,3195,0,6,ccp,4.657330256632925e-05,0.026728167198598385,2,7.741876731435626e-10,2,1,1
K2_late_m3195,2,3195,0,6,ipopt,4.6574076759713133e-05,0.18665300030261278,100,9.324138683375338e-18,2,1,0
K2_late_m3195,2,3195,0,7,ccp,6.805587097682476e-05,0.06125154159963131,4,7.829615726378733e-13,4,1,1
K2_late_m3195,2,3195,0,7,ipopt,4.550809609191403e-05,0.15526733314618468,100,1.78988620425069e-05,1,0,0
K2_late_m3195,2,3195,0,8,ccp,4.577986714597137e-05,0.0392649588175118,3,1.0489359076151002e-11,2,1,1
K2_late_m3195,2,3195,0,8,ipopt,4.577987763486064e-05,0.12854791712015867,100,2.7613951706847994e-16,2,1,0
K2_late_m3195,2,3195,0,9,ccp,4.477497377603878e-05,0.026916000060737133,2,2.726090301876505e-08,3,0,1
K2_late_m3195,2,3195,0,9,ipopt,4.478648933788293e-05,0.17519574984908104,100,1.5741557462346572e-08,3,0,0
K2_late_m3195,2,3195,1,0,ccp,9.518535326060834e-05,0.03860241733491421,3,1.5205780912023754e-10,2,1,1
K2_late_m3195,2,3195,1,0,ipopt,8.826442348717822e-05,0.15096274996176362,100,6.58886063137797e-06,1,0,0
K2_late_m3195,2,3195,1,1,ccp,8.300647647501347e-05,0.03967949980869889,3,2.539376352153188e-11,2,1,1
K2_late_m3195,2,3195,1,1,ipopt,7.089498326918184e-05,0.14180579176172614,100,1.1417685035565033e-05,1,0,0
K2_late_m3195,2,3195,1,2,ccp,6.805530473430596e-05,0.03995245788246393,3,5.670210566268569e-10,4,1,1
K2_late_m3195,2,3195,1,2,ipopt,5.7790254153690336e-05,0.15849020797759295,100,9.356670530453288e-06,1,0,0
K2_late_m3195,2,3195,1,3,ccp,5.477326117757104e-05,0.02643558382987976,2,1.501676482273083e-12,2,1,1
K2_late_m3195,2,3195,1,3,ipopt,5.4072865220792425e-05,0.1823748340830207,100,6.885784246377202e-07,1,0,0
K2_late_m3195,2,3195,1,4,ccp,5.04345450107553e-05,0.027275166008621454,2,6.660767135058514e-11,2,1,1
K2_late_m3195,2,3195,1,4,ipopt,5.043461161851584e-05,0.18855058308690786,100,4.018324301774401e-18,2,1,0
K2_late_m3195,2,3195,1,5,ccp,5.3708132874180376e-05,0.03908650018274784,3,6.808417355287991e-13,2,1,1
K2_late_m3195,2,3195,1,5,ipopt,4.9576518679695075e-05,0.23691191710531712,100,4.065189567366615e-06,1,0,0
K2_late_m3195,2,3195,1,6,ccp,4.923656401617082e-05,0.038988790940493345,3,2.7047840651787426e-11,2,1,1
K2_late_m3195,2,3195,1,6,ipopt,4.92365910632897e-05,0.15204524993896484,100,8.007307382255913e-16,2,1,0
K2_late_m3195,2,3195,1,7,ccp,4.5774669469801155e-05,0.026840041857212782,2,5.206566134793292e-09,2,1,1
K2_late_m3195,2,3195,1,7,ipopt,4.518779225535336e-05,0.16430308297276497,100,5.706278998574842e-07,1,0,0
K2_late_m3195,2,3195,1,8,ccp,4.469485003774187e-05,0.027171208057552576,2,4.4505884959670453e-11,2,1,1
K2_late_m3195,2,3195,1,8,ipopt,4.4481712332288936e-05,0.1455714162439108,100,2.1275517385344056e-07,1,0,0
K2_late_m3195,2,3195,1,9,ccp,4.4777693956229905e-05,0.027128832880407572,2,2.4528462030468253e-08,3,0,1
K2_late_m3195,2,3195,1,9,ipopt,4.315691783432908e-05,0.15659391693770885,100,1.5791443489632427e-06,1,0,0
K2_late_m3195,2,3195,2,0,ccp,8.930119824890922e-05,0.03937925025820732,3,2.4105490010768033e-12,2,1,1
K2_late_m3195,2,3195,2,0,ipopt,8.749209701680393e-05,0.16820958396419883,100,1.768548597819164e-06,1,0,0
K2_late_m3195,2,3195,2,1,ccp,8.300650023884454e-05,0.0397340003401041,3,1.6292856820643298e-12,2,1,1
K2_late_m3195,2,3195,2,1,ipopt,7.681199128086022e-05,0.16788591723889112,100,6.018772155181248e-06,1,0,0
K2_late_m3195,2,3195,2,2,ccp,6.805552718488084e-05,0.039571250323206186,3,3.445727243708537e-10,4,1,1
K2_late_m3195,2,3195,2,2,ipopt,6.805585179110209e-05,0.16372570814564824,100,1.9968245400280374e-11,4,1,0
K2_late_m3195,2,3195,2,3,ccp,5.685117282205562e-05,0.02683895919471979,2,2.3215861410353462e-10,2,1,1
K2_late_m3195,2,3195,2,3,ipopt,5.6851404981663996e-05,0.23648100020363927,100,6.118966010965066e-18,2,1,0
K2_late_m3195,2,3195,2,4,ccp,5.370809424662187e-05,0.03970612492412329,3,3.9308315364630295e-11,2,1,1
K2_late_m3195,2,3195,2,4,ipopt,4.6430423196229986e-05,0.16790212457999587,100,6.772832312632439e-06,1,0,0
K2_late_m3195,2,3195,2,5,ccp,4.657353245063334e-05,0.027578667271882296,2,5.443063395837999e-10,2,1,1
K2_late_m3195,2,3195,2,5,ipopt,4.598375442689865e-05,0.20473129069432616,100,5.876235984213476e-07,1,0,0
K2_late_m3195,2,3195,2,6,ccp,5.043460808357592e-05,0.03920887503772974,3,3.535129640733735e-12,2,1,1
K2_late_m3195,2,3195,2,6,ipopt,4.589254489795235e-05,0.18938241712749004,100,3.7974508581002683e-06,1,0,0
K2_late_m3195,2,3195,2,7,ccp,4.5779845144972475e-05,0.027466624975204468,2,3.248980150536004e-11,2,1,1
K2_late_m3195,2,3195,2,7,ipopt,4.573229492307136e-05,0.18244825024157763,100,4.744888412756956e-08,1,0,0
K2_late_m3195,2,3195,2,8,ccp,4.611128738654332e-05,0.027199167292565107,2,8.844672530613704e-09,2,1,1
K2_late_m3195,2,3195,2,8,ipopt,4.923659106414709e-05,0.15444137481972575,100,8.904010341537205e-18,2,1,0
K2_late_m3195,2,3195,2,9,ccp,4.4759678237674475e-05,0.02723958296701312,2,4.255855807426789e-08,3,0,1
K2_late_m3195,2,3195,2,9,ipopt,4.5468050449668646e-05,0.21016766736283898,100,9.303809892641235e-18,2,1,0
K2_late_m3195,2,3195,3,0,ccp,9.518550311288064e-05,0.03935345821082592,3,2.2056955329037564e-12,2,1,1
K2_late_m3195,2,3195,3,0,ipopt,8.968350901881106e-05,0.1872739582322538,100,5.462012166204374e-06,1,0,0
K2_late_m3195,2,3195,3,1,ccp,8.300647706688345e-05,0.039582124911248684,3,2.4800595726918485e-11,2,1,1
K2_late_m3195,2,3195,3,1,ipopt,7.0963839615317e-05,0.17010420793667436,100,1.1356963557396677e-05,1,0,0
K2_late_m3195,2,3195,3,2,ccp,6.805587090029526e-05,0.03969075018540025,3,8.592459832838448e-13,4,1,1
K2_late_m3195,2,3195,3,2,ipopt,6.477574825319594e-05,0.17233866592869163,100,3.2447932183804495e-06,1,0,0
K2_late_m3195,2,3195,3,3,ccp,5.685089347062344e-05,0.026982333045452833,2,5.115064521371408e-10,2,1,1
K2_late_m3195,2,3195,3,3,ipopt,5.4211432323997104e-05,0.21311791613698006,100,2.508440942298303e-06,1,0,0
K2_late_m3195,2,3195,3,4,ccp,5.3708121922977216e-05,0.039348999969661236,3,1.1631994372156458e-11,2,1,1
K2_late_m3195,2,3195,3,4,ipopt,5.370813355495287e-05,0.24022533325478435,100,4.133520782600986e-18,2,1,0
K2_late_m3195,2,3195,3,5,ccp,4.923658940360299e-05,0.039993750397115946,3,1.6606229398855553e-12,2,1,1
K2_late_m3195,2,3195,3,5,ipopt,4.923659106414557e-05,0.21319333370774984,100,4.926343621231011e-18,2,1,0
K2_late_m3195,2,3195,3,6,ccp,4.431898135004615e-05,0.026984334457665682,2,7.721377321750426e-09,2,1,1
K2_late_m3195,2,3195,3,6,ipopt,4.383909420319781e-05,0.15755691705271602,100,4.7396076542061783e-07,1,0,0
K2_late_m3195,2,3195,3,7,ccp,4.469348176535564e-05,0.027160166762769222,2,1.412759192624517e-09,2,1,1
K2_late_m3195,2,3195,3,7,ipopt,4.3492037345760175e-05,0.15668916702270508,100,1.1893013348887414e-06,1,0,0
K2_late_m3195,2,3195,3,8,ccp,4.4778092376916104e-05,0.027087749913334846,2,2.4130504413718017e-08,3,0,1
K2_late_m3195,2,3195,3,8,ipopt,4.478648933789811e-05,0.22158091701567173,100,1.5741557439727404e-08,3,0,0
K2_late_m3195,2,3195,3,9,ccp,4.65740741373644e-05,0.04021608317270875,3,2.6223832540151967e-12,2,1,1
K2_late_m3195,2,3195,3,9,ipopt,4.1956554772688837e-05,0.15637724986299872,100,4.435671484615484e-06,1,0,0
K2_late_m3195,2,3195,4,0,ccp,9.518414852918461e-05,0.03902712510898709,3,1.3567767020154125e-09,2,1,1
K2_late_m3195,2,3195,4,0,ipopt,8.316549160974066e-05,0.22837104182690382,100,1.1026073745440675e-05,1,0,0
K2_late_m3195,2,3195,4,1,ccp,8.30064995590784e-05,0.04015645803883672,3,2.3089554492547806e-12,2,1,1
K2_late_m3195,2,3195,4,1,ipopt,7.485744539257667e-05,0.1266341251321137,100,7.939846865851662e-06,1,0,0
K2_late_m3195,2,3195,4,2,ccp,5.685139030001509e-05,0.02708112495020032,2,1.4682145554672718e-11,2,1,1
K2_late_m3195,2,3195,4,2,ipopt,5.646019776312438e-05,0.18741566687822342,100,3.8743217371681817e-07,1,0,0
K2_late_m3195,2,3195,4,3,ccp,6.805474849117367e-05,0.03923395927995443,3,1.1232576376327e-09,4,1,1
K2_late_m3195,2,3195,4,3,ipopt,5.59162227412208e-05,0.15385516732931137,100,1.0859577996531752e-05,1,0,0
K2_late_m3195,2,3195,4,4,ccp,5.370813300407907e-05,0.038891667034476995,3,5.508764695490512e-13,2,1,1
K2_late_m3195,2,3195,4,4,ipopt,4.978378679011729e-05,0.20120041677728295,100,3.864594252810448e-06,1,0,0
K2_late_m3195,2,3195,4,5,ccp,5.043461131291091e-05,0.03988391626626253,3,3.0559820489049414e-13,2,1,1
K2_late_m3195,2,3195,4,5,ipopt,4.7018201386660186e-05,0.1464061252772808,100,3.1974839200880258e-06,1,0,0
K2_late_m3195,2,3195,4,6,ccp,4.612012981634775e-05,0.039923624601215124,3,3.4592640709395217e-12,2,1,1
K2_late_m3195,2,3195,4,6,ipopt,4.5437819226734524e-05,0.15960120828822255,100,5.336227264369275e-07,1,0,0
K2_late_m3195,2,3195,4,7,ccp,4.577986808351265e-05,0.03928633313626051,3,9.551594629434671e-12,2,1,1
K2_late_m3195,2,3195,4,7,ipopt,4.577987763513722e-05,0.17526870779693127,100,1.697454026297618e-17,2,1,0
K2_late_m3195,2,3195,4,8,ccp,4.656555643973992e-05,0.026683333795517683,2,8.519618174277681e-09,2,1,1
K2_late_m3195,2,3195,4,8,ipopt,4.428390679796831e-05,0.15427895775064826,100,2.2479228653830515e-06,1,0,0
K2_late_m3195,2,3195,4,9,ccp,4.5467999300176235e-05,0.039646792225539684,3,5.1149424648046227e-11,2,1,1
K2_late_m3195,2,3195,4,9,ipopt,4.546804992461165e-05,0.1459437501616776,100,5.250462946902214e-13,2,1,0
K2_late_m3195,2,3195,5,0,ccp,9.518550477868214e-05,0.03914779191836715,3,5.398915364253354e-13,2,1,1
K2_late_m3195,2,3195,5,0,ipopt,9.350543006858108e-05,0.13136491691693664,100,1.6602951908771752e-06,1,0,0
K2_late_m3195,2,3195,5,1,ccp,8.300647227899895e-05,0.03916200017556548,3,2.958934245084026e-11,2,1,1
K2_late_m3195,2,3195,5,1,ipopt,6.812081730970209e-05,0.21592595800757408,100,1.41367071115504e-05,1,0,0
K2_late_m3195,2,3195,5,2,ccp,6.805387707083652e-05,0.0271521657705307,2,1.9946558109645157e-09,4,1,1
K2_late_m3195,2,3195,5,2,ipopt,6.68543953310397e-05,0.14347929088398814,100,1.1968883272595504e-06,1,0,0
K2_late_m3195,2,3195,5,3,ccp,5.685084943081106e-05,0.026546666864305735,2,5.555454440998365e-10,2,1,1
K2_late_m3195,2,3195,5,3,ipopt,5.410586865118162e-05,0.16335850022733212,100,2.6026799597632516e-06,1,0,0
K2_late_m3195,2,3195,5,4,ccp,5.370812589531595e-05,0.03982591722160578,3,7.659611179100956e-12,2,1,1
K2_late_m3195,2,3195,5,4,ipopt,5.370813355495287e-05,0.23586983419954777,100,4.133520782600986e-18,2,1,0
K2_late_m3195,2,3195,5,5,ccp,4.923659056911382e-05,0.03931024996563792,3,4.952621971386628e-13,2,1,1
K2_late_m3195,2,3195,5,5,ipopt,4.923659106414275e-05,0.1798829580657184,100,5.231275482242559e-18,2,1,0
K2_late_m3195,2,3195,5,6,ccp,4.497458663230758e-05,0.026936959009617567,2,5.579562384260494e-09,2,1,1
K2_late_m3195,2,3195,5,6,ipopt,4.446438946255458e-05,0.15121799986809492,100,1.4477044181296497e-07,1,0,0
K2_late_m3195,2,3195,5,7,ccp,4.577215416432434e-05,0.02668166672810912,2,7.71995110245287e-09,2,1,1
K2_late_m3195,2,3195,5,7,ipopt,4.5779877635084964e-05,0.11790650011971593,100,5.0611912664338954e-17,2,1,0
K2_late_m3195,2,3195,5,8,ccp,4.476715627171912e-05,0.02709087496623397,2,3.5079904133211855e-08,3,0,1
K2_late_m3195,2,3195,5,8,ipopt,4.54680504496719e-05,0.21993437502533197,100,4.323256162785949e-18,2,1,0
K2_late_m3195,2,3195,5,9,ccp,4.469021504395357e-05,0.02721212524920702,2,4.679294581178732e-09,2,1,1
K2_late_m3195,2,3195,5,9,ipopt,8.300650186831356e-05,0.19418904231861234,100,1.5287250632045613e-17,2,1,0
K2_late_m3195,2,3195,6,0,ccp,9.518536281119853e-05,0.026466875337064266,2,1.425045745198205e-10,2,1,1
K2_late_m3195,2,3195,6,0,ipopt,9.474392442670662e-05,0.15287358267232776,100,4.4133563559427334e-07,1,0,0
K2_late_m3195,2,3195,6,1,ccp,8.300648914107568e-05,0.040151875000447035,3,1.2726771540924262e-11,2,1,1
K2_late_m3195,2,3195,6,1,ipopt,7.27625991271269e-05,0.13603291613981128,100,9.752720670418711e-06,1,0,0
K2_late_m3195,2,3195,6,2,ccp,6.805544646499846e-05,0.03992133401334286,3,4.2529265960984056e-10,4,1,1
K2_late_m3195,2,3195,6,2,ipopt,6.805587175934703e-05,0.23691625008359551,100,1.666960840196463e-18,4,1,0
K2_late_m3195,2,3195,6,3,ccp,5.47732597267201e-05,0.026602833066135645,2,2.9525806170653535e-12,2,1,1
K2_late_m3195,2,3195,6,3,ipopt,5.395816369742584e-05,0.14073270792141557,100,7.91860910901453e-07,1,0,0
K2_late_m3195,2,3195,6,4,ccp,5.3707764081149215e-05,0.026897666044533253,2,3.694726057152059e-10,2,1,1
K2_late_m3195,2,3195,6,4,ipopt,5.33082728501206e-05,0.16598020819947124,100,3.9843334713914996e-07,1,0,0
K2_late_m3195,2,3195,6,5,ccp,4.9236568952792676e-05,0.03909795777872205,3,2.2111188571825695e-11,2,1,1
K2_late_m3195,2,3195,6,5,ipopt,4.923659106414557e-05,0.2277080831117928,100,4.926343621231011e-18,2,1,0
K2_late_m3195,2,3195,6,6,ccp,5.0434604827496706e-05,0.039481792133301497,3,6.791108108261841e-12,2,1,1
K2_late_m3195,2,3195,6,6,ipopt,5.043461161851064e-05,0.16197779215872288,100,3.0493186101154812e-18,2,1,0
K2_late_m3195,2,3195,6,7,ccp,4.469483322210206e-05,0.026892708148807287,2,6.132171417920712e-11,2,1,1
K2_late_m3195,2,3195,6,7,ipopt,4.444472801982198e-05,0.1456426251679659,100,2.495781380957302e-07,1,0,0
K2_late_m3195,2,3195,6,8,ccp,4.57798280799318e-05,0.03961420804262161,3,4.9554285811760374e-11,2,1,1
K2_late_m3195,2,3195,6,8,ipopt,4.388592707381877e-05,0.17014741664752364,100,1.6513425344003612e-06,1,0,0
K2_late_m3195,2,3195,6,9,ccp,4.546765231269712e-05,0.039433833211660385,3,3.981331957568653e-10,2,1,1
K2_late_m3195,2,3195,6,9,ipopt,4.546805044608167e-05,0.152667332906276,100,3.570616567173668e-15,2,1,0
K2_late_m3195,2,3195,7,0,ccp,8.930119630295367e-05,0.03968070913106203,3,4.35650044413715e-12,2,1,1
K2_late_m3195,2,3195,7,0,ipopt,8.720384892581983e-05,0.1604280830360949,100,2.0428294419881204e-06,1,0,0
K2_late_m3195,2,3195,7,1,ccp,8.30064994440477e-05,0.040273708291351795,3,2.4244779090170504e-12,2,1,1
K2_late_m3195,2,3195,7,1,ipopt,7.476175089742162e-05,0.1875238330103457,100,8.030393704648014e-06,1,0,0
K2_late_m3195,2,3195,7,2,ccp,6.805585933726717e-05,0.03970029065385461,3,1.2421871569009112e-11,4,1,1
K2_late_m3195,2,3195,7,2,ipopt,6.406994090243619e-05,0.15053408313542604,100,3.851560840813055e-06,3,0,0
K2_late_m3195,2,3195,7,3,ccp,5.4773257267665435e-05,0.02683974988758564,2,5.411525956890758e-12,2,1,1
K2_late_m3195,2,3195,7,3,ipopt,5.346381343182961e-05,0.19812354212626815,100,1.2668558343815784e-06,1,0,0
K2_late_m3195,2,3195,7,4,ccp,5.370813278060213e-05,0.039815917145460844,3,7.743450520548978e-13,2,1,1
K2_late_m3195,2,3195,7,4,ipopt,5.0921024423083885e-05,0.1685800002887845,100,2.716265323982124e-06,1,0,0
K2_late_m3195,2,3195,7,5,ccp,4.923658804878656e-05,0.03952258313074708,3,3.0154145781897956e-12,2,1,1
K2_late_m3195,2,3195,7,5,ipopt,4.923659106414709e-05,0.18189837504178286,100,5.44811591673966e-18,2,1,0
K2_late_m3195,2,3195,7,6,ccp,4.4979271543149515e-05,0.02659233333542943,2,9.093202161706377e-10,2,1,1
K2_late_m3195,2,3195,7,6,ipopt,4.468429447049826e-05,0.15075124986469746,100,2.3569045324512214e-07,1,0,0
K2_late_m3195,2,3195,7,7,ccp,4.6574076079938754e-05,0.039631207939237356,3,6.794295350940824e-13,2,1,1
K2_late_m3195,2,3195,7,7,ipopt,4.322668846879624e-05,0.16091991728171706,100,3.254804686399531e-06,1,0,0
K2_late_m3195,2,3195,7,8,ccp,4.4692518231016515e-05,0.027118374593555927,2,2.3762596527995383e-09,2,1,1
K2_late_m3195,2,3195,7,8,ipopt,4.314116423388367e-05,0.15246595814824104,100,1.5309289752390808e-06,1,0,0
K2_late_m3195,2,3195,7,9,ccp,5.043460279591347e-05,0.039449666161090136,3,8.825656825912735e-12,2,1,1
K2_late_m3195,2,3195,7,9,ipopt,5.043461161851584e-05,0.23366183415055275,100,4.018324301774401e-18,2,1,0
K2_late_m3195,2,3195,8,0,ccp,9.518538339650949e-05,0.039286292158067226,3,1.219219630040503e-10,2,1,1
K2_late_m3195,2,3195,8,0,ipopt,8.084955427674746e-05,0.154360624961555,100,1.403849138780301e-05,1,0,0
K2_late_m3195,2,3195,8,1,ccp,8.300649820055367e-05,0.040194666013121605,3,3.667621124880428e-12,2,1,1
K2_late_m3195,2,3195,8,1,ipopt,7.544628378094661e-05,0.15384370787069201,100,7.296552847380633e-06,1,0,0
K2_late_m3195,2,3195,8,2,ccp,6.805508594389525e-05,0.02685537515208125,2,7.85807571031423e-10,4,1,1
K2_late_m3195,2,3195,8,2,ipopt,6.7299176140711e-05,0.1646964168176055,100,7.548881281737191e-07,1,0,0
K2_late_m3195,2,3195,8,3,ccp,5.685136629954681e-05,0.026996333617717028,2,3.868202745014324e-11,2,1,1
K2_late_m3195,2,3195,8,3,ipopt,5.609939271546539e-05,0.1541357496753335,100,7.420655199343002e-07,1,0,0
K2_late_m3195,2,3195,8,4,ccp,5.370449051521971e-05,0.026606291066855192,2,3.642921617460343e-09,2,1,1
K2_late_m3195,2,3195,8,4,ipopt,5.370813355495287e-05,0.23765433300286531,100,4.133520782600986e-18,2,1,0
K2_late_m3195,2,3195,8,5,ccp,4.9236571339312044e-05,0.03967949980869889,3,1.9724755608420495e-11,2,1,1
K2_late_m3195,2,3195,8,5,ipopt,4.923659106410741e-05,0.22475791675969958,100,2.1080955991265027e-17,2,1,0
K2_late_m3195,2,3195,8,6,ccp,5.043461077884766e-05,0.03973325015977025,3,8.396880941756966e-13,2,1,1
K2_late_m3195,2,3195,8,6,ipopt,4.6106898743463734e-05,0.15286900009959936,100,3.96482829178245e-06,1,0,0
K2_late_m3195,2,3195,8,7,ccp,4.546804787414031e-05,0.03988916566595435,3,2.576066123654089e-12,2,1,1
K2_late_m3195,2,3195,8,7,ipopt,4.546805019113825e-05,0.15159187512472272,100,2.585220042596384e-13,2,1,0
K2_late_m3195,2,3195,8,8,ccp,4.4979698914435865e-05,0.027215125039219856,2,4.822342234531867e-10,2,1,1
K2_late_m3195,2,3195,8,8,ipopt,4.314167243386945e-05,0.1515112090855837,100,1.806598258544073e-06,1,0,0
K2_late_m3195,2,3195,8,9,ccp,4.6574067085347875e-05,0.039774040691554546,3,9.674242526860888e-12,2,1,1
K2_late_m3195,2,3195,8,9,ipopt,4.0777327765955306e-05,0.16237774956971407,100,5.44744156836132e-06,1,0,0
K2_late_m3195,2,3195,9,0,ccp,8.30048462089933e-05,0.027512250002473593,2,1.6556472178484716e-09,2,1,1
K2_late_m3195,2,3195,9,0,ipopt,8.144011976564175e-05,0.16018483275547624,100,1.5591271150821218e-06,1,0,0
K2_late_m3195,2,3195,9,1,ccp,9.518031421286633e-05,0.03852812526747584,3,5.190917163315099e-09,2,1,1
K2_late_m3195,2,3195,9,1,ipopt,7.830588537248147e-05,0.1348613342270255,100,1.49310587391841e-05,1,0,0
K2_late_m3195,2,3195,9,2,ccp,6.805375488722022e-05,0.03931387513875961,3,2.1168345944665937e-09,4,1,1
K2_late_m3195,2,3195,9,2,ipopt,5.388583551636935e-05,0.14171320805326104,100,1.2411431992771375e-05,1,0,0
K2_late_m3195,2,3195,9,3,ccp,5.370778440042911e-05,0.026381416246294975,2,3.491534352289519e-10,2,1,1
K2_late_m3195,2,3195,9,3,ipopt,5.3319404802016366e-05,0.1292522083967924,100,3.873798932275881e-07,1,0,0
K2_late_m3195,2,3195,9,4,ccp,5.4773245693557444e-05,0.02728008385747671,2,1.6985630119765137e-11,2,1,1
K2_late_m3195,2,3195,9,4,ipopt,5.2511598525758346e-05,0.2222400838509202,100,2.127971371809359e-06,1,0,0
K2_late_m3195,2,3195,9,5,ccp,5.0430058434422194e-05,0.026686417404562235,2,4.552834843735165e-09,2,1,1
K2_late_m3195,2,3195,9,5,ipopt,5.043461161851584e-05,0.23984958324581385,100,4.018324301774401e-18,2,1,0
K2_late_m3195,2,3195,9,6,ccp,4.9236589187414814e-05,0.04002624982967973,3,1.876686550302334e-12,2,1,1
K2_late_m3195,2,3195,9,6,ipopt,4.923659106414275e-05,0.218922084197402,100,5.231275482242559e-18,2,1,0
K2_late_m3195,2,3195,9,7,ccp,4.657269651433529e-05,0.027031375095248222,2,1.3802271454322278e-09,2,1,1
K2_late_m3195,2,3195,9,7,ipopt,4.5736771809737646e-05,0.16669920925050974,100,8.304615282976187e-07,1,0,0
K2_late_m3195,2,3195,9,8,ccp,4.5776382180551614e-05,0.02652916731312871,2,3.494734275173695e-09,2,1,1
K2_late_m3195,2,3195,9,8,ipopt,4.577987763512768e-05,0.13375050015747547,100,2.1263915107871956e-17,2,1,0
K2_late_m3195,2,3195,9,9,ccp,4.497998406515181e-05,0.027372540906071663,2,1.9717639535552813e-10,2,1,1
K2_late_m3195,2,3195,9,9,ipopt,4.4827809884132315e-05,0.1517254998907447,100,1.3932729553142265e-07,1,0,0
K2_late_m3195,2,3195,10,0,ccp,9.518462103683443e-05,0.03952433401718736,3,8.84276871927661e-10,2,1,1
K2_late_m3195,2,3195,10,0,ipopt,8.439757293109178e-05,0.1203330410644412,100,9.98588156399408e-06,1,0,0
K2_late_m3195,2,3195,10,1,ccp,8.299864224606984e-05,0.02703966712579131,2,7.859348182418587e-09,2,1,1
K2_late_m3195,2,3195,10,1,ipopt,7.962257154439862e-05,0.1873771669343114,100,3.3494892558822657e-06,1,0,0
K2_late_m3195,2,3195,10,2,ccp,6.805566867976371e-05,0.039701624773442745,3,2.0308048569606801e-10,4,1,1
K2_late_m3195,2,3195,10,2,ipopt,6.00854895600329e-05,0.15206658327952027,100,7.42673188721417e-06,2,0,0
K2_late_m3195,2,3195,10,3,ccp,5.685129886898524e-05,0.02728862501680851,2,1.0611254966884625e-10,2,1,1
K2_late_m3195,2,3195,10,3,ipopt,5.561660525203022e-05,0.17337579233571887,100,1.2075137440275614e-06,1,0,0
K2_late_m3195,2,3195,10,4,ccp,5.370813167509397e-05,0.039541749749332666,3,1.8798611620260072e-12,2,1,1
K2_late_m3195,2,3195,10,4,ipopt,5.370813355495287e-05,0.23763858387246728,100,4.133520782600986e-18,2,1,0
K2_late_m3195,2,3195,10,5,ccp,4.5770836515792064e-05,0.026960750110447407,2,9.036298755755404e-09,2,1,1
K2_late_m3195,2,3195,10,5,ipopt,4.577987763512638e-05,0.14389345794916153,100,1.1140177322288558e-17,2,1,0
K2_late_m3195,2,3195,10,6,ccp,4.525393997964326e-05,0.03963325032964349,3,1.4612670638401368e-11,3,1,1
K2_late_m3195,2,3195,10,6,ipopt,4.9236591064139934e-05,0.1435113330371678,100,-1.2807138162485021e-18,2,1,0
K2_late_m3195,2,3195,10,7,ccp,4.46948101944808e-05,0.027422832790762186,2,8.434895546648646e-11,2,1,1
K2_late_m3195,2,3195,10,7,ipopt,4.440158726010655e-05,0.17325975000858307,100,2.924979467393938e-07,1,0,0
K2_late_m3195,2,3195,10,8,ccp,4.4326334781621827e-05,0.02673274977132678,2,3.6898263818549524e-10,2,1,1
K2_late_m3195,2,3195,10,8,ipopt,5.043461161851584e-05,0.15306812524795532,100,2.9544509200229996e-18,2,1,0
K2_late_m3195,2,3195,10,9,ccp,4.5468042671061894e-05,0.04012416675686836,3,7.778450701199837e-12,2,1,1
K2_late_m3195,2,3195,10,9,ipopt,4.54680504496513e-05,0.1491693751886487,100,9.595189226496714e-18,2,1,0
K2_late_m3195,2,3195,11,0,ccp,8.930119984202944e-05,0.03960479190573096,3,8.173915916950131e-13,2,1,1
K2_late_m3195,2,3195,11,0,ipopt,8.792046002731237e-05,0.07021087501198053,50,1.3571255362561347e-06,1,0,0
K2_late_m3195,2,3195,11,1,ccp,8.300648311748476e-05,0.0399683746509254,3,1.8750596276931146e-11,2,1,1
K2_late_m3195,2,3195,11,1,ipopt,7.175216467383697e-05,0.12940537510439754,100,1.0658131427959965e-05,1,0,0
K2_late_m3195,2,3195,11,2,ccp,5.370702941636014e-05,0.02693504188209772,2,1.1041289832633958e-09,2,1,1
K2_late_m3195,2,3195,11,2,ipopt,5.370813355495504e-05,0.2305071661248803,100,2.8866882842426556e-18,2,1,0
K2_late_m3195,2,3195,11,3,ccp,5.684870466183623e-05,0.027018332853913307,2,2.7001947554861094e-09,2,1,1
K2_late_m3195,2,3195,11,3,ipopt,5.219244277949336e-05,0.16374033316969872,100,3.96456662353524e-06,1,0,0
K2_late_m3195,2,3195,11,4,ccp,6.805415062567373e-05,0.03978933300822973,3,1.7211088757798036e-09,4,1,1
K2_late_m3195,2,3195,11,4,ipopt,4.907330251675704e-05,0.15181162487715483,100,1.739727762056988e-05,1,0,0
K2_late_m3195,2,3195,11,5,ccp,5.043461146084943e-05,0.03972241701558232,3,1.5746021972190202e-13,2,1,1
K2_late_m3195,2,3195,11,5,ipopt,5.043461161851064e-05,0.1813780413940549,100,3.0493186101154812e-18,2,1,0
K2_late_m3195,2,3195,11,6,ccp,4.9236589878075016e-05,0.04017799999564886,3,1.1857135485591162e-12,2,1,1
K2_late_m3195,2,3195,11,6,ipopt,4.632282992153634e-05,0.1252089999616146,100,2.7944029651694662e-06,1,0,0
K2_late_m3195,2,3195,11,7,ccp,4.577867879860533e-05,0.02690641675144434,2,1.1987518581810718e-09,2,1,1
K2_late_m3195,2,3195,11,7,ipopt,4.54929838055887e-05,0.18378916708752513,100,2.819555442299903e-07,1,0,0
K2_late_m3195,2,3195,11,8,ccp,4.475768971828192e-05,0.03964516706764698,3,4.4547108647450336e-08,3,0,1
K2_late_m3195,2,3195,11,8,ipopt,4.183379600023894e-05,0.1371656246483326,100,2.7486356269948466e-06,1,0,0
K2_late_m3195,2,3195,11,9,ccp,4.6574071155926385e-05,0.03939816588535905,3,5.603786301633905e-12,2,1,1
K2_late_m3195,2,3195,11,9,ipopt,4.657407675968603e-05,0.16520429216325283,100,2.393376295761751e-17,2,1,0
K2_late_m3195,2,3195,12,0,ccp,9.51760714985878e-05,0.026765875052660704,2,9.433193829799097e-09,2,1,1
K2_late_m3195,2,3195,12,0,ipopt,9.164555165330432e-05,0.1538312090560794,100,3.5237175009081474e-06,1,0,0
K2_late_m3195,2,3195,12,1,ccp,8.300599915915475e-05,0.027238540817052126,2,5.027085978666791e-10,2,1,1
K2_late_m3195,2,3195,12,1,ipopt,8.230329780439729e-05,0.1520520830526948,100,7.010012345711668e-07,1,0,0
K2_late_m3195,2,3195,12,2,ccp,6.805585811976689e-05,0.03993229195475578,3,1.3638575213853824e-11,4,1,1
K2_late_m3195,2,3195,12,2,ipopt,6.16721926277946e-05,0.16576091712340713,100,6.242876704330374e-06,1,0,0
K2_late_m3195,2,3195,12,3,ccp,5.685112644256878e-05,0.0270663327537477,2,2.7853775836234876e-10,2,1,1
K2_late_m3195,2,3195,12,3,ipopt,5.52029041226683e-05,0.19412212492898107,100,1.5768766262187384e-06,1,0,0
K2_late_m3195,2,3195,12,4,ccp,4.923437658181347e-05,0.027164124883711338,2,2.2144161312100054e-09,2,1,1
K2_late_m3195,2,3195,12,4,ipopt,4.923659106412931e-05,0.15739175025373697,100,5.7801528320633455e-18,2,1,0
K2_late_m3195,2,3195,12,5,ccp,4.657149848593181e-05,0.02764625009149313,2,2.578209600896848e-09,2,1,1
K2_late_m3195,2,3195,12,5,ipopt,4.5431758612790715e-05,0.20123975025489926,100,1.1295346384730218e-06,1,0,0
K2_late_m3195,2,3195,12,6,ccp,4.546755689273981e-05,0.026476332917809486,2,4.935511232901355e-10,2,1,1
K2_late_m3195,2,3195,12,6,ipopt,4.5468050449668646e-05,0.1894705002196133,100,1.0415117119438877e-17,2,1,0
K2_late_m3195,2,3195,12,7,ccp,4.5779779156354585e-05,0.03968037525191903,3,9.847821834391016e-11,2,1,1
K2_late_m3195,2,3195,12,7,ipopt,4.356361051718557e-05,0.1589653748087585,100,1.8741441978006754e-06,1,0,0
K2_late_m3195,2,3195,12,8,ccp,4.4326470433329575e-05,0.039170625153928995,3,2.333329137272754e-10,2,1,1
K2_late_m3195,2,3195,12,8,ipopt,5.043461161851259e-05,0.14700662484392524,100,1.2170169386149787e-17,2,1,0
K2_late_m3195,2,3195,12,9,ccp,4.167697399247417e-05,0.026830249931663275,2,5.33010261615115e-09,2,1,1
K2_late_m3195,2,3195,12,9,ipopt,4.1682304335941456e-05,0.21874325023964047,100,6.911788849595091e-19,2,1,0
K2_late_m3195,2,3195,13,0,ccp,8.93010487038822e-05,0.026460541877895594,2,1.5195528636649611e-10,2,1,1
K2_late_m3195,2,3195,13,0,ipopt,8.914309299064147e-05,0.13308837497606874,100,1.5779825384515075e-07,1,0,0
K2_late_m3195,2,3195,13,1,ccp,8.300273817733847e-05,0.02639329107478261,2,3.763628063539813e-09,2,1,1
K2_late_m3195,2,3195,13,1,ipopt,8.108810952028585e-05,0.1620737500488758,100,1.9018999884632109e-06,1,0,0
K2_late_m3195,2,3195,13,2,ccp,6.80558704424059e-05,0.038901958148926497,3,1.318522412563014e-12,4,1,1
K2_late_m3195,2,3195,13,2,ipopt,6.441646610304405e-05,0.1628253748640418,100,3.5956608980562205e-06,1,0,0
K2_late_m3195,2,3195,13,3,ccp,5.4773260328769106e-05,0.02703758329153061,2,2.3505003350046856e-12,2,1,1
K2_late_m3195,2,3195,13,3,ipopt,5.685140497494368e-05,0.13966712495312095,100,6.713535706092538e-15,2,1,0
K2_late_m3195,2,3195,13,4,ccp,4.923372998285724e-05,0.02701466716825962,2,2.8609734726691566e-09,2,1,1
K2_late_m3195,2,3195,13,4,ipopt,4.866108870503786e-05,0.16438479209318757,100,5.599601816363005e-07,1,0,0
K2_late_m3195,2,3195,13,5,ccp,5.3708131528482626e-05,0.03903695801272988,3,2.026315692928854e-12,2,1,1
K2_late_m3195,2,3195,13,5,ipopt,4.832933447877731e-05,0.197909583337605,100,5.264191489414673e-06,1,0,0
K2_late_m3195,2,3195,13,6,ccp,4.6574059938474504e-05,0.02726254193112254,2,1.6821436279491897e-11,2,1,1
K2_late_m3195,2,3195,13,6,ipopt,4.6469734409577794e-05,0.17484358418732882,100,1.0425894968355904e-07,1,0,0
K2_late_m3195,2,3195,13,7,ccp,4.5775408250748164e-05,0.027092707809060812,2,4.468206681990897e-09,2,1,1
K2_late_m3195,2,3195,13,7,ipopt,4.523061282973894e-05,0.17713833414018154,100,5.308516876381428e-07,1,0,0
K2_late_m3195,2,3195,13,8,ccp,5.043460225261087e-05,0.03897329093888402,3,9.365884586984285e-12,2,1,1
K2_late_m3195,2,3195,13,8,ipopt,5.043461161851064e-05,0.23223079089075327,100,3.0493186101154812e-18,2,1,0
K2_late_m3195,2,3195,13,9,ccp,4.4694892406998196e-05,0.02680629212409258,2,2.1362912659564706e-12,2,1,1
K2_late_m3195,2,3195,13,9,ipopt,4.464750248528405e-05,0.161402125377208,100,4.737155551916175e-08,2,0,0
K2_late_m3195,2,3195,14,0,ccp,9.518078561081885e-05,0.027209291234612465,2,4.719552277227023e-09,2,1,1
K2_late_m3195,2,3195,14,0,ipopt,9.410958264786414e-05,0.12997866701334715,100,1.0677998860958714e-06,1,0,0
K2_late_m3195,2,3195,14,1,ccp,8.300650166354355e-05,0.039841916877776384,3,2.0572486856412775e-13,2,1,1
K2_late_m3195,2,3195,14,1,ipopt,7.929473585750605e-05,0.1550254998728633,100,3.6494691991511625e-06,1,0,0
K2_late_m3195,2,3195,14,2,ccp,5.68512507954865e-05,0.027334291953593493,2,1.5418452316084226e-10,2,1,1
K2_late_m3195,2,3195,14,2,ipopt,5.6851404981666165e-05,0.23849858390167356,100,7.71138795180315e-18,2,1,0
K2_late_m3195,2,3195,14,3,ccp,6.805403216410288e-05,0.03942554071545601,3,1.8395668942527933e-09,4,1,1
K2_late_m3195,2,3195,14,3,ipopt,5.4362071383116505e-05,0.1666205837391317,100,1.205472125232905e-05,1,0,0
K2_late_m3195,2,3195,14,4,ccp,5.3705236583172894e-05,0.02689858293160796,2,2.89689712667428e-09,2,1,1
K2_late_m3195,2,3195,14,4,ipopt,5.1983629679712255e-05,0.13440787512809038,100,1.7133120565785234e-06,1,0,0
K2_late_m3195,2,3195,14,5,ccp,5.043426926616386e-05,0.02736550010740757,2,3.4235030477549385e-10,2,1,1
K2_late_m3195,2,3195,14,5,ipopt,5.043461161851259e-05,0.23511058371514082,100,1.1119848531554455e-17,2,1,0
K2_late_m3195,2,3195,14,6,ccp,4.923632814219769e-05,0.027344750240445137,2,2.6292094483558806e-10,2,1,1
K2_late_m3195,2,3195,14,6,ipopt,4.923659106410741e-05,0.2225091247819364,100,2.1080955991265027e-17,2,1,0
K2_late_m3195,2,3195,14,7,ccp,4.546398130764336e-05,0.026635583024471998,2,4.068748309273137e-09,2,1,1
K2_late_m3195,2,3195,14,7,ipopt,4.54680504496719e-05,0.15026595816016197,94,4.323256162785949e-18,2,1,0
K2_late_m3195,2,3195,14,8,ccp,4.5779828772217544e-05,0.03962620813399553,3,4.8862791356206036e-11,2,1,1
K2_late_m3195,2,3195,14,8,ipopt,4.389207319158118e-05,0.1796764167957008,100,1.6468983900627996e-06,1,0,0
K2_late_m3195,2,3195,14,9,ccp,4.657407605921683e-05,0.03898945823311806,3,7.005002860323989e-13,2,1,1
K2_late_m3195,2,3195,14,9,ipopt,4.3512865025704386e-05,0.15496166609227657,100,2.967227291237671e-06,1,0,0
K2_late_m3195,2,3195,15,0,ccp,9.518392019274192e-05,0.026659832801669836,2,1.5851082701864557e-09,2,1,1
K2_late_m3195,2,3195,15,0,ipopt,9.456229435519101e-05,0.14045945787802339,100,6.204829309886466e-07,1,0,0
K2_late_m3195,2,3195,15,1,ccp,8.300114644019577e-05,0.02721641631796956,2,5.355300819850006e-09,2,1,1
K2_late_m3195,2,3195,15,1,ipopt,8.020552476003368e-05,0.2162923328578472,100,2.777509685654539e-06,1,0,0
K2_late_m3195,2,3195,15,2,ccp,5.308581849543985e-05,0.0273952498100698,2,2.4012928376954644e-09,2,1,1
K2_late_m3195,2,3195,15,2,ipopt,5.244393429839852e-05,0.19699329230934381,100,6.358374391419338e-07,1,0,0
K2_late_m3195,2,3195,15,3,ccp,5.370418995567859e-05,0.026542834006249905,2,3.94346082770511e-09,2,1,1
K2_late_m3195,2,3195,15,3,ipopt,5.169997238389985e-05,0.18097058264538646,100,1.9929258301839924e-06,1,0,0
K2_late_m3195,2,3195,15,4,ccp,5.043456644025584e-05,0.027215249836444855,2,4.517825358068238e-11,2,1,1
K2_late_m3195,2,3195,15,4,ipopt,5.02800619735194e-05,0.15160270826891065,100,1.5392514250834032e-07,1,0,0
K2_late_m3195,2,3195,15,5,ccp,4.923659028082186e-05,0.04050383297726512,3,7.830540957407678e-13,2,1,1
K2_late_m3195,2,3195,15,5,ipopt,4.9236565968216114e-05,0.13191029196605086,100,2.509587488855455e-11,2,1,0
K2_late_m3195,2,3195,15,6,ccp,6.804591278124087e-05,0.03981162514537573,3,9.958147426518166e-09,4,1,1
K2_late_m3195,2,3195,15,6,ipopt,4.747958650677621e-05,0.1587560409680009,100,1.674939618282743e-05,1,0,0
K2_late_m3195,2,3195,15,7,ccp,4.546733619284504e-05,0.027335500344634056,2,7.142447031087623e-10,2,1,1
K2_late_m3195,2,3195,15,7,ipopt,4.546805044964219e-05,0.06995387515053153,40,1.003564635906895e-17,2,1,0
K2_late_m3195,2,3195,15,8,ccp,4.577984089710306e-05,0.039697582833468914,3,3.673794788890995e-11,2,1,1
K2_late_m3195,2,3195,15,8,ipopt,4.401288235238588e-05,0.17910170834511518,100,1.5581294066702967e-06,1,0,0
K2_late_m3195,2,3195,15,9,ccp,4.1673429151225724e-05,0.027291875332593918,2,8.874517132196247e-09,2,1,1
K2_late_m3195,2,3195,15,9,ipopt,4.1682304335941835e-05,0.18837762530893087,100,5.759824041329242e-19,2,1,0
K2_late_m3195,2,3195,16,0,ccp,8.930080988355313e-05,0.03887724969536066,3,3.907740159968731e-10,2,1,1
K2_late_m3195,2,3195,16,0,ipopt,8.286320301461854e-05,0.20527141680940986,100,5.920905212111592e-06,1,0,0
K2_late_m3195,2,3195,16,1,ccp,8.30064664700329e-05,0.03935508290305734,3,3.539804942762938e-11,2,1,1
K2_late_m3195,2,3195,16,1,ipopt,6.988406687345869e-05,0.15660737501457334,100,1.2303217118025809e-05,1,0,0
K2_late_m3195,2,3195,16,2,ccp,6.805580732852762e-05,0.0396736660040915,3,6.443103025394713e-11,4,1,1
K2_late_m3195,2,3195,16,2,ipopt,6.20568428567731e-05,0.1720112501643598,100,5.692924134577252e-06,2,0,0
K2_late_m3195,2,3195,16,3,ccp,5.477326252684915e-05,0.027093749959021807,2,1.5233164529044815e-13,2,1,1
K2_late_m3195,2,3195,16,3,ipopt,5.454764189156513e-05,0.16895791562274098,100,2.2442207300852522e-07,1,0,0
K2_late_m3195,2,3195,16,4,ccp,5.370591418553329e-05,0.026895790826529264,2,2.2193255753313163e-09,2,1,1
K2_late_m3195,2,3195,16,4,ipopt,5.370813355495764e-05,0.22340570809319615,100,8.605854744103691e-19,2,1,0
K2_late_m3195,2,3195,16,5,ccp,4.612012453416095e-05,0.03956087492406368,3,8.7412837317352e-12,2,1,1
K2_late_m3195,2,3195,16,5,ipopt,4.612013305346188e-05,0.14373941579833627,100,2.2209090713406002e-13,2,1,0
K2_late_m3195,2,3195,16,6,ccp,5.0434605526619106e-05,0.03924587508663535,3,6.091851253043484e-12,2,1,1
K2_late_m3195,2,3195,16,6,ipopt,5.043461161788028e-05,0.1662593330256641,100,5.872513304631954e-16,2,1,0
K2_late_m3195,2,3195,16,7,ccp,4.577979538816757e-05,0.0393669162876904,3,8.224642511099264e-11,2,1,1
K2_late_m3195,2,3195,16,7,ipopt,4.577987763514069e-05,0.14732141699641943,100,-1.2874900798265365e-19,2,1,0
K2_late_m3195,2,3195,16,8,ccp,4.477567352913561e-05,0.026839500293135643,2,2.6546417734019914e-08,3,0,1
K2_late_m3195,2,3195,16,8,ipopt,4.3091316714559185e-05,0.16003891685977578,100,1.6392956361978571e-06,1,0,0
K2_late_m3195,2,3195,16,9,ccp,4.1682296242111705e-05,0.03920349990949035,3,8.093875972280205e-12,2,1,1
K2_late_m3195,2,3195,16,9,ipopt,4.168230433594102e-05,0.24156416580080986,100,1.3552527156068805e-18,2,1,0
K2_late_m3195,2,3195,17,0,ccp,9.518307370852327e-05,0.026428249664604664,2,2.4315683837088098e-09,2,1,1
K2_late_m3195,2,3195,17,0,ipopt,9.337327780340658e-05,0.14956283383071423,100,1.8080426562142341e-06,1,0,0
K2_late_m3195,2,3195,17,1,ccp,8.300650137827673e-05,0.039457874838262796,3,4.904870455103849e-13,2,1,1
K2_late_m3195,2,3195,17,1,ipopt,7.74057610810722e-05,0.148092582821846,100,5.504368817484684e-06,1,0,0
K2_late_m3195,2,3195,17,2,ccp,5.68513594224199e-05,0.02653716690838337,2,4.5558605851628645e-11,2,1,1
K2_late_m3195,2,3195,17,2,ipopt,5.603618844524224e-05,0.17084287479519844,100,8.035013331937551e-07,1,0,0
K2_late_m3195,2,3195,17,3,ccp,6.80543123549877e-05,0.03960774978622794,3,1.5593839996537332e-09,4,1,1
K2_late_m3195,2,3195,17,3,ipopt,5.490289770989168e-05,0.1718437080271542,100,1.1644184294413564e-05,1,0,0
K2_late_m3195,2,3195,17,4,ccp,5.370813089328468e-05,0.03911979217082262,3,2.661667524025361e-12,2,1,1
K2_late_m3195,2,3195,17,4,ipopt,5.370813355495504e-05,0.27555825002491474,100,2.8866882842426556e-18,2,1,0
K2_late_m3195,2,3195,17,5,ccp,5.043460858797973e-05,0.03946895804256201,3,3.0305048292871006e-12,2,1,1
K2_late_m3195,2,3195,17,5,ipopt,5.043461161851064e-05,0.18788524996489286,100,3.0493186101154812e-18,2,1,0
K2_late_m3195,2,3195,17,6,ccp,4.61169599437481e-05,0.027076750062406063,2,3.17317554677165e-09,2,1,1
K2_late_m3195,2,3195,17,6,ipopt,4.92365910641176e-05,0.15291741723194718,100,4.6044711012743766e-17,2,1,0
K2_late_m3195,2,3195,17,7,ccp,4.657022718557494e-05,0.027096583042293787,2,3.84943110563361e-09,2,1,1
K2_late_m3195,2,3195,17,7,ipopt,4.502135257199538e-05,0.16309004183858633,100,1.5336371737561066e-06,1,0,0
K2_late_m3195,2,3195,17,8,ccp,4.477096056344624e-05,0.027156666852533817,2,3.1274992327500145e-08,3,0,1
K2_late_m3195,2,3195,17,8,ipopt,6.285460064442742e-05,0.1600621249526739,100,4.4181238528784306e-17,2,1,0
K2_late_m3195,2,3195,17,9,ccp,4.468811602782404e-05,0.02697166707366705,2,6.77808634312458e-09,2,1,1
K2_late_m3195,2,3195,17,9,ipopt,8.300650186831475e-05,0.18256604205816984,100,-4.9060148304969076e-18,2,1,0
K2_late_m3195,2,3195,18,0,ccp,9.518546843456199e-05,0.039381708949804306,3,3.688323074963005e-11,2,1,1
K2_late_m3195,2,3195,18,0,ipopt,9.033868376712677e-05,0.188421375118196,100,4.683265085082732e-06,1,0,0
K2_late_m3195,2,3195,18,1,ccp,8.300648543132388e-05,0.039330665953457355,3,1.643646456190185e-11,2,1,1
K2_late_m3195,2,3195,18,1,ipopt,7.002325678440678e-05,0.23654866591095924,100,1.2425040740774934e-05,1,0,0
K2_late_m3195,2,3195,18,2,ccp,6.805586451308289e-05,0.040358582977205515,3,7.245650544937705e-12,4,1,1
K2_late_m3195,2,3195,18,2,ipopt,6.256517392359807e-05,0.15130633302032948,100,5.38807584783578e-06,1,0,0
K2_late_m3195,2,3195,18,3,ccp,5.685112079298403e-05,0.026809667237102985,2,2.8418735690172083e-10,2,1,1
K2_late_m3195,2,3195,18,3,ipopt,5.485884906938779e-05,0.18124391604214907,100,1.919478942330382e-06,1,0,0
K2_late_m3195,2,3195,18,4,ccp,5.370812981599516e-05,0.03899091714993119,3,3.73895376058796e-12,2,1,1
K2_late_m3195,2,3195,18,4,ipopt,4.9602092791527436e-05,0.16252179211005569,100,3.950362012231106e-06,1,0,0
K2_late_m3195,2,3195,18,5,ccp,4.9236585480671134e-05,0.040639083832502365,3,5.583483565633259e-12,2,1,1
K2_late_m3195,2,3195,18,5,ipopt,4.923659106414275e-05,0.22691912529990077,100,5.231275482242559e-18,2,1,0
K2_late_m3195,2,3195,18,6,ccp,5.0434609483955735e-05,0.039381083101034164,3,2.134733714668005e-12,2,1,1
K2_late_m3195,2,3195,18,6,ipopt,5.043461161851584e-05,0.21268083294853568,100,4.018324301774401e-18,2,1,0
K2_late_m3195,2,3195,18,7,ccp,4.4978634323020605e-05,0.026923832949250937,2,1.5457892828097774e-09,2,1,1
K2_late_m3195,2,3195,18,7,ipopt,4.461772148629482e-05,0.15059508383274078,100,2.600675007135428e-07,1,0,0
K2_late_m3195,2,3195,18,8,ccp,4.656779333750199e-05,0.027218499686568975,2,6.283040855503002e-09,2,1,1
K2_late_m3195,2,3195,18,8,ipopt,4.460004458584706e-05,0.16450637532398105,100,1.9428770333823156e-06,1,0,0
K2_late_m3195,2,3195,18,9,ccp,4.5468048616747244e-05,0.03969516698271036,3,1.8329741817793045e-12,2,1,1
K2_late_m3195,2,3195,18,9,ipopt,4.4249121413727274e-05,0.15899708308279514,99,1.1831231167975037e-06,1,0,0
K2_late_m3195,2,3195,19,0,ccp,8.930119569813062e-05,0.03917654184624553,3,4.961268646342526e-12,2,1,1
K2_late_m3195,2,3195,19,0,ipopt,8.713462273542296e-05,0.14259362500160933,100,2.1083932253329385e-06,1,0,0
K2_late_m3195,2,3195,19,1,ccp,8.30013803400344e-05,0.02734887506812811,2,5.12141225175039e-09,2,1,1
K2_late_m3195,2,3195,19,1,ipopt,8.026658949718496e-05,0.15529470797628164,100,2.7174699122919476e-06,1,0,0
K2_late_m3195,2,3195,19,2,ccp,6.805563279743752e-05,0.039646916557103395,3,2.3896282102067214e-10,4,1,1
K2_late_m3195,2,3195,19,2,ipopt,5.975872500468501e-05,0.16993270767852664,100,7.707376940881787e-06,2,0,0
K2_late_m3195,2,3195,19,3,ccp,5.685095981408173e-05,0.026589499786496162,2,4.4516422357176663e-10,2,1,1
K2_late_m3195,2,3195,19,3,ipopt,5.47914189363897e-05,0.18393220799043775,100,1.9455142374044584e-06,1,0,0
K2_late_m3195,2,3195,19,4,ccp,5.043365703710843e-05,0.027134832926094532,2,9.545660574849612e-10,2,1,1
K2_late_m3195,2,3195,19,4,ipopt,5.043461161851584e-05,0.22715541627258062,100,4.018324301774401e-18,2,1,0
K2_late_m3195,2,3195,19,5,ccp,4.9236573607041884e-05,0.03967354213818908,3,1.7457358272182123e-11,2,1,1
K2_late_m3195,2,3195,19,5,ipopt,4.923659106411066e-05,0.22934562480077147,100,1.2983321015513916e-17,2,1,0
K2_late_m3195,2,3195,19,6,ccp,4.497858984161727e-05,0.026661749929189682,2,1.5902038896491318e-09,2,1,1
K2_late_m3195,2,3195,19,6,ipopt,4.4614001933022065e-05,0.15114845801144838,100,2.6084060957500444e-07,1,0,0
K2_late_m3195,2,3195,19,7,ccp,4.577986604375388e-05,0.039328749757260084,3,1.1592578574870244e-11,2,1,1
K2_late_m3195,2,3195,19,7,ipopt,4.4432918201460026e-05,0.1594901247881353,100,1.229675330288427e-06,1,0,0
K2_late_m3195,2,3195,19,8,ccp,5.37079995774351e-05,0.03812279086560011,3,1.3397755248837273e-10,2,1,1
K2_late_m3195,2,3195,19,8,ipopt,5.370813355495287e-05,0.23335912497714162,100,4.133520782600986e-18,2,1,0
K2_late_m3195,2,3195,19,9,ccp,4.546803194665095e-05,0.0387363750487566,3,1.8503246942177653e-11,2,1,1
K2_late_m3195,2,3195,19,9,ipopt,4.546805044966843e-05,0.16105341725051403,100,2.3649159887340065e-18,2,1,0
K6_early_m108,6,108,0,0,ccp,1.7975436524438033,0.002800166606903076,4,2.898077333668425e-10,4,1,1
K6_early_m108,6,108,0,0,ipopt,1.7987906668497209,0.10075991693884134,100,0.0006907799507900325,3,0,0
K6_early_m108,6,108,0,1,ccp,1.7975436526076205,0.003086499869823456,5,1.259909954143268e-10,4,1,1
K6_early_m108,6,108,0,1,ipopt,1.7780704034446089,0.08305695932358503,100,0.016834813465641973,2,0,0
K6_early_m108,6,108,0,2,ccp,1.797543643747611,0.0020418749190866947,4,8.986000832322816e-09,4,1,1
K6_early_m108,6,108,0,2,ipopt,1.7984705405790993,0.09646229213103652,100,0.0009611800917401769,2,0,0
K6_early_m108,6,108,0,3,ccp,1.546922392694968,0.00283408397808671,5,8.060219158778636e-14,4,1,1
K6_early_m108,6,108,0,3,ipopt,1.4326484690599188,0.06499720830470324,100,0.09126274737005224,1,0,0
K6_early_m108,6,108,0,4,ccp,1.5481961131585176,0.0022475002333521843,4,3.8413716652030416e-14,4,1,1
K6_early_m108,6,108,0,4,ipopt,1.4313710351961633,0.07270004181191325,100,0.11048236988160065,1,0,0
K6_early_m108,6,108,0,5,ccp,1.6712719895184966,0.0022142911329865456,4,2.0895529750930564e-10,5,1,1
K6_early_m108,6,108,0,5,ipopt,1.609024209323606,0.07362075010314584,100,0.057201686915687056,1,0,0
K6_early_m108,6,108,0,6,ccp,1.7975436526438995,0.003137459047138691,5,8.971245968325547e-11,4,1,1
K6_early_m108,6,108,0,6,ipopt,1.4077882946982014,0.0739935003221035,100,0.29161867894678717,1,0,0
K6_early_m108,6,108,0,7,ccp,1.6223683966361544,0.002870792057365179,5,4.898303984646191e-12,4,1,1
K6_early_m108,6,108,0,7,ipopt,1.6683548461570146,0.08401879109442234,100,0.0028953366544832715,2,0,0
K6_early_m108,6,108,0,8,ccp,1.7995238090750165,0.002479500137269497,4,1.352532219556224e-08,4,1,1
K6_early_m108,6,108,0,8,ipopt,1.7002899426648388,0.09055716684088111,100,0.03941478797636311,3,0,0
K6_early_m108,6,108,0,9,ccp,1.7975436526524629,0.0037414589896798134,6,8.114908744971672e-11,4,1,1
K6_early_m108,6,108,0,9,ipopt,1.7802186917259561,0.08573312498629093,100,0.015066025063360966,2,0,0
K6_early_m108,6,108,1,0,ccp,1.7995238224637538,0.002189207822084427,4,1.3658563169371973e-10,4,1,1
K6_early_m108,6,108,1,0,ipopt,1.7768964774059839,0.08058041660115123,100,0.021185452056357246,2,0,0
K6_early_m108,6,108,1,1,ccp,1.799523822433002,0.002907915972173214,5,1.673372551636021e-10,4,1,1
K6_early_m108,6,108,1,1,ipopt,1.5072282779247312,0.10721958335489035,100,0.012860266452608515,3,0,0
K6_early_m108,6,108,1,2,ccp,1.6223683966404905,0.002437957562506199,4,5.622169396701793e-13,4,1,1
K6_early_m108,6,108,1,2,ipopt,1.450108014486769,0.11842245794832706,100,0.152797530790324,1,0,0
K6_early_m108,6,108,1,3,ccp,1.7995238225589896,0.0030266251415014267,5,4.1346703838485155e-11,4,1,1
K6_early_m108,6,108,1,3,ipopt,1.7974455441302326,0.10831141704693437,100,9.756771471503001e-05,2,0,0
K6_early_m108,6,108,1,4,ccp,1.5766030629017838,0.00271395780146122,5,8.881784197001252e-16,4,1,1
K6_early_m108,6,108,1,4,ipopt,1.4006557366315167,0.08316437480971217,100,0.132246527216475,1,0,0
K6_early_m108,6,108,1,5,ccp,1.7975436527336113,0.0029226248152554035,5,2.220446049250313e-16,4,1,1
K6_early_m108,6,108,1,5,ipopt,1.7942910223980852,0.08402900025248528,100,0.0031944663768308512,2,0,0
K6_early_m108,6,108,1,6,ccp,1.5301257063826106,0.0024094167165458202,4,4.296385469615416e-11,4,1,1
K6_early_m108,6,108,1,6,ipopt,1.4225107748575694,0.10220545902848244,100,0.04259989533947839,4,0,0
K6_early_m108,6,108,1,7,ccp,1.79952381991568,0.0024626669473946095,4,2.684660049823151e-09,4,1,1
K6_early_m108,6,108,1,7,ipopt,1.384040372870625,0.10141941625624895,100,0.3421056660177555,1,0,0
K6_early_m108,6,108,1,8,ccp,1.6712719817236699,0.00229320814833045,4,8.003782525634051e-09,5,1,1
K6_early_m108,6,108,1,8,ipopt,1.671271988943312,0.11443937476724386,100,7.841400861963166e-10,5,1,0
K6_early_m108,6,108,1,9,ccp,1.7995238220661127,0.0037453752011060715,6,5.342264408625397e-10,4,1,1
K6_early_m108,6,108,1,9,ipopt,1.7838032257603795,0.11800783406943083,100,0.013707811345048171,2,0,0
K6_early_m108,6,108,2,0,ccp,1.7995238225997578,0.002276207786053419,4,5.810907310888069e-13,4,1,1
K6_early_m108,6,108,2,0,ipopt,1.786379910973574,0.08041045907884836,100,0.012077446621659993,2,0,0
K6_early_m108,6,108,2,1,ccp,1.7995238221334597,0.0022927909158170223,4,4.668789799211481e-10,4,1,1
K6_early_m108,6,108,2,1,ipopt,1.6066374911404935,0.07960045896470547,100,0.05291104113976264,2,0,0
K6_early_m108,6,108,2,2,ccp,1.7995238206128334,0.002269874792546034,4,1.9875054935170056e-09,4,1,1
K6_early_m108,6,108,2,2,ipopt,1.7712994580873658,0.08083087485283613,100,0.022831027634571566,2,0,0
K6_early_m108,6,108,2,3,ccp,1.7975436527335533,0.0027166251093149185,5,5.839773109528323e-14,4,1,1
K6_early_m108,6,108,2,3,ipopt,1.7854901359751114,0.07966033322736621,100,0.011706832760409513,2,0,0
K6_early_m108,6,108,2,4,ccp,1.5766030629017835,0.002887084148824215,5,1.9984014443252818e-15,4,1,1
K6_early_m108,6,108,2,4,ipopt,1.4716281911539433,0.06541416607797146,100,0.06401473539483482,1,0,0
K6_early_m108,6,108,2,5,ccp,1.7521504586728511,0.0029245419427752495,5,1.9273471707492718e-13,4,1,1
K6_early_m108,6,108,2,5,ipopt,1.7959186599033754,0.09629537537693977,100,0.0007697280370233539,3,0,0
K6_early_m108,6,108,2,6,ccp,1.7975436527336113,0.0029204171150922775,5,8.881784197001252e-16,4,1,1
K6_early_m108,6,108,2,6,ipopt,1.4132858331283358,0.07399637484923005,100,0.3221421065742822,1,0,0
K6_early_m108,6,108,2,7,ccp,1.7975436527334123,0.002660958096385002,5,1.9961809982760315e-13,4,1,1
K6_early_m108,6,108,2,7,ipopt,1.7310148451808347,0.07875479105859995,100,0.046853273566903164,2,0,0
K6_early_m108,6,108,2,8,ccp,1.7995238226003352,0.0027867918834090233,5,4.440892098500626e-15,4,1,1
K6_early_m108,6,108,2,8,ipopt,1.7527245567106022,0.08465833403170109,100,0.042431698094523185,2,0,0
K6_early_m108,6,108,2,9,ccp,1.7995238224937125,0.003619750030338764,6,1.0662670746341973e-10,4,1,1
K6_early_m108,6,108,2,9,ipopt,1.66774878636167,0.07870899979025126,100,0.003073205767583964,1,0,0
K6_early_m108,6,108,3,0,ccp,1.7995238226003356,0.0026617497205734253,5,3.552713678800501e-15,4,1,1
K6_early_m108,6,108,3,0,ipopt,1.5962252036838003,0.09695783304050565,100,0.08802930209002091,3,0,0
K6_early_m108,6,108,3,1,ccp,1.6712719897274502,0.0027715000323951244,5,2.220446049250313e-15,5,1,1
K6_early_m108,6,108,3,1,ipopt,1.428871504501093,0.07797924987971783,100,0.15326760302219444,1,0,0
K6_early_m108,6,108,3,2,ccp,1.6712719887211034,0.0023112078197300434,4,1.0063490041289924e-09,5,1,1
K6_early_m108,6,108,3,2,ipopt,1.6697977234028152,0.08571108290925622,100,0.00115272930163135,1,0,0
K6_early_m108,6,108,3,3,ccp,1.6223683966380014,0.0030674999579787254,5,3.0515590054847053e-12,4,1,1
K6_early_m108,6,108,3,3,ipopt,1.568446693190381,0.082481584046036,100,0.00459935514772658,1,0,0
K6_early_m108,6,108,3,4,ccp,1.5766030628987453,0.0028024581260979176,5,3.0397906414236786e-12,4,1,1
K6_early_m108,6,108,3,4,ipopt,1.3748187617857464,0.08346212469041348,100,0.1279014883351668,1,0,0
K6_early_m108,6,108,3,5,ccp,1.6712719802517748,0.0023153331130743027,4,9.475677131831617e-09,5,1,1
K6_early_m108,6,108,3,5,ipopt,1.7839105623750267,0.08831287501379848,100,0.013738214572767582,2,0,0
K6_early_m108,6,108,3,6,ccp,1.7521504556742094,0.0025743329897522926,4,2.9988351801790714e-09,4,1,1
K6_early_m108,6,108,3,6,ipopt,1.6460454038423937,0.07615058310329914,100,0.12589010905725195,2,0,0
K6_early_m108,6,108,3,7,ccp,1.7975436526498307,0.0034059169702231884,6,8.378120419649804e-11,4,1,1
K6_early_m108,6,108,3,7,ipopt,1.7491246935744154,0.08618533285334706,100,0.0017937703493262624,2,0,0
K6_early_m108,6,108,3,8,ccp,1.7975436459306613,0.0022125840187072754,4,6.802950869300162e-09,4,1,1
K6_early_m108,6,108,3,8,ipopt,1.7979909467433755,0.07806120812892914,100,0.001319977459595112,3,0,0
K6_early_m108,6,108,3,9,ccp,1.6712719886961525,0.0022792499512434006,4,1.0312997122952083e-09,5,1,1
K6_early_m108,6,108,3,9,ipopt,1.419446239613496,0.06983837531879544,100,0.1745384096380973,1,0,0
K6_early_m108,6,108,4,0,ccp,1.7975436527035256,0.002444291952997446,4,3.008593374431712e-11,4,1,1
K6_early_m108,6,108,4,0,ipopt,1.7920904373310171,0.07605045894160867,100,0.007130789431721185,2,0,0
K6_early_m108,6,108,4,1,ccp,1.6712719897173134,0.002385708037763834,4,1.0138778705481855e-11,5,1,1
K6_early_m108,6,108,4,1,ipopt,1.5002692071216759,0.07446379214525223,100,0.1507159700584919,1,0,0
K6_early_m108,6,108,4,2,ccp,1.7975436351993872,0.0022280002012848854,4,1.7534224516779773e-08,4,1,1
K6_early_m108,6,108,4,2,ipopt,1.6025603782431497,0.1030719168484211,100,0.09492074687802465,1,0,0
K6_early_m108,6,108,4,3,ccp,1.671271989637669,0.002464416902512312,4,8.978329191222656e-11,5,1,1
K6_early_m108,6,108,4,3,ipopt,1.581758193949521,0.06918074982240796,100,0.08264131483405768,2,0,0
K6_early_m108,6,108,4,4,ccp,1.7995238220405567,0.003909499850124121,6,5.597826646663862e-10,4,1,1
K6_early_m108,6,108,4,4,ipopt,1.411564734178759,0.06906162528321147,100,0.1663462370233615,2,0,0
K6_early_m108,6,108,4,5,ccp,1.7975436527335846,0.0028738752007484436,5,2.731148640577885e-14,4,1,1
K6_early_m108,6,108,4,5,ipopt,1.7744430042445387,0.08388020796701312,100,0.01893842271412094,2,0,0
K6_early_m108,6,108,4,6,ccp,1.7995238226003316,0.002735916990786791,5,8.215650382226158e-15,4,1,1
K6_early_m108,6,108,4,6,ipopt,1.314879244299885,0.10264729103073478,100,0.36977495316533493,1,0,0
K6_early_m108,6,108,4,7,ccp,1.4729846699493403,0.0023926659487187862,4,4.354487437296939e-09,4,1,1
K6_early_m108,6,108,4,7,ipopt,1.307174950489474,0.07530470890924335,100,0.1378236783180331,1,0,0
K6_early_m108,6,108,4,8,ccp,1.7520904254896854,0.002347707748413086,4,5.867839547590847e-10,4,1,1
K6_early_m108,6,108,4,8,ipopt,1.3023255553290132,0.08530616667121649,100,0.3871259991535163,1,0,0
K6_early_m108,6,108,4,9,ccp,1.622368380741488,0.002925458364188671,5,1.5899564775878616e-08,4,1,1
K6_early_m108,6,108,4,9,ipopt,1.4559217010279557,0.10127825010567904,100,3.920010004376806e-06,2,0,0
K6_early_m108,6,108,5,0,ccp,1.7520904258060122,0.0022288747131824493,4,2.7045743422604573e-10,4,1,1
K6_early_m108,6,108,5,0,ipopt,1.5545383139776447,0.09541570907458663,100,0.17484496928908122,1,0,0
K6_early_m108,6,108,5,1,ccp,1.752090426074505,0.0021173753775656223,4,1.963984530561902e-12,4,1,1
K6_early_m108,6,108,5,1,ipopt,1.7460493789170775,0.0794425830245018,82,0.00390253281016828,2,0,0
K6_early_m108,6,108,5,2,ccp,1.797543652689709,0.0022235410287976265,4,4.3902881330382115e-11,4,1,1
K6_early_m108,6,108,5,2,ipopt,1.4363646944248054,0.08272895822301507,100,0.052207530590152595,2,0,0
K6_early_m108,6,108,5,3,ccp,1.5469223926949092,0.0031370827928185463,5,1.396660564978447e-13,4,1,1
K6_early_m108,6,108,5,3,ipopt,1.467744528559747,0.07494212500751019,100,0.06644328593375692,2,0,0
K6_early_m108,6,108,5,4,ccp,1.534852038103169,0.0028645838610827923,5,7.18498593954564e-11,4,1,1
K6_early_m108,6,108,5,4,ipopt,1.492945764052405,0.08215979160740972,100,0.024352637225931728,3,0,0
K6_early_m108,6,108,5,5,ccp,1.512045048186221,0.0022070002742111683,4,3.553379812615276e-12,4,1,1
K6_early_m108,6,108,5,5,ipopt,1.3497173819852477,0.09494712483137846,100,0.14616088523763948,1,0,0
K6_early_m108,6,108,5,6,ccp,1.671271989185878,0.0030120844021439552,5,5.415747850179287e-10,5,1,1
K6_early_m108,6,108,5,6,ipopt,1.5728543931349184,0.08499224996194243,100,0.06214733370322745,2,0,0
K6_early_m108,6,108,5,7,ccp,1.5118927383934866,0.002394250128418207,4,1.3366350248844583e-08,5,1,1
K6_early_m108,6,108,5,7,ipopt,1.3646799317581761,0.07191258389502764,100,0.09831365453160079,2,0,0
K6_early_m108,6,108,5,8,ccp,1.6712719897274504,0.0028418749570846558,5,1.3322676295501878e-15,5,1,1
K6_early_m108,6,108,5,8,ipopt,1.3911157144869248,0.07681658398360014,100,0.17256139521170266,3,0,0
K6_early_m108,6,108,5,9,ccp,1.797543652645985,0.003669542260468006,6,8.76272387984045e-11,4,1,1
K6_early_m108,6,108,5,9,ipopt,1.4920793222261746,0.09602237492799759,100,0.0028818487694068917,3,0,0
K6_early_m108,6,108,6,0,ccp,1.7975436467604786,0.0021728328429162502,4,5.973132877201692e-09,4,1,1
K6_early_m108,6,108,6,0,ipopt,1.414454531180025,0.11304674996063113,100,0.3044050411954877,1,0,0
K6_early_m108,6,108,6,1,ccp,1.5348520381583368,0.0024407501332461834,4,1.6682211168017602e-11,4,1,1
K6_early_m108,6,108,6,1,ipopt,1.4538369146551948,0.06977541698142886,100,0.11467767664379913,1,0,0
K6_early_m108,6,108,6,2,ccp,1.7975436377781817,0.0024081668816506863,4,1.4955430671648173e-08,4,1,1
K6_early_m108,6,108,6,2,ipopt,1.7942762321144992,0.08216079184785485,100,0.004976866767665733,2,0,0
K6_early_m108,6,108,6,3,ccp,1.7995238224532564,0.0028699999675154686,5,1.4708323448076044e-10,4,1,1
K6_early_m108,6,108,6,3,ipopt,1.7823171991783244,0.10575224971398711,100,0.014860593230736185,2,0,0
K6_early_m108,6,108,6,4,ccp,1.7995238223190284,0.0029902500100433826,5,2.8131075247017634e-10,4,1,1
K6_early_m108,6,108,6,4,ipopt,1.7804485964716232,0.07259366707876325,100,0.017465905421980343,1,0,0
K6_early_m108,6,108,6,5,ccp,1.5358618894117437,0.0024702497757971287,4,1.3129275444612176e-11,4,1,1
K6_early_m108,6,108,6,5,ipopt,1.3435325256404391,0.0747360410168767,100,0.17861952533288994,1,0,0
K6_early_m108,6,108,6,6,ccp,1.5118927517598344,0.0030157077126204967,5,2.4424906541753444e-15,5,1,1
K6_early_m108,6,108,6,6,ipopt,1.3414967327616394,0.0716558750718832,100,0.08407718151477561,1,0,0
K6_early_m108,6,108,6,7,ccp,1.7995238223014196,0.0030168327502906322,5,2.9891999986375595e-10,4,1,1
K6_early_m108,6,108,6,7,ipopt,1.3692132874209826,0.08306295797228813,100,0.02652722284838349,2,0,0
K6_early_m108,6,108,6,8,ccp,1.6712719877147788,0.002308208029717207,4,2.0126729172176283e-09,5,1,1
K6_early_m108,6,108,6,8,ipopt,1.5557588569620195,0.08397154230624437,100,0.08230376336429601,3,0,0
K6_early_m108,6,108,6,9,ccp,1.7995238206803839,0.0022004167549312115,4,1.9199546397175027e-09,4,1,1
K6_early_m108,6,108,6,9,ipopt,1.3103674696414847,0.09983599977567792,100,0.3901173838031451,1,0,0
K6_early_m108,6,108,7,0,ccp,1.5348520379406618,0.0022703753784298897,4,2.3435653417891444e-10,4,1,1
K6_early_m108,6,108,7,0,ipopt,1.3996691947276114,0.08154470892623067,100,0.09373891690671354,1,0,0
K6_early_m108,6,108,7,1,ccp,1.7975436527335984,0.0027071251533925533,5,1.354472090042691e-14,4,1,1
K6_early_m108,6,108,7,1,ipopt,1.3965333749846653,0.07387699978426099,100,0.26313218830634755,1,0,0
K6_early_m108,6,108,7,2,ccp,1.593317544364524,0.0030664168298244476,5,2.273625732129858e-11,4,1,1
K6_early_m108,6,108,7,2,ipopt,1.377395303086101,0.09847516613081098,100,0.17272399857823828,1,0,0
K6_early_m108,6,108,7,3,ccp,1.7995238221821317,0.003114708699285984,5,4.1820658047697634e-10,4,1,1
K6_early_m108,6,108,7,3,ipopt,1.6644139771339495,0.07766054198145866,100,0.039649437729965875,2,0,0
K6_early_m108,6,108,7,4,ccp,1.5766030629017846,0.0027194167487323284,5,6.661338147750939e-16,4,1,1
K6_early_m108,6,108,7,4,ipopt,1.3606202372865295,0.07376545807346702,100,0.18218556788467466,1,0,0
K6_early_m108,6,108,7,5,ccp,1.7975436527336113,0.0029527503065764904,5,1.1102230246251565e-15,4,1,1
K6_early_m108,6,108,7,5,ipopt,1.7577085768997907,0.05511020915582776,57,0.014584100364978259,2,0,0
K6_early_m108,6,108,7,6,ccp,1.7521504559904897,0.0029702079482376575,5,2.6825548449238568e-09,4,1,1
K6_early_m108,6,108,7,6,ipopt,1.3530199150625293,0.07771883299574256,100,0.15605541054680305,1,0,0
K6_early_m108,6,108,7,7,ccp,1.5118927516531793,0.0022594588808715343,4,1.0665779370810924e-10,5,1,1
K6_early_m108,6,108,7,7,ipopt,1.4990033548552852,0.09913416672497988,100,0.008995093953813704,2,0,0
K6_early_m108,6,108,7,8,ccp,1.799523822494883,0.003821291960775852,6,1.0545653239546482e-10,4,1,1
K6_early_m108,6,108,7,8,ipopt,1.3306912530628814,0.0987978340126574,100,0.23934650687456682,1,0,0
K6_early_m108,6,108,7,9,ccp,1.7995238225693777,0.002821125090122223,5,3.096167766614144e-11,4,1,1
K6_early_m108,6,108,7,9,ipopt,1.799049332226044,0.10068833315744996,100,0.00045742179848895503,2,0,0
K6_early_m108,6,108,8,0,ccp,1.7995238226002153,0.0022435407154262066,4,1.2367884494324244e-13,4,1,1
K6_early_m108,6,108,8,0,ipopt,1.7238832021529815,0.08505187509581447,100,0.04511010474602806,2,0,0
K6_early_m108,6,108,8,1,ccp,1.7521504573768996,0.0024579172022640705,4,1.2961451911763788e-09,4,1,1
K6_early_m108,6,108,8,1,ipopt,1.744506451660748,0.04559487523511052,47,0.007223686647229943,2,0,0
K6_early_m108,6,108,8,2,ccp,1.799523822040753,0.003738749772310257,6,5.595857111018177e-10,4,1,1
K6_early_m108,6,108,8,2,ipopt,1.7963046738102728,0.08228516718372703,100,0.00244939566216007,2,0,0
K6_early_m108,6,108,8,3,ccp,1.7995238225995431,0.0026999590918421745,5,7.962519532611623e-13,4,1,1
K6_early_m108,6,108,8,3,ipopt,1.7975415498826748,0.09673854196444154,100,2.102481941657075e-06,1,0,0
K6_early_m108,6,108,8,4,ccp,1.5130401344197146,0.0022426252253353596,4,1.9614081470109568e-09,4,1,1
K6_early_m108,6,108,8,4,ipopt,1.542875640207723,0.10492754215374589,100,0.007202114560909356,2,0,0
K6_early_m108,6,108,8,5,ccp,1.7995238220738021,0.002958875149488449,5,5.265372582385908e-10,4,1,1
K6_early_m108,6,108,8,5,ipopt,1.783153482476037,0.09592525009065866,100,0.013834432433714072,2,0,0
K6_early_m108,6,108,8,6,ccp,1.5469223926949658,0.0031190840527415276,5,8.326672684688674e-14,4,1,1
K6_early_m108,6,108,8,6,ipopt,1.360009721873914,0.07014629198238254,100,0.16317397731520877,1,0,0
K6_early_m108,6,108,8,7,ccp,1.7975436526446558,0.0035570827312767506,6,8.895617575888082e-11,4,1,1
K6_early_m108,6,108,8,7,ipopt,1.6735887493596606,0.09248387487605214,100,0.0443034266309803,3,0,0
K6_early_m108,6,108,8,8,ccp,1.7975436527336113,0.0027151666581630707,5,1.1102230246251565e-15,4,1,1
K6_early_m108,6,108,8,8,ipopt,1.795316752844494,0.0808129170909524,100,0.0020291509042416056,2,0,0
K6_early_m108,6,108,8,9,ccp,1.7995238220394745,0.003612792119383812,6,5.608646880261858e-10,4,1,1
K6_early_m108,6,108,8,9,ipopt,1.3312135173517992,0.08397524990141392,100,0.1889777076744401,1,0,0
K6_early_m108,6,108,9,0,ccp,1.797543652651538,0.0034913327544927597,6,8.207345914001962e-11,4,1,1
K6_early_m108,6,108,9,0,ipopt,1.7670884904418889,0.07516679214313626,79,0.02085629156572333,2,0,0
K6_early_m108,6,108,9,1,ccp,1.6712719891527814,0.002424208912998438,4,5.746707554266095e-10,5,1,1
K6_early_m108,6,108,9,1,ipopt,1.6462829575950644,0.07161083398386836,100,0.03476937105138811,1,0,0
K6_early_m108,6,108,9,2,ccp,1.5573586578695269,0.0023788330145180225,4,3.530509218307998e-14,3,1,1
K6_early_m108,6,108,9,2,ipopt,1.5534726250516449,0.100531917065382,100,0.09697211560489061,3,0,0
K6_early_m108,6,108,9,3,ccp,1.455670307213965,0.0021903752349317074,4,9.329210737263338e-10,5,1,1
K6_early_m108,6,108,9,3,ipopt,1.442598457647882,0.09620954096317291,100,0.01983679573690411,2,0,0
K6_early_m108,6,108,9,4,ccp,1.7995238220514456,0.0034771249629557133,6,5.488938192854675e-10,4,1,1
K6_early_m108,6,108,9,4,ipopt,1.5117872340061074,0.08303616708144546,100,0.0500254313900812,2,0,0
K6_early_m108,6,108,9,5,ccp,1.6712719896767705,0.0023717088624835014,4,5.0681681074138396e-11,5,1,1
K6_early_m108,6,108,9,5,ipopt,1.640005803163452,0.07639108318835497,100,0.03019899000684867,2,0,0
K6_early_m108,6,108,9,6,ccp,1.62236839663556,0.003654874861240387,6,5.4927173920304995e-12,4,1,1
K6_early_m108,6,108,9,6,ipopt,1.3091229157981217,0.08159066596999764,100,0.1668188269766515,1,0,0
K6_early_m108,6,108,9,7,ccp,1.671271989655997,0.0030228327959775925,5,7.14550640878997e-11,5,1,1
K6_early_m108,6,108,9,7,ipopt,1.303372316370484,0.08152608387172222,100,0.025042255078941533,2,0,0
K6_early_m108,6,108,9,8,ccp,1.7521504586726915,0.002872458193451166,5,3.5016434196677437e-13,4,1,1
K6_early_m108,6,108,9,8,ipopt,1.5297793614819903,0.07230270886793733,100,0.11438627279231262,2,0,0
K6_early_m108,6,108,9,9,ccp,1.6712719897274515,0.00274454103782773,5,-2.220446049250313e-16,5,1,1
K6_early_m108,6,108,9,9,ipopt,1.5306800225556751,0.09039962524548173,100,0.09119689313241564,3,0,0
K6_early_m108,6,108,10,0,ccp,1.7975436527335944,0.0029485002160072327,5,1.7763568394002505e-14,4,1,1
K6_early_m108,6,108,10,0,ipopt,1.6057204512000012,0.06961429212242365,100,0.11634100104121736,2,0,0
K6_early_m108,6,108,10,1,ccp,1.799523822045516,0.003507958259433508,6,5.548230763707807e-10,4,1,1
K6_early_m108,6,108,10,1,ipopt,1.4800719898807206,0.12276733387261629,100,0.09811471067406075,1,0,0
K6_early_m108,6,108,10,2,ccp,1.7995238220733913,0.0035223327577114105,6,5.269480407577021e-10,4,1,1
K6_early_m108,6,108,10,2,ipopt,1.63044965253778,0.07589616673067212,100,0.03876785728642429,2,0,0
K6_early_m108,6,108,10,3,ccp,1.7521504550675417,0.0022547091357409954,4,3.605501897041563e-09,4,1,1
K6_early_m108,6,108,10,3,ipopt,1.734489863370975,0.0741484584286809,100,0.021689655412966635,1,0,0
K6_early_m108,6,108,10,4,ccp,1.7995238225066443,0.003053292166441679,5,9.369527376179576e-11,4,1,1
K6_early_m108,6,108,10,4,ipopt,1.5712377828024258,0.0699450415559113,100,0.11198650633113472,2,0,0
K6_early_m108,6,108,10,5,ccp,1.6712719876084856,0.0022336249239742756,4,2.1189663357290556e-09,5,1,1
K6_early_m108,6,108,10,5,ipopt,1.6768223130732824,0.07670358335599303,100,0.024609685298029538,1,0,0
K6_early_m108,6,108,10,6,ccp,1.7995238219938599,0.0035883751697838306,6,6.064795332605399e-10,4,1,1
K6_early_m108,6,108,10,6,ipopt,1.4120772013855647,0.08099833270534873,100,0.09013879763159682,1,0,0
K6_early_m108,6,108,10,7,ccp,1.6712719787702968,0.0022330409847199917,4,1.0957155183177747e-08,5,1,1
K6_early_m108,6,108,10,7,ipopt,1.4576854923061533,0.07317270804196596,100,0.14069257310655758,2,0,0
K6_early_m108,6,108,10,8,ccp,1.5933175412266956,0.0025245831348001957,4,3.1605651429345016e-09,4,1,1
K6_early_m108,6,108,10,8,ipopt,1.394404959295743,0.09135595802217722,100,0.13968981434203442,1,0,0
K6_early_m108,6,108,10,9,ccp,1.6712719897272326,0.0030933329835534096,5,2.1938006966593093e-13,5,1,1
K6_early_m108,6,108,10,9,ipopt,1.6712489800291834,0.10102366702631116,100,2.29756622254218e-05,2,0,0
K6_early_m108,6,108,11,0,ccp,1.797543652392346,0.0023239590227603912,4,3.4126612646900867e-10,4,1,1
K6_early_m108,6,108,11,0,ipopt,1.784184282874263,0.07727587502449751,100,0.01365122261025431,2,0,0
K6_early_m108,6,108,11,1,ccp,1.7995238226003232,0.0029579168185591698,5,1.6653345369377348e-14,4,1,1
K6_early_m108,6,108,11,1,ipopt,1.5828863449756596,0.07929691672325134,100,0.09276774249408248,2,0,0
K6_early_m108,6,108,11,2,ccp,1.5358618894146268,0.0025887922383844852,4,1.024713647268527e-11,4,1,1
K6_early_m108,6,108,11,2,ipopt,1.5082492640997276,0.085101249627769,100,0.0010418738196773525,2,0,0
K6_early_m108,6,108,11,3,ccp,1.5301256966608556,0.002252667210996151,4,9.764719699489888e-09,4,1,1
K6_early_m108,6,108,11,3,ipopt,1.5877169036748375,0.07210812531411648,100,0.12917819712413903,2,0,0
K6_early_m108,6,108,11,4,ccp,1.799523822486114,0.002851958852261305,5,1.1422640611158386e-10,4,1,1
K6_early_m108,6,108,11,4,ipopt,1.5196025588414148,0.07069454109296203,100,0.0832458075706799,1,0,0
K6_early_m108,6,108,11,5,ccp,1.7521504586730359,0.0030402089469134808,5,8.43769498715119e-15,4,1,1
K6_early_m108,6,108,11,5,ipopt,1.7474921258949065,0.08277254179120064,100,0.0034936656593875792,1,0,0
K6_early_m108,6,108,11,6,ccp,1.6712719780043854,0.0023008338175714016,4,1.1723066517532743e-08,5,1,1
K6_early_m108,6,108,11,6,ipopt,1.6712719750295149,0.10965187521651387,100,1.4697920880379911e-08,5,1,0
K6_early_m108,6,108,11,7,ccp,1.6712719897274428,0.0027320832014083862,5,9.769962616701378e-15,5,1,1
K6_early_m108,6,108,11,7,ipopt,1.6208107084601555,0.06843858305364847,100,0.052747073846415304,1,0,0
K6_early_m108,6,108,11,8,ccp,1.7995238220346432,0.0034627499990165234,6,5.656961565847496e-10,4,1,1
K6_early_m108,6,108,11,8,ipopt,1.401805147194392,0.10608100006356835,100,2.017102040952068e-10,4,1,0
K6_early_m108,6,108,11,9,ccp,1.7521504586727739,0.003149708267301321,5,2.7000623958883807e-13,4,1,1
K6_early_m108,6,108,11,9,ipopt,1.5089969717627878,0.09023262467235327,100,0.0004345324452488253,2,0,0
K6_early_m108,6,108,12,0,ccp,1.799523822599943,0.0027347919531166553,5,3.9679370900103095e-13,4,1,1
K6_early_m108,6,108,12,0,ipopt,1.7836263842578788,0.0743287499062717,100,0.012331351565067594,2,0,0
K6_early_m108,6,108,12,1,ccp,1.7995238213294567,0.0023154160007834435,4,1.270882954429453e-09,4,1,1
K6_early_m108,6,108,12,1,ipopt,1.5509580401197383,0.06991866696625948,100,0.08615778808496688,2,0,0
K6_early_m108,6,108,12,2,ccp,1.797543652651557,0.003656875342130661,6,8.20554735270207e-11,4,1,1
K6_early_m108,6,108,12,2,ipopt,1.422655275720707,0.09921662509441376,100,0.2670890670504529,1,0,0
K6_early_m108,6,108,12,3,ccp,1.752090426026629,0.0021784580312669277,4,4.984035406607745e-11,4,1,1
K6_early_m108,6,108,12,3,ipopt,1.7147685532626578,0.07664429116994143,100,0.054409615734376526,2,0,0
K6_early_m108,6,108,12,4,ccp,1.799523822528577,0.0030573750846087933,5,7.176259586572087e-11,4,1,1
K6_early_m108,6,108,12,4,ipopt,1.6642709291720879,0.07070633256807923,100,0.025293485381394643,2,0,0
K6_early_m108,6,108,12,5,ccp,1.797543652651862,0.003592750057578087,6,8.1749496061434e-11,4,1,1
K6_early_m108,6,108,12,5,ipopt,1.7455176693548624,0.0507935406640172,54,0.004421615247096389,2,0,0
K6_early_m108,6,108,12,6,ccp,1.7975436518775798,0.0020260829478502274,4,8.560316899774989e-10,4,1,1
K6_early_m108,6,108,12,6,ipopt,1.3702082485764906,0.1062681251205504,95,0.35744848962089404,1,0,0
K6_early_m108,6,108,12,7,ccp,1.7995238220025562,0.00402841717004776,6,5.97783378353256e-10,4,1,1
K6_early_m108,6,108,12,7,ipopt,1.489742399657846,0.0801159581169486,100,0.058028975352782286,2,0,0
K6_early_m108,6,108,12,8,ccp,1.7521504586730205,0.0030843750573694706,5,2.353672812205332e-14,4,1,1
K6_early_m108,6,108,12,8,ipopt,1.3948280808116131,0.0666880002245307,100,0.226878146224897,2,0,0
K6_early_m108,6,108,12,9,ccp,1.7995238224639751,0.0028787502087652683,5,1.3636380913339963e-10,4,1,1
K6_early_m108,6,108,12,9,ipopt,1.718246001873867,0.10373337473720312,100,0.045307124347077954,1,0,0
K6_early_m108,6,108,13,0,ccp,1.6223683966102196,0.0023370003327727318,4,3.083333588449477e-11,4,1,1
K6_early_m108,6,108,13,0,ipopt,1.479770987703798,0.09419166622683406,100,0.1167087458948719,1,0,0
K6_early_m108,6,108,13,1,ccp,1.6712719814127461,0.0024602501653134823,4,8.314705368661635e-09,5,1,1
K6_early_m108,6,108,13,1,ipopt,1.4545590238676203,0.070914207957685,100,0.14916457868230637,2,0,0
K6_early_m108,6,108,13,2,ccp,1.7975436527336108,0.002775833010673523,5,1.1102230246251565e-15,4,1,1
K6_early_m108,6,108,13,2,ipopt,1.7667880929020208,0.08319612499326468,100,0.029756292023124464,2,0,0
K6_early_m108,6,108,13,3,ccp,1.7995238222895815,0.0021855421364307404,4,3.107574197969143e-10,4,1,1
K6_early_m108,6,108,13,3,ipopt,1.708380828786495,0.07590645924210548,100,0.0749302608169673,2,0,0
K6_early_m108,6,108,13,4,ccp,1.5358618865780764,0.0024576671421527863,4,2.846796132160989e-09,4,1,1
K6_early_m108,6,108,13,4,ipopt,1.3686823212467971,0.09357949998229742,100,0.13272341697331003,1,0,0
K6_early_m108,6,108,13,5,ccp,1.5481961129147241,0.0022741248831152916,4,2.4383295382790493e-10,4,1,1
K6_early_m108,6,108,13,5,ipopt,1.3644568437061242,0.07371166720986366,100,0.16441499802051207,1,0,0
K6_early_m108,6,108,13,6,ccp,1.576603062901774,0.0028544170781970024,5,9.992007221626409e-15,4,1,1
K6_early_m108,6,108,13,6,ipopt,1.4268531561930717,0.09013379085808992,100,0.049025355105378976,3,0,0
K6_early_m108,6,108,13,7,ccp,1.5118927516921965,0.0023211673833429813,4,6.764033777528766e-11,5,1,1
K6_early_m108,6,108,13,7,ipopt,1.501424812461831,0.072308249771595,100,0.07066101327365715,2,0,0
K6_early_m108,6,108,13,8,ccp,1.5766030629014733,0.0027685421518981457,5,3.115285807098189e-13,4,1,1
K6_early_m108,6,108,13,8,ipopt,1.3307844622815082,0.07421774975955486,100,0.15868291287856762,2,0,0
K6_early_m108,6,108,13,9,ccp,1.4675005339692837,0.0023455829359591007,4,9.607916684473139e-10,4,1,1
K6_early_m108,6,108,13,9,ipopt,1.4528479436068786,0.07807375025004148,100,0.12187878338030944,2,0,0
K6_early_m108,6,108,14,0,ccp,1.7995238224445556,0.0023125000298023224,4,1.5578427436935272e-10,4,1,1
K6_early_m108,6,108,14,0,ipopt,1.7624880666739011,0.09644774999469519,100,0.032252411858594066,3,0,0
K6_early_m108,6,108,14,1,ccp,1.7521504586730328,0.003173583187162876,5,1.1324274851176597e-14,4,1,1
K6_early_m108,6,108,14,1,ipopt,1.725556141414534,0.0964163332246244,100,0.04490635764078821,3,0,0
K6_early_m108,6,108,14,2,ccp,1.5933175443872596,0.002877041231840849,5,8.881784197001252e-16,4,1,1
K6_early_m108,6,108,14,2,ipopt,1.4009499716569336,0.09678312530741096,100,0.08417370775677391,1,0,0
K6_early_m108,6,108,14,3,ccp,1.671271989714137,0.002516083884984255,4,1.3315348823539352e-11,5,1,1
K6_early_m108,6,108,14,3,ipopt,1.678671884133241,0.08479441702365875,100,0.023775672263715686,3,0,0
K6_early_m108,6,108,14,4,ccp,1.535861889359686,0.0022598332725465298,4,6.518696693547099e-11,4,1,1
K6_early_m108,6,108,14,4,ipopt,1.3717692411337798,0.1052572913467884,100,0.1532358381985961,1,0,0
K6_early_m108,6,108,14,5,ccp,1.7975436527336095,0.003144499845802784,5,1.7763568394002505e-15,4,1,1
K6_early_m108,6,108,14,5,ipopt,1.752346823938749,0.07263520825654268,100,0.003770862316777368,2,0,0
K6_early_m108,6,108,14,6,ccp,1.4921093376300671,0.0023355409502983093,4,4.876099524153688e-13,5,1,1
K6_early_m108,6,108,14,6,ipopt,1.374063583198771,0.0755999581888318,100,0.07377024815312971,2,0,0
K6_early_m108,6,108,14,7,ccp,1.7995238220769614,0.0035778330639004707,6,5.233775635105076e-10,4,1,1
K6_early_m108,6,108,14,7,ipopt,1.5566939551744639,0.06685933284461498,100,0.08773137998650893,1,0,0
K6_early_m108,6,108,14,8,ccp,1.7995238220310923,0.0034179999493062496,6,5.692464277728959e-10,4,1,1
K6_early_m108,6,108,14,8,ipopt,1.7028674331374196,0.07541037490591407,100,0.06212869404399246,2,0,0
K6_early_m108,6,108,14,9,ccp,1.508258147436064,0.0034390417858958244,6,2.7177815553613982e-11,4,1,1
K6_early_m108,6,108,14,9,ipopt,1.3076624002958133,0.08644129196181893,100,0.1529698554979364,1,0,0
K6_early_m108,6,108,15,0,ccp,1.7975436375370264,0.0023689167574048042,4,1.5196585989585287e-08,4,1,1
K6_early_m108,6,108,15,0,ipopt,1.5376385630652183,0.10317437490448356,100,0.1881043397799551,1,0,0
K6_early_m108,6,108,15,1,ccp,1.7520904254252632,0.0023705000057816505,4,6.512064221197988e-10,4,1,1
K6_early_m108,6,108,15,1,ipopt,1.5117467327007552,0.07910816697403789,100,0.21734156459636145,1,0,0
K6_early_m108,6,108,15,2,ccp,1.7975436527328408,0.002366582863032818,4,7.709388682997087e-13,4,1,1
K6_early_m108,6,108,15,2,ipopt,1.744920712219856,0.09790883399546146,100,0.042384801325684895,4,0,0
K6_early_m108,6,108,15,3,ccp,1.7995238224674752,0.0028570829890668392,5,1.3286483024899098e-10,4,1,1
K6_early_m108,6,108,15,3,ipopt,1.680325401569636,0.11095037497580051,100,0.023910120295013604,1,0,0
K6_early_m108,6,108,15,4,ccp,1.7975436526280313,0.0030569997616112232,5,1.0558043328501299e-10,4,1,1
K6_early_m108,6,108,15,4,ipopt,1.543896895489116,0.08374787494540215,100,0.0260027911247791,2,0,0
K6_early_m108,6,108,15,5,ccp,1.797543652733592,0.002661957871168852,5,2.0872192862952943e-14,4,1,1
K6_early_m108,6,108,15,5,ipopt,1.605356406290363,0.0721948747523129,100,0.07840796705262099,1,0,0
K6_early_m108,6,108,15,6,ccp,1.573099396663521,0.0022609583102166653,4,4.2282466417020714e-10,3,1,1
K6_early_m108,6,108,15,6,ipopt,1.3435797044712072,0.0859447498805821,100,0.13908753571992483,1,0,0
K6_early_m108,6,108,15,7,ccp,1.799523822485098,0.00380100030452013,6,1.152407058668814e-10,4,1,1
K6_early_m108,6,108,15,7,ipopt,1.7908812843641195,0.12076554168015718,100,0.007259202848789448,1,0,0
K6_early_m108,6,108,15,8,ccp,1.7521504586727916,0.0028905407525599003,5,2.5224267119483557e-13,4,1,1
K6_early_m108,6,108,15,8,ipopt,1.7995233144679434,0.1100287502631545,100,5.081323708466812e-07,1,0,0
K6_early_m108,6,108,15,9,ccp,1.7975436527333053,0.002753417007625103,5,3.0597746558669314e-13,4,1,1
K6_early_m108,6,108,15,9,ipopt,1.7831644922561962,0.08969966694712639,100,0.013260368418650748,2,0,0
K6_early_m108,6,108,16,0,ccp,1.6712719896986075,0.00220895791426301,4,2.8845148491996042e-11,5,1,1
K6_early_m108,6,108,16,0,ipopt,1.470448666756627,0.08025658270344138,100,0.1662065796812744,1,0,0
K6_early_m108,6,108,16,1,ccp,1.799523822516116,0.003041165880858898,5,8.422329500490378e-11,4,1,1
K6_early_m108,6,108,16,1,ipopt,1.6023303638869688,0.07409795932471752,100,0.08821156316177015,1,0,0
K6_early_m108,6,108,16,2,ccp,1.671271989682194,0.0022570830769836903,4,4.525846364344943e-11,5,1,1
K6_early_m108,6,108,16,2,ipopt,1.7568699847673845,0.09591862512752414,100,0.036381900725718896,3,0,0
K6_early_m108,6,108,16,3,ccp,1.7995238220447707,0.003719042055308819,6,5.555689241987238e-10,4,1,1
K6_early_m108,6,108,16,3,ipopt,1.3650747483509167,0.11117908265441656,100,5.3234427976889265e-09,4,1,0
K6_early_m108,6,108,16,4,ccp,1.6712719790848372,0.0028281668201088905,5,1.064261634375896e-08,5,1,1
K6_early_m108,6,108,16,4,ipopt,1.6317766579853283,0.09452329203486443,100,0.03420488594355886,2,0,0
K6_early_m108,6,108,16,5,ccp,1.5348520381643214,0.0025154161266982555,4,1.0697220886868308e-11,4,1,1
K6_early_m108,6,108,16,5,ipopt,1.3741934856106308,0.08144599990919232,100,0.08412140846523575,2,0,0
K6_early_m108,6,108,16,6,ccp,1.671271989002338,0.0022199577651917934,4,7.251144129583054e-10,5,1,1
K6_early_m108,6,108,16,6,ipopt,1.6221568643256126,0.07077299989759922,100,0.10064377425268667,1,0,0
K6_early_m108,6,108,16,7,ccp,1.799523822486965,0.0027674580924212933,5,1.1337419891788159e-10,4,1,1
K6_early_m108,6,108,16,7,ipopt,1.6831481939254804,0.07673429185524583,100,0.045398691494527244,2,0,0
K6_early_m108,6,108,16,8,ccp,1.7975436526384405,0.003586959093809128,6,9.517209242915214e-11,4,1,1
K6_early_m108,6,108,16,8,ipopt,1.671270741821983,0.11342441663146019,100,1.2477064608162891e-06,4,0,0
K6_early_m108,6,108,16,9,ccp,1.7995238220837222,0.003984750248491764,7,5.166171934689601e-10,4,1,1
K6_early_m108,6,108,16,9,ipopt,1.474080825386867,0.08056520903483033,100,0.05977102773710863,2,0,0
K6_early_m108,6,108,17,0,ccp,1.79952381893772,0.00224583363160491,4,3.6626188748556388e-09,4,1,1
K6_early_m108,6,108,17,0,ipopt,1.7812722687193796,0.08164341701194644,100,0.01552439606035838,2,0,0
K6_early_m108,6,108,17,1,ccp,1.7975436527335975,0.002927874680608511,5,1.4210854715202004e-14,4,1,1
K6_early_m108,6,108,17,1,ipopt,1.6971621285278273,0.08692866703495383,100,0.05826677128712099,2,0,0
K6_early_m108,6,108,17,2,ccp,1.6223683966354927,0.0035115829668939114,6,5.560440996532634e-12,4,1,1
K6_early_m108,6,108,17,2,ipopt,1.5092714168573353,0.08370295912027359,100,0.03218319699748862,2,0,0
K6_early_m108,6,108,17,3,ccp,1.5348520381215829,0.0024428339675068855,4,5.3435922353628484e-11,4,1,1
K6_early_m108,6,108,17,3,ipopt,1.3163425471494978,0.08619970921427011,100,0.1942238212580183,1,0,0
K6_early_m108,6,108,17,4,ccp,1.7521504506793355,0.0024350001476705074,4,7.993707917819393e-09,4,1,1
K6_early_m108,6,108,17,4,ipopt,1.5891641644876302,0.07676458405330777,100,0.10058566288580528,2,0,0
K6_early_m108,6,108,17,5,ccp,1.5348520381750175,0.002903291955590248,5,1.7763568394002505e-15,4,1,1
K6_early_m108,6,108,17,5,ipopt,1.3107661092895064,0.09972787508741021,100,0.13259219948178513,1,0,0
K6_early_m108,6,108,17,6,ccp,1.5301257064255265,0.003054915927350521,5,4.796163466380676e-14,4,1,1
K6_early_m108,6,108,17,6,ipopt,1.6533329578278173,0.07920683408156037,100,0.09313082012983842,2,0,0
K6_early_m108,6,108,17,7,ccp,1.7995238225978611,0.0029430408030748367,5,2.4780177909633494e-12,4,1,1
K6_early_m108,6,108,17,7,ipopt,1.682603461918484,0.08513325033709407,100,0.05324851147893561,2,0,0
K6_early_m108,6,108,17,8,ccp,1.671271979517345,0.0030950424261391163,5,1.0210107426189552e-08,5,1,1
K6_early_m108,6,108,17,8,ipopt,1.6004590036278787,0.07814874965697527,100,0.05590393425964768,2,0,0
K6_early_m108,6,108,17,9,ccp,1.7521504584657435,0.0023215417750179768,4,2.0730039906879938e-10,4,1,1
K6_early_m108,6,108,17,9,ipopt,1.749942344879028,0.08022799994796515,100,0.04392111775553853,2,0,0
K6_early_m108,6,108,18,0,ccp,1.7975436527336095,0.0029520001262426376,5,2.6645352591003757e-15,4,1,1
K6_early_m108,6,108,18,0,ipopt,1.7884658807434002,0.07897254079580307,100,0.009589768046251779,2,0,0
K6_early_m108,6,108,18,1,ccp,1.7975436527336115,0.002755125053226948,5,2.220446049250313e-16,4,1,1
K6_early_m108,6,108,18,1,ipopt,1.476630961991457,0.07447074959054589,100,0.2637289620216232,1,0,0
K6_early_m108,6,108,18,2,ccp,1.79952382254621,0.0030748327262699604,5,5.412914561020443e-11,4,1,1
K6_early_m108,6,108,18,2,ipopt,1.6853689231527684,0.09785999963060021,100,0.02674168134388699,1,0,0
K6_early_m108,6,108,18,3,ccp,1.7975436527336117,0.0027501252479851246,5,4.440892098500626e-16,4,1,1
K6_early_m108,6,108,18,3,ipopt,1.7480667483785042,0.0892980839125812,100,0.04126057136395178,3,0,0
K6_early_m108,6,108,18,4,ccp,1.7995238225614631,0.0032870001159608364,5,3.8876679653299107e-11,4,1,1
K6_early_m108,6,108,18,4,ipopt,1.4567697181373014,0.07191162509843707,100,0.112689133597355,2,0,0
K6_early_m108,6,108,18,5,ccp,1.7995238226003394,0.0028349170461297035,5,-2.220446049250313e-16,4,1,1
K6_early_m108,6,108,18,5,ipopt,1.785887388547686,0.0765875419601798,100,0.01086223664245578,2,0,0
K6_early_m108,6,108,18,6,ccp,1.7995238226003387,0.0025409171357750893,5,0.0,4,1,1
K6_early_m108,6,108,18,6,ipopt,1.374268683352821,0.08017120882868767,100,0.31388214254745117,1,0,0
K6_early_m108,6,108,18,7,ccp,1.5573586573438125,0.002475957851856947,4,5.257498880695266e-10,3,1,1
K6_early_m108,6,108,18,7,ipopt,1.507869792206435,0.08379854168742895,100,0.15398803009026985,3,0,0
K6_early_m108,6,108,18,8,ccp,1.5766030629017722,0.0026994580402970314,5,1.199040866595169e-14,4,1,1
K6_early_m108,6,108,18,8,ipopt,1.3592086869173676,0.07573820883408189,100,0.168693307007729,1,0,0
K6_early_m108,6,108,18,9,ccp,1.7995238219769916,0.00358474999666214,6,6.233478178074847e-10,4,1,1
K6_early_m108,6,108,18,9,ipopt,1.376694562364671,0.0786910830065608,100,0.1398141043738108,2,0,0
K6_early_m108,6,108,19,0,ccp,1.797543652733609,0.002823958173394203,5,3.3306690738754696e-15,4,1,1
K6_early_m108,6,108,19,0,ipopt,1.7662536857331426,0.08050745911896229,100,0.029443025500247133,2,0,0
K6_early_m108,6,108,19,1,ccp,1.7975436527336115,0.0025355839170515537,5,6.661338147750939e-16,4,1,1
K6_early_m108,6,108,19,1,ipopt,1.7242197312241612,0.08883479190990329,100,0.05714692817563738,1,0,0
K6_early_m108,6,108,19,2,ccp,1.799523822025522,0.0035752076655626297,6,5.748170828212551e-10,4,1,1
K6_early_m108,6,108,19,2,ipopt,1.6798140443825977,0.07591212494298816,100,0.08141110017229614,2,0,0
K6_early_m108,6,108,19,3,ccp,1.6712719757167953,0.002195791807025671,4,1.4010656856910941e-08,5,1,1
K6_early_m108,6,108,19,3,ipopt,1.6948992909692027,0.08150783274322748,100,0.03894765655794852,3,0,0
K6_early_m108,6,108,19,4,ccp,1.752090425876024,0.0022269156761467457,4,2.0044566007015874e-10,4,1,1
K6_early_m108,6,108,19,4,ipopt,1.7682627306650784,0.08291762508451939,100,0.023664672015912602,2,0,0
K6_early_m108,6,108,19,5,ccp,1.5118927517575838,0.002487374935299158,4,2.2535306953841427e-12,5,1,1
K6_early_m108,6,108,19,5,ipopt,1.5057065901599085,0.07554712472483516,100,0.11434422181388659,2,0,0
K6_early_m108,6,108,19,6,ccp,1.7995238220197467,0.0034444169141352177,6,5.80592907084565e-10,4,1,1
K6_early_m108,6,108,19,6,ipopt,1.6419613999297753,0.07641104189679027,100,0.03191956170091248,1,0,0
K6_early_m108,6,108,19,7,ccp,1.4954452519630936,0.002239583060145378,4,5.084821452783217e-14,5,1,1
K6_early_m108,6,108,19,7,ipopt,1.5091479192912673,0.09235600009560585,100,0.002155050770284772,3,0,0
K6_early_m108,6,108,19,8,ccp,1.797543652637632,0.003940916154533625,6,9.597878047884478e-11,4,1,1
K6_early_m108,6,108,19,8,ipopt,1.6394253211503127,0.0799617082811892,100,0.02854270683912774,2,0,0
K6_early_m108,6,108,19,9,ccp,1.7995238216315421,0.0029254169203341007,5,9.68797264633281e-10,4,1,1
K6_early_m108,6,108,19,9,ipopt,1.5550488765180261,0.09843437513336539,100,0.08206033547370395,1,0,0
K6_mid_m2248,6,2248,0,0,ccp,0.09006607088662108,0.07685379078611732,4,1.2558259987471843e-11,5,1,1
K6_mid_m2248,6,2248,0,0,ipopt,0.07972272919010079,0.19327920814976096,100,0.008906756898075019,1,0,0
K6_mid_m2248,6,2248,0,1,ccp,0.10040557473598292,0.10648975009098649,5,1.1379786002407855e-15,4,1,1
K6_mid_m2248,6,2248,0,1,ipopt,0.10036121114195905,0.13566758390516043,100,4.384302954134334e-05,2,0,0
K6_mid_m2248,6,2248,0,2,ccp,0.09632338509422506,0.08302174974232912,4,7.094063392276695e-10,3,1,1
K6_mid_m2248,6,2248,0,2,ipopt,0.10095239040744221,0.17153795901685953,100,7.492046350768278e-06,3,0,0
K6_mid_m2248,6,2248,0,3,ccp,0.07677785854939626,0.0833897921256721,4,2.677883609303322e-10,6,1,1
K6_mid_m2248,6,2248,0,3,ipopt,0.06730707199155075,0.14205791614949703,100,0.006967916175003988,1,0,0
K6_mid_m2248,6,2248,0,4,ccp,0.07735815770027289,0.1040244591422379,5,1.2461420784148913e-12,5,1,1
K6_mid_m2248,6,2248,0,4,ipopt,0.08123698804671732,0.10375566687434912,48,0.00047354395620452516,2,0,0
K6_mid_m2248,6,2248,0,5,ccp,0.0850484735159891,0.087804458104074,4,1.215815198518655e-09,4,1,1
K6_mid_m2248,6,2248,0,5,ipopt,0.06486870756939375,0.15740579180419445,100,0.013717173912927233,1,0,0
K6_mid_m2248,6,2248,0,6,ccp,0.09173671560267879,0.12956770788878202,6,1.2100043189633425e-12,3,1,1
K6_mid_m2248,6,2248,0,6,ipopt,0.0677387571839011,0.12165591586381197,100,0.006288476968421067,2,0,0
K6_mid_m2248,6,2248,0,7,ccp,0.09794196700823495,0.1306589157320559,6,2.7716523520737724e-11,4,1,1
K6_mid_m2248,6,2248,0,7,ipopt,0.07247288720193863,0.1368393748998642,100,0.0036708250497745343,2,0,0
K6_mid_m2248,6,2248,0,8,ccp,0.09560936385150919,0.1048106667585671,5,8.201633816540266e-13,5,1,1
K6_mid_m2248,6,2248,0,8,ipopt,0.061617426999693664,0.12426562514156103,100,0.024468654894752848,1,0,0
K6_mid_m2248,6,2248,0,9,ccp,0.08925029842102344,0.08450933266431093,4,2.913369268053856e-10,4,1,1
K6_mid_m2248,6,2248,0,9,ipopt,0.06124535918058385,0.12261841585859656,100,0.02115289084042013,1,0,0
K6_mid_m2248,6,2248,1,0,ccp,0.08810419633828888,0.12998033361509442,6,7.130684931411224e-12,6,1,1
K6_mid_m2248,6,2248,1,0,ipopt,0.0716843155293658,0.16229474963620305,100,0.007626133129224333,1,0,0
K6_mid_m2248,6,2248,1,1,ccp,0.10107882971035916,0.10627041617408395,5,4.768373612629162e-10,5,1,1
K6_mid_m2248,6,2248,1,1,ipopt,0.09732452523980105,0.13011358305811882,100,0.0027346099300863125,2,0,0
K6_mid_m2248,6,2248,1,2,ccp,0.08581516202278533,0.08418449992313981,4,2.3981551466878415e-10,5,1,1
K6_mid_m2248,6,2248,1,2,ipopt,0.0690199139468377,0.12403354188427329,100,0.01430401354008684,1,0,0
K6_mid_m2248,6,2248,1,3,ccp,0.08340206049589186,0.08477275026962161,4,5.427935587110078e-09,5,1,1
K6_mid_m2248,6,2248,1,3,ipopt,0.07498814828111591,0.1625418751500547,100,0.0017252828560916783,3,0,0
K6_mid_m2248,6,2248,1,4,ccp,0.08406919016082104,0.12845450034365058,6,4.271721865123368e-13,5,1,1
K6_mid_m2248,6,2248,1,4,ipopt,0.07285318958380742,0.1414609169587493,100,0.0007066141964503364,2,0,0
K6_mid_m2248,6,2248,1,5,ccp,0.08400339110405046,0.12697420874610543,6,1.007657846052723e-11,5,1,1
K6_mid_m2248,6,2248,1,5,ipopt,0.06382508562813316,0.1542527498677373,100,0.001708097911633552,1,0,0
K6_mid_m2248,6,2248,1,6,ccp,0.09186980131489556,0.08483308413997293,4,6.090401932778988e-10,4,1,1
K6_mid_m2248,6,2248,1,6,ipopt,0.08721034626543284,0.12911937478929758,100,0.003667925625145216,2,0,0
K6_mid_m2248,6,2248,1,7,ccp,0.09880222616455762,0.19035475002601743,9,2.4862348152465685e-09,3,1,1
K6_mid_m2248,6,2248,1,7,ipopt,0.09261967318336077,0.12856550002470613,100,0.0003732149039154531,2,0,0
K6_mid_m2248,6,2248,1,8,ccp,0.0747128374633619,0.1062297080643475,5,8.354428260304303e-15,6,1,1
K6_mid_m2248,6,2248,1,8,ipopt,0.060073381651709966,0.15077016595751047,100,0.010073046195304462,1,0,0
K6_mid_m2248,6,2248,1,9,ccp,0.07846121396318807,0.08495079120621085,4,3.9121483830228954e-14,5,1,1
K6_mid_m2248,6,2248,1,9,ipopt,0.09305694534514082,0.17215483309701085,100,0.002031944313826417,1,0,0
K6_mid_m2248,6,2248,2,0,ccp,0.10107883002245494,0.0841375831514597,4,1.6474152597645286e-10,5,1,1
K6_mid_m2248,6,2248,2,0,ipopt,0.09218877958955864,0.13155258307233453,100,0.0025325867717751194,2,0,0
K6_mid_m2248,6,2248,2,1,ccp,0.09131933088841754,0.10589970834553242,5,8.307243781757734e-14,5,1,1
K6_mid_m2248,6,2248,2,1,ipopt,0.06644937723620914,0.13224274991080165,100,0.019465193189670243,1,0,0
K6_mid_m2248,6,2248,2,2,ccp,0.08230523060593227,0.10546166682615876,5,4.9404924595819466e-15,5,1,1
K6_mid_m2248,6,2248,2,2,ipopt,0.07620656594808906,0.1470958748832345,100,0.0014134659190365856,3,0,0
K6_mid_m2248,6,2248,2,3,ccp,0.08185186045422202,0.08401362504810095,4,1.0296107161300583e-09,3,1,1
K6_mid_m2248,6,2248,2,3,ipopt,0.06934418700692867,0.1394405411556363,100,0.0011677591361501788,1,0,0
K6_mid_m2248,6,2248,2,4,ccp,0.10256780741396238,0.10531325032934546,5,7.55839446586748e-09,3,1,1
K6_mid_m2248,6,2248,2,4,ipopt,0.10173225372011105,0.14333408419042826,100,0.0004252385441956136,2,0,0
K6_mid_m2248,6,2248,2,5,ccp,0.0754400031089415,0.08414870826527476,4,1.811467642554021e-13,5,1,1
K6_mid_m2248,6,2248,2,5,ipopt,0.06391532730790399,0.23995137494057417,100,0.011001602583205206,1,0,0
K6_mid_m2248,6,2248,2,6,ccp,0.1010788301871937,0.12780475011095405,6,3.316791286067655e-15,5,1,1
K6_mid_m2248,6,2248,2,6,ipopt,0.08646148467175904,0.12481462489813566,100,0.002149583227355506,2,0,0
K6_mid_m2248,6,2248,2,7,ccp,0.076937920548721,0.08443225035443902,4,5.501842037514137e-10,4,1,1
K6_mid_m2248,6,2248,2,7,ipopt,0.06861161322429851,0.12323283264413476,100,0.005828145766655621,2,0,0
K6_mid_m2248,6,2248,2,8,ccp,0.10038549630163043,0.08520016726106405,4,2.632231849153399e-09,4,1,1
K6_mid_m2248,6,2248,2,8,ipopt,0.10038549862737564,0.14166229218244553,100,3.0648464321991753e-10,4,1,0
K6_mid_m2248,6,2248,2,9,ccp,0.10107882847715827,0.1289131660014391,6,1.7100511978673794e-09,5,1,1
K6_mid_m2248,6,2248,2,9,ipopt,0.07817950026707056,0.1282032923772931,100,0.007258881339175599,2,0,0
K6_mid_m2248,6,2248,3,0,ccp,0.07768562470454159,0.08391375001519918,4,8.201078705027953e-12,4,1,1
K6_mid_m2248,6,2248,3,0,ipopt,0.07739377346116312,0.12258166586980224,100,0.0020756392391638873,2,0,0
K6_mid_m2248,6,2248,3,1,ccp,0.08582141737136259,0.10651987511664629,5,6.333075758258033e-09,5,1,1
K6_mid_m2248,6,2248,3,1,ipopt,0.07242220270611263,0.13000291725620627,100,0.0021027008070329672,1,0,0
K6_mid_m2248,6,2248,3,2,ccp,0.08578250232775617,0.08334070816636086,4,4.425265709429027e-12,5,1,1
K6_mid_m2248,6,2248,3,2,ipopt,0.08004868270893797,0.15323087526485324,100,0.0018467123270540092,1,0,0
K6_mid_m2248,6,2248,3,3,ccp,0.09700974088842365,0.10615845769643784,5,2.475900831577782e-09,5,1,1
K6_mid_m2248,6,2248,3,3,ipopt,0.06869697978232676,0.15529933432117105,100,0.020961689536712236,1,0,0
K6_mid_m2248,6,2248,3,4,ccp,0.07766479019336626,0.08466204209253192,4,2.6815369369437292e-11,3,1,1
K6_mid_m2248,6,2248,3,4,ipopt,0.07860861895561055,0.13513150019571185,100,0.003017140160861298,3,0,0
K6_mid_m2248,6,2248,3,5,ccp,0.10222673111553962,0.08360666735097766,4,5.546530026934171e-09,4,1,1
K6_mid_m2248,6,2248,3,5,ipopt,0.06635495472091223,0.14700095821172,100,0.02862477783108852,1,0,0
K6_mid_m2248,6,2248,3,6,ccp,0.08816706944417593,0.10700079193338752,5,2.0396857813853586e-10,5,1,1
K6_mid_m2248,6,2248,3,6,ipopt,0.06484181373929009,0.13963129138574004,100,0.009709074736784618,1,0,0
K6_mid_m2248,6,2248,3,7,ccp,0.093168980117578,0.08382075000554323,4,1.6809188485567006e-09,4,1,1
K6_mid_m2248,6,2248,3,7,ipopt,0.071192391731534,0.11662104213610291,100,0.014142960750443065,2,0,0
K6_mid_m2248,6,2248,3,8,ccp,0.10222673666129409,0.15142250014469028,7,7.771561172376096e-13,4,1,1
K6_mid_m2248,6,2248,3,8,ipopt,0.06426345515469004,0.13500541588291526,100,0.00038447502982197346,3,0,0
K6_mid_m2248,6,2248,3,9,ccp,0.08810419628269975,0.08424691716209054,4,6.271974606342212e-11,6,1,1
K6_mid_m2248,6,2248,3,9,ipopt,0.08181524943184654,0.13304670806974173,100,0.0013092435336835573,2,0,0
K6_mid_m2248,6,2248,4,0,ccp,0.1003627393480784,0.0856606662273407,4,7.214300407065721e-10,4,1,1
K6_mid_m2248,6,2248,4,0,ipopt,0.10036273926693576,0.14489574963226914,100,8.025713843506921e-10,4,1,0
K6_mid_m2248,6,2248,4,1,ccp,0.09670858172174271,0.1060216249898076,5,7.573386362480505e-13,5,1,1
K6_mid_m2248,6,2248,4,1,ipopt,0.07387155117022937,0.17354466672986746,100,0.018070761382953326,1,0,0
K6_mid_m2248,6,2248,4,2,ccp,0.09822105049835109,0.08494574995711446,4,2.9351593378024177e-10,4,1,1
K6_mid_m2248,6,2248,4,2,ipopt,0.09626447968788883,0.14016012521460652,100,0.0017179655949155215,2,0,0
K6_mid_m2248,6,2248,4,3,ccp,0.09467024876604001,0.1063354997895658,5,4.8905324234738146e-14,4,1,1
K6_mid_m2248,6,2248,4,3,ipopt,0.07199601924552307,0.1503277919255197,100,0.016438072367784634,1,0,0
K6_mid_m2248,6,2248,4,4,ccp,0.07529136825300917,0.08443954214453697,4,1.0439177300369806e-11,3,1,1
K6_mid_m2248,6,2248,4,4,ipopt,0.07224800862529594,0.1314542917534709,100,0.0018864403247494665,2,0,0
K6_mid_m2248,6,2248,4,5,ccp,0.08714912920376312,0.10698741674423218,5,4.98966243323018e-10,4,1,1
K6_mid_m2248,6,2248,4,5,ipopt,0.06504233439921334,0.14396958285942674,100,0.013363882839305993,1,0,0
K6_mid_m2248,6,2248,4,6,ccp,0.07727279728078601,0.08522433415055275,4,2.830929934916071e-13,5,1,1
K6_mid_m2248,6,2248,4,6,ipopt,0.07650058601481996,0.13244437519460917,100,0.0009365675974109949,2,0,0
K6_mid_m2248,6,2248,4,7,ccp,0.07777521241329863,0.08521583396941423,4,1.568702112653142e-11,5,1,1
K6_mid_m2248,6,2248,4,7,ipopt,0.07719282224313191,0.14713399996981025,100,0.007568579938705869,2,0,0
K6_mid_m2248,6,2248,4,8,ccp,0.07154370594411043,0.0849530422128737,4,3.7563605004287126e-11,4,1,1
K6_mid_m2248,6,2248,4,8,ipopt,0.06851915562741809,0.13653816701844335,100,0.0002837094051374722,2,0,0
K6_mid_m2248,6,2248,4,9,ccp,0.08438169729805578,0.08534337533637881,4,1.4658877306450435e-09,5,1,1
K6_mid_m2248,6,2248,4,9,ipopt,0.0879570720043384,0.15780958393588662,100,6.251960752033658e-05,4,0,0
K6_mid_m2248,6,2248,5,0,ccp,0.09182848925438977,0.1072545419447124,5,3.4225400291632013e-13,6,1,1
K6_mid_m2248,6,2248,5,0,ipopt,0.07648384367149985,0.13641179166734219,100,0.009481096391622021,1,0,0
K6_mid_m2248,6,2248,5,1,ccp,0.09918879118678611,0.10471149999648333,5,1.504352198367087e-14,4,1,1
K6_mid_m2248,6,2248,5,1,ipopt,0.09875622411716055,0.14854004187509418,100,0.0003135002790557867,3,0,0
K6_mid_m2248,6,2248,5,2,ccp,0.0955930932208165,0.08473387500271201,4,3.584632590758474e-14,4,1,1
K6_mid_m2248,6,2248,5,2,ipopt,0.09149835603379868,0.13552370760589838,100,0.0003054857279307932,2,0,0
K6_mid_m2248,6,2248,5,3,ccp,0.08864788753738838,0.12629945809021592,6,3.8441472227646045e-15,5,1,1
K6_mid_m2248,6,2248,5,3,ipopt,0.08629645772597809,0.15494558308273554,100,0.0016513484264763928,3,0,0
K6_mid_m2248,6,2248,5,4,ccp,0.091185674919976,0.08391162473708391,4,6.489576279133935e-09,4,1,1
K6_mid_m2248,6,2248,5,4,ipopt,0.0865242086580176,0.13489283295348287,100,0.0025022847879604404,2,0,0
K6_mid_m2248,6,2248,5,5,ccp,0.08491235499874436,0.10684887506067753,5,6.406819519355622e-13,5,1,1
K6_mid_m2248,6,2248,5,5,ipopt,0.0953611301680525,0.13516025012359023,100,0.004370826791102081,1,0,0
K6_mid_m2248,6,2248,5,6,ccp,0.08810419633639908,0.0834296247921884,4,9.02035390826228e-12,6,1,1
K6_mid_m2248,6,2248,5,6,ipopt,0.06658940862877706,0.1843532081693411,100,0.01868762684936831,1,0,0
K6_mid_m2248,6,2248,5,7,ccp,0.08386689559939317,0.08488800004124641,4,9.518004037700756e-09,6,1,1
K6_mid_m2248,6,2248,5,7,ipopt,0.06575078290731975,0.12301983311772346,100,0.015536494533000753,1,0,0
K6_mid_m2248,6,2248,5,8,ccp,0.10201636910343195,0.12799929175525904,6,3.559652572704408e-13,3,1,1
K6_mid_m2248,6,2248,5,8,ipopt,0.0736021355767443,0.15999654214829206,100,0.008185409386343573,2,0,0
K6_mid_m2248,6,2248,5,9,ccp,0.08864788753677723,0.10628475015982985,5,6.146888553715257e-13,5,1,1
K6_mid_m2248,6,2248,5,9,ipopt,0.064855088552155,0.13935037469491363,100,0.011316472198835026,1,0,0
K6_mid_m2248,6,2248,6,0,ccp,0.0883673856298008,0.08399570779874921,4,7.320533068622126e-14,5,1,1
K6_mid_m2248,6,2248,6,0,ipopt,0.07673264334576659,0.15221458300948143,100,0.010166804090054368,1,0,0
K6_mid_m2248,6,2248,6,1,ccp,0.10107882984944269,0.08430425031110644,4,3.3778618790947235e-10,5,1,1
K6_mid_m2248,6,2248,6,1,ipopt,0.07486380273468142,0.14465312473475933,100,0.021656537342192098,1,0,0
K6_mid_m2248,6,2248,6,2,ccp,0.10107883003785138,0.10627541737630963,5,1.4934538328237323e-10,5,1,1
K6_mid_m2248,6,2248,6,2,ipopt,0.0830731014011569,0.17076650029048324,100,0.0004383820544303918,5,0,0
K6_mid_m2248,6,2248,6,3,ccp,0.0804097411457581,0.08483545808121562,4,1.2290168882600483e-13,5,1,1
K6_mid_m2248,6,2248,6,3,ipopt,0.0795595769581552,0.13198758335784078,100,0.0019995077118027393,2,0,0
K6_mid_m2248,6,2248,6,4,ccp,0.0768169904287238,0.10698620835319161,5,1.8279822100453202e-13,5,1,1
K6_mid_m2248,6,2248,6,4,ipopt,0.07528908344424463,0.1328086662106216,100,0.003748469132321644,2,0,0
K6_mid_m2248,6,2248,6,5,ccp,0.08795533539099468,0.0847657909616828,4,5.873455610760914e-10,5,1,1
K6_mid_m2248,6,2248,6,5,ipopt,0.08795533593026797,0.17673962516710162,100,4.807065856482495e-11,5,1,0
K6_mid_m2248,6,2248,6,6,ccp,0.07466021955353896,0.0844932496547699,4,3.349417965203827e-12,5,1,1
K6_mid_m2248,6,2248,6,6,ipopt,0.06348102458708943,0.1557347089983523,100,0.010331248170678348,1,0,0
K6_mid_m2248,6,2248,6,7,ccp,0.0858535841421054,0.1068956246599555,5,1.7172735455872612e-11,5,1,1
K6_mid_m2248,6,2248,6,7,ipopt,0.07578989147034287,0.14514104183763266,100,0.0026988304049575113,3,0,0
K6_mid_m2248,6,2248,6,8,ccp,0.08340206577341325,0.10639808420091867,5,1.5042149470456678e-10,5,1,1
K6_mid_m2248,6,2248,6,8,ipopt,0.06149246133508478,0.14325354201719165,100,0.012679830227446606,1,0,0
K6_mid_m2248,6,2248,6,9,ccp,0.10007159127891312,0.10560533404350281,5,8.100464743421298e-14,4,1,1
K6_mid_m2248,6,2248,6,9,ipopt,0.09895944241131058,0.13591841701418161,100,0.00043870376269435074,3,0,0
K6_mid_m2248,6,2248,7,0,ccp,0.09918879118678611,0.10495824972167611,5,-4.163336342344337e-16,4,1,1
K6_mid_m2248,6,2248,7,0,ipopt,0.07300774841315938,0.1146148331463337,100,0.02052522145284985,1,0,0
K6_mid_m2248,6,2248,7,1,ccp,0.08491235470928132,0.08495187480002642,4,2.9010473190371755e-10,5,1,1
K6_mid_m2248,6,2248,7,1,ipopt,0.07047540257865816,0.12601533299311996,100,0.012207856456374733,1,0,0
K6_mid_m2248,6,2248,7,2,ccp,0.08339840061056958,0.08557120803743601,4,2.828765000018052e-12,4,1,1
K6_mid_m2248,6,2248,7,2,ipopt,0.07585147618839956,0.1298364158719778,100,0.003061809540399904,2,0,0
K6_mid_m2248,6,2248,7,3,ccp,0.07999931297571487,0.08380324998870492,4,1.056786741449045e-10,5,1,1
K6_mid_m2248,6,2248,7,3,ipopt,0.06782194002689665,0.1666199159808457,100,0.007681071639070058,1,0,0
K6_mid_m2248,6,2248,7,4,ccp,0.07478794280090531,0.08507174998521805,4,5.573319583618286e-14,5,1,1
K6_mid_m2248,6,2248,7,4,ipopt,0.07431828783855693,0.1303044161759317,100,0.0004470667171801862,3,0,0
K6_mid_m2248,6,2248,7,5,ccp,0.08448006234045374,0.10518991714343429,5,3.708007470515362e-09,4,1,1
K6_mid_m2248,6,2248,7,5,ipopt,0.06558839350350407,0.13259587483480573,100,0.013791281141686332,1,0,0
K6_mid_m2248,6,2248,7,6,ccp,0.08793250825947684,0.10569920763373375,5,3.168715290158275e-13,5,1,1
K6_mid_m2248,6,2248,7,6,ipopt,0.06466614560271262,0.14933758322149515,100,0.015181035821927924,1,0,0
K6_mid_m2248,6,2248,7,7,ccp,0.09018808456634919,0.10777479177340865,5,6.710669200882258e-09,5,1,1
K6_mid_m2248,6,2248,7,7,ipopt,0.09017664555632986,0.1446917080320418,100,1.1350583088334809e-05,3,0,0
K6_mid_m2248,6,2248,7,8,ccp,0.07723175380054502,0.0836263750679791,4,1.1695626411789561e-10,5,1,1
K6_mid_m2248,6,2248,7,8,ipopt,0.06416514741975855,0.15107212495058775,100,0.010695725166702447,1,0,0
K6_mid_m2248,6,2248,7,9,ccp,0.08491235499733639,0.10666479077190161,5,2.0494439478824233e-12,5,1,1
K6_mid_m2248,6,2248,7,9,ipopt,0.08250184626243315,0.1363364588469267,100,0.0029473167157758606,2,0,0
K6_mid_m2248,6,2248,8,0,ccp,0.09366006232369513,0.10641324985772371,5,4.1150416407731427e-13,6,1,1
K6_mid_m2248,6,2248,8,0,ipopt,0.07716387215475586,0.16000316571444273,100,0.011830928112018649,1,0,0
K6_mid_m2248,6,2248,8,1,ccp,0.09006607089917876,0.10641075018793344,5,6.106226635438361e-16,5,1,1
K6_mid_m2248,6,2248,8,1,ipopt,0.07711976819758251,0.13409079192206264,100,0.008204800225190087,3,0,0
K6_mid_m2248,6,2248,8,2,ccp,0.0982607568300362,0.10643699998036027,5,1.2168738239282106e-12,3,1,1
K6_mid_m2248,6,2248,8,2,ipopt,0.06640039720801047,0.13502795808017254,100,0.021908396611806644,1,0,0
K6_mid_m2248,6,2248,8,3,ccp,0.07954242759558157,0.0835014577023685,4,6.407527286533821e-12,4,1,1
K6_mid_m2248,6,2248,8,3,ipopt,0.07947963447545421,0.13818500004708767,100,5.9471766650776026e-05,3,0,0
K6_mid_m2248,6,2248,8,4,ccp,0.09745921854949086,0.1061464580707252,5,2.3339663535182353e-11,4,1,1
K6_mid_m2248,6,2248,8,4,ipopt,0.06594666778234516,0.1845959173515439,100,0.025085115875353753,1,0,0
K6_mid_m2248,6,2248,8,5,ccp,0.09366006148006475,0.10960454167798162,5,8.440386445318637e-10,6,1,1
K6_mid_m2248,6,2248,8,5,ipopt,0.08678799185023195,0.14140516659244895,100,0.0032054073658103754,3,0,0
K6_mid_m2248,6,2248,8,6,ccp,0.09282945342330134,0.08523249998688698,4,1.665746984791383e-10,4,1,1
K6_mid_m2248,6,2248,8,6,ipopt,0.06508618027343761,0.14578537503257394,100,0.023514445114021967,1,0,0
K6_mid_m2248,6,2248,8,7,ccp,0.08375819218053751,0.0842350423336029,4,1.2187631459603665e-10,5,1,1
K6_mid_m2248,6,2248,8,7,ipopt,0.0650403443704648,0.1829210831783712,100,0.016452493499855766,1,0,0
K6_mid_m2248,6,2248,8,8,ccp,0.08714912497444896,0.08369941683486104,4,4.728374969342752e-09,4,1,1
K6_mid_m2248,6,2248,8,8,ipopt,0.0629565785702588,0.15247025014832616,100,0.018716564538994146,1,0,0
K6_mid_m2248,6,2248,8,9,ccp,0.08557271902756444,0.10765529237687588,5,2.2898349882893854e-14,5,1,1
K6_mid_m2248,6,2248,8,9,ipopt,0.06243050075792241,0.14187445770949125,100,0.013395119111259755,1,0,0
K6_mid_m2248,6,2248,9,0,ccp,0.08833548118448864,0.08455495815724134,4,1.2111121827640403e-10,4,1,1
K6_mid_m2248,6,2248,9,0,ipopt,0.09302047040109512,0.1484743752516806,100,0.0006111178619906121,2,0,0
K6_mid_m2248,6,2248,9,1,ccp,0.09794196604246623,0.1069442923180759,5,9.934855993432024e-10,4,1,1
K6_mid_m2248,6,2248,9,1,ipopt,0.08474554766123585,0.12866283301264048,100,0.005151107335386013,2,0,0
K6_mid_m2248,6,2248,9,2,ccp,0.0968035451625689,0.08485500002279878,4,5.896531596327748e-10,5,1,1
K6_mid_m2248,6,2248,9,2,ipopt,0.06824766507456377,0.12378625012934208,100,0.02284581474054745,1,0,0
K6_mid_m2248,6,2248,9,3,ccp,0.08448006200700925,0.10639691585674882,5,4.0414502716634715e-09,4,1,1
K6_mid_m2248,6,2248,9,3,ipopt,0.08431961917317654,0.1273312079720199,100,0.0001599034379629466,2,0,0
K6_mid_m2248,6,2248,9,4,ccp,0.08365851604202665,0.10680112475529313,5,8.790745908981989e-13,4,1,1
K6_mid_m2248,6,2248,9,4,ipopt,0.0766681072180162,0.12575262505561113,100,0.002016259061357148,2,0,0
K6_mid_m2248,6,2248,9,5,ccp,0.08339470765343983,0.10478512523695827,5,4.8377968298041196e-14,5,1,1
K6_mid_m2248,6,2248,9,5,ipopt,0.08139280692937051,0.11937370803207159,100,0.0016171062803905512,2,0,0
K6_mid_m2248,6,2248,9,6,ccp,0.08301802791523148,0.1271171672269702,6,1.1704791996747232e-09,4,1,1
K6_mid_m2248,6,2248,9,6,ipopt,0.0647696286341395,0.1396740828640759,100,0.011618632760001704,1,0,0
K6_mid_m2248,6,2248,9,7,ccp,0.09240551468486724,0.08467116672545671,4,1.2765066781383894e-12,4,1,1
K6_mid_m2248,6,2248,9,7,ipopt,0.06440609880338091,0.1463853749446571,100,0.025686235987654335,1,0,0
K6_mid_m2248,6,2248,9,8,ccp,0.08385372871812548,0.08540458418428898,4,5.997179863825863e-09,6,1,1
K6_mid_m2248,6,2248,9,8,ipopt,0.08363295656637157,0.14982870779931545,100,0.00020286074049814806,2,0,0
K6_mid_m2248,6,2248,9,9,ccp,0.08793250825963915,0.10728383297100663,5,1.5372425554716074e-13,5,1,1
K6_mid_m2248,6,2248,9,9,ipopt,0.07017212975667939,0.1621412499807775,100,0.0005487900843447607,4,0,0
K6_mid_m2248,6,2248,10,0,ccp,0.0980645079866595,0.10453416686505079,5,3.8567760096697157e-13,4,1,1
K6_mid_m2248,6,2248,10,0,ipopt,0.09709140143653679,0.117015500087291,100,0.0007615774716032003,2,0,0
K6_mid_m2248,6,2248,10,1,ccp,0.1010788296040399,0.08445208286866546,4,5.831581745274761e-10,5,1,1
K6_mid_m2248,6,2248,10,1,ipopt,0.07595767741974535,0.15940758399665356,100,0.020862123374539132,1,0,0
K6_mid_m2248,6,2248,10,2,ccp,0.09282945356148503,0.08440575003623962,4,2.838999868526315e-11,4,1,1
K6_mid_m2248,6,2248,10,2,ipopt,0.07028185841649476,0.1478979168459773,100,0.01969498250477182,1,0,0
K6_mid_m2248,6,2248,10,3,ccp,0.09806450760040018,0.1721922499127686,8,3.86646561989501e-10,4,1,1
K6_mid_m2248,6,2248,10,3,ipopt,0.08063830710892236,0.13190612476319075,100,0.001840002946090949,2,0,0
K6_mid_m2248,6,2248,10,4,ccp,0.09316898179825674,0.10411162534728646,5,2.4041879598257765e-13,4,1,1
K6_mid_m2248,6,2248,10,4,ipopt,0.06977768875477061,0.12887124996632338,100,0.011676856974715141,1,0,0
K6_mid_m2248,6,2248,10,5,ccp,0.08513593612052783,0.10568616725504398,5,7.494005416219807e-16,4,1,1
K6_mid_m2248,6,2248,10,5,ipopt,0.06932960471026693,0.1165305832400918,100,0.007908003449693737,1,0,0
K6_mid_m2248,6,2248,10,6,ccp,0.09042614874656088,0.13080675015226007,6,3.4614007493605214e-09,6,1,1
K6_mid_m2248,6,2248,10,6,ipopt,0.06723513784684305,0.16457579098641872,100,0.018257397238523862,1,0,0
K6_mid_m2248,6,2248,10,7,ccp,0.08793250825738472,0.08370712492614985,4,2.4086566074998927e-12,5,1,1
K6_mid_m2248,6,2248,10,7,ipopt,0.06676100392046588,0.14250474981963634,100,0.01676810930117234,1,0,0
K6_mid_m2248,6,2248,10,8,ccp,0.08350979275127182,0.0846888329833746,4,3.0628138913968428e-12,4,1,1
K6_mid_m2248,6,2248,10,8,ipopt,0.08374946287435404,0.12254337500780821,100,0.0007290277045255006,2,0,0
K6_mid_m2248,6,2248,10,9,ccp,0.09240551465791477,0.10651670815423131,5,2.8203092639067506e-11,4,1,1
K6_mid_m2248,6,2248,10,9,ipopt,0.08670348452497253,0.11709195794537663,100,0.0021159622735543726,2,0,0
K6_mid_m2248,6,2248,11,0,ccp,0.10036977467187233,0.08449291670694947,4,7.851722466645228e-09,4,1,1
K6_mid_m2248,6,2248,11,0,ipopt,0.07970433021038352,0.13331170799210668,100,0.015479629333140954,1,0,0
K6_mid_m2248,6,2248,11,1,ccp,0.1025678149723024,0.10556691605597734,5,5.23192600354605e-14,3,1,1
K6_mid_m2248,6,2248,11,1,ipopt,0.07395855192204301,0.24694383284077048,100,0.021794156172797605,1,0,0
K6_mid_m2248,6,2248,11,2,ccp,0.09784528347750737,0.1068687909282744,5,2.5521251778570786e-14,3,1,1
K6_mid_m2248,6,2248,11,2,ipopt,0.09781862192621671,0.14271887484937906,100,2.6568764712880943e-05,2,0,0
K6_mid_m2248,6,2248,11,3,ccp,0.08102830769688066,0.1050026249140501,5,1.0740019984467608e-13,6,1,1
K6_mid_m2248,6,2248,11,3,ipopt,0.08196334138850919,0.14359733369201422,100,0.00042669721600974153,2,0,0
K6_mid_m2248,6,2248,11,4,ccp,0.08625464534699295,0.1303966660052538,6,2.681049826591675e-13,6,1,1
K6_mid_m2248,6,2248,11,4,ipopt,0.06166565381342931,0.12957841670140624,100,0.015379468294893964,1,0,0
K6_mid_m2248,6,2248,11,5,ccp,0.08100139115158057,0.08327137492597103,4,4.6676551512803144e-11,4,1,1
K6_mid_m2248,6,2248,11,5,ipopt,0.06291337166026323,0.19580637477338314,100,0.010495475787983002,2,0,0
K6_mid_m2248,6,2248,11,6,ccp,0.08713808623350802,0.10652420809492469,5,2.017290501310498e-10,4,1,1
K6_mid_m2248,6,2248,11,6,ipopt,0.05915167487613867,0.14317149994894862,100,0.01761586789397946,1,0,0
K6_mid_m2248,6,2248,11,7,ccp,0.06658641464286567,0.08460995787754655,4,1.7225110227059304e-13,6,1,1
K6_mid_m2248,6,2248,11,7,ipopt,0.06633072266712035,0.14711216604337096,100,0.00023327160911895684,4,0,0
K6_mid_m2248,6,2248,11,8,ccp,0.070583027404016,0.10502670798450708,5,7.233208892953868e-10,6,1,1
K6_mid_m2248,6,2248,11,8,ipopt,0.06223664793091255,0.1474025840871036,100,0.0011797969161693733,2,0,0
K6_mid_m2248,6,2248,11,9,ccp,0.09332246126305917,0.15299300011247396,7,7.720213357487182e-14,4,1,1
K6_mid_m2248,6,2248,11,9,ipopt,0.076862794434266,0.12719304207712412,100,0.003076510602035995,2,0,0
K6_mid_m2248,6,2248,12,0,ccp,0.09015895048975865,0.1071199169382453,5,1.4405143744511406e-14,5,1,1
K6_mid_m2248,6,2248,12,0,ipopt,0.08784074250821097,0.12995658302679658,100,0.00010549451805774712,2,0,0
K6_mid_m2248,6,2248,12,1,ccp,0.0904261487654019,0.1312279999256134,6,3.4425595568654543e-09,6,1,1
K6_mid_m2248,6,2248,12,1,ipopt,0.09026257736691144,0.15842704195529222,100,4.7685922159021454e-05,4,0,0
K6_mid_m2248,6,2248,12,2,ccp,0.09269835152154185,0.10568954097107053,5,1.3926637620897964e-12,5,1,1
K6_mid_m2248,6,2248,12,2,ipopt,0.06676758109218547,0.1782815419137478,82,0.0193326966504664,1,0,0
K6_mid_m2248,6,2248,12,3,ccp,0.08102830761738736,0.10736525012180209,5,7.960175574250883e-11,6,1,1
K6_mid_m2248,6,2248,12,3,ipopt,0.06604592666011772,0.12594699999317527,100,0.00869468290319303,1,0,0
K6_mid_m2248,6,2248,12,4,ccp,0.09329481131850403,0.10695412522181869,5,4.8654518886026565e-09,4,1,1
K6_mid_m2248,6,2248,12,4,ipopt,0.09772459892746428,0.16105016693472862,100,0.0023273674199407873,2,0,0
K6_mid_m2248,6,2248,12,5,ccp,0.07904053107413503,0.10990887507796288,5,5.287032062151198e-10,5,1,1
K6_mid_m2248,6,2248,12,5,ipopt,0.07833110395779071,0.14747520815581083,100,0.0005244730243812445,2,0,0
K6_mid_m2248,6,2248,12,6,ccp,0.0886478875373913,0.10334045765921474,5,1.63202784619898e-14,5,1,1
K6_mid_m2248,6,2248,12,6,ipopt,0.06392241991163056,0.1782428752630949,100,0.015156923240393333,1,0,0
K6_mid_m2248,6,2248,12,7,ccp,0.08378106579354642,0.10505737503990531,5,7.300399174070549e-11,5,1,1
K6_mid_m2248,6,2248,12,7,ipopt,0.06272485087426538,0.13247441686689854,100,0.014218358152951596,1,0,0
K6_mid_m2248,6,2248,12,8,ccp,0.07904053159203756,0.10639916732907295,5,1.0800915717368298e-11,5,1,1
K6_mid_m2248,6,2248,12,8,ipopt,0.06256955536782437,0.14176774956285954,100,0.009670483625104406,1,0,0
K6_mid_m2248,6,2248,12,9,ccp,0.09042614242801318,0.08719333307817578,4,9.779945797649958e-09,6,1,1
K6_mid_m2248,6,2248,12,9,ipopt,0.06810413955107962,0.145175457932055,100,0.00018857661886964583,3,0,0
K6_mid_m2248,6,2248,13,0,ccp,0.10256781497235597,0.10685875033959746,5,-1.0408340855860843e-15,3,1,1
K6_mid_m2248,6,2248,13,0,ipopt,0.10128442327951688,0.14592208294197917,100,0.0010783663062849946,2,0,0
K6_mid_m2248,6,2248,13,1,ccp,0.1022267366344298,0.10748354205861688,5,2.7641708366665796e-11,4,1,1
K6_mid_m2248,6,2248,13,1,ipopt,0.09905228180464341,0.12444099970161915,100,0.0016681845355249886,3,0,0
K6_mid_m2248,6,2248,13,2,ccp,0.09018809098092323,0.08403941616415977,4,2.960962031117731e-10,5,1,1
K6_mid_m2248,6,2248,13,2,ipopt,0.07384833080439487,0.13574541732668877,100,0.01395284237847809,1,0,0
K6_mid_m2248,6,2248,13,3,ccp,0.0898353771092047,0.10677545797079802,5,6.313283229530953e-12,4,1,1
K6_mid_m2248,6,2248,13,3,ipopt,0.08843675247794212,0.12422616686671972,100,0.0024866966230447374,3,0,0
K6_mid_m2248,6,2248,13,4,ccp,0.09042615220738155,0.0839152499102056,4,5.826727988988978e-13,6,1,1
K6_mid_m2248,6,2248,13,4,ipopt,0.0713281521472536,0.12290491629391909,100,0.017053026535047783,1,0,0
K6_mid_m2248,6,2248,13,5,ccp,0.08802085400289954,0.08396374993026257,4,1.624948786638214e-11,6,1,1
K6_mid_m2248,6,2248,13,5,ipopt,0.07111174125009408,0.15950191719457507,100,0.013549573998692666,1,0,0
K6_mid_m2248,6,2248,13,6,ccp,0.08719505057662627,0.10570816695690155,5,2.7797208979052357e-14,4,1,1
K6_mid_m2248,6,2248,13,6,ipopt,0.08053355459518045,0.12963687488809228,100,0.003461247612329771,2,0,0
K6_mid_m2248,6,2248,13,7,ccp,0.10201636910324029,0.10544745810329914,5,5.477424069866288e-13,3,1,1
K6_mid_m2248,6,2248,13,7,ipopt,0.10201636695615643,0.14217970799654722,100,2.1476314754353965e-09,3,1,0
K6_mid_m2248,6,2248,13,8,ccp,0.09329481593993356,0.08230574987828732,4,2.4402281584290364e-10,4,1,1
K6_mid_m2248,6,2248,13,8,ipopt,0.09003387271534474,0.14978524995967746,100,3.1035054132641515e-05,4,0,0
K6_mid_m2248,6,2248,13,9,ccp,0.10036274006945992,0.14961441699415445,7,4.6448955792754987e-14,4,1,1
K6_mid_m2248,6,2248,13,9,ipopt,0.0842264277830846,0.11733950022608042,100,0.008991067787964865,2,0,0
K6_mid_m2248,6,2248,14,0,ccp,0.09329481618376191,0.08311479212716222,4,1.9331758416285538e-13,4,1,1
K6_mid_m2248,6,2248,14,0,ipopt,0.08928865206170744,0.1512567917816341,100,0.0010652123431317412,2,0,0
K6_mid_m2248,6,2248,14,1,ccp,0.10107883016114189,0.1517765410244465,7,2.6054561286237288e-11,5,1,1
K6_mid_m2248,6,2248,14,1,ipopt,0.09667564300784597,0.1428007916547358,100,0.0027437674320331673,2,0,0
K6_mid_m2248,6,2248,14,2,ccp,0.10222673666206378,0.10688916593790054,5,6.453171330633722e-15,4,1,1
K6_mid_m2248,6,2248,14,2,ipopt,0.10222673664199669,0.1817185003310442,100,2.0074844564454963e-11,4,1,0
K6_mid_m2248,6,2248,14,3,ccp,0.10036978246856451,0.10508283320814371,5,5.503045241717075e-11,4,1,1
K6_mid_m2248,6,2248,14,3,ipopt,0.1003692653222066,0.14120091684162617,100,5.17047992545927e-07,2,0,0
K6_mid_m2248,6,2248,14,4,ccp,0.0805582111193231,0.1055832076817751,5,3.226580114201738e-11,5,1,1
K6_mid_m2248,6,2248,14,4,ipopt,0.06789959144025638,0.1265267082490027,100,0.006576261702104319,1,0,0
K6_mid_m2248,6,2248,14,5,ccp,0.10107883018715867,0.10543845780193806,5,3.898270595215081e-14,5,1,1
K6_mid_m2248,6,2248,14,5,ipopt,0.08835230705084768,0.1286951252259314,100,0.0017974663882466407,2,0,0
K6_mid_m2248,6,2248,14,6,ccp,0.08585358414982264,0.08321308437734842,4,9.455602967278764e-12,5,1,1
K6_mid_m2248,6,2248,14,6,ipopt,0.0667602933582646,0.15030750026926398,100,0.01590666028367689,1,0,0
K6_mid_m2248,6,2248,14,7,ccp,0.08585358414507259,0.13004858326166868,6,1.4205456255744764e-11,5,1,1
K6_mid_m2248,6,2248,14,7,ipopt,0.06433129232693349,0.14752212539315224,100,0.010043225092062055,1,0,0
K6_mid_m2248,6,2248,14,8,ccp,0.0838669050980834,0.10859087482094765,5,1.9308166177012254e-11,6,1,1
K6_mid_m2248,6,2248,14,8,ipopt,0.06379862377790751,0.1372839156538248,100,0.014195192451233477,1,0,0
K6_mid_m2248,6,2248,14,9,ccp,0.06561348013932738,0.08468379126861691,4,1.9194507094866253e-12,4,1,1
K6_mid_m2248,6,2248,14,9,ipopt,0.061856604095896064,0.13148937514051795,100,0.002884574430288403,1,0,0
K6_mid_m2248,6,2248,15,0,ccp,0.07848397968598526,0.0870804158039391,4,2.352687350493099e-10,5,1,1
K6_mid_m2248,6,2248,15,0,ipopt,0.07050605432021592,0.14731812477111816,100,0.005380983861817748,1,0,0
K6_mid_m2248,6,2248,15,1,ccp,0.10107883018686345,0.17238566698506474,8,3.327060849045438e-13,5,1,1
K6_mid_m2248,6,2248,15,1,ipopt,0.06863087487980125,0.1672101248987019,100,0.0053465989505819544,1,0,0
K6_mid_m2248,6,2248,15,2,ccp,0.08960183787283482,0.12938691722229123,6,5.537237335317968e-15,5,1,1
K6_mid_m2248,6,2248,15,2,ipopt,0.08229492116294546,0.12683558324351907,100,0.00035474149523125054,2,0,0
K6_mid_m2248,6,2248,15,3,ccp,0.09131933088783223,0.10635970905423164,5,6.684097719755755e-13,5,1,1
K6_mid_m2248,6,2248,15,3,ipopt,0.0806851324615025,0.13505458272993565,100,0.0044950508233769365,2,0,0
K6_mid_m2248,6,2248,15,4,ccp,0.07520152336619584,0.08437749976292253,4,1.1025069746040117e-12,5,1,1
K6_mid_m2248,6,2248,15,4,ipopt,0.07449289716682646,0.1351769589819014,100,0.0002948492717475826,2,0,0
K6_mid_m2248,6,2248,15,5,ccp,0.08241593580041802,0.10747158341109753,5,3.137587412105347e-12,6,1,1
K6_mid_m2248,6,2248,15,5,ipopt,0.07884690662292873,0.13791225012391806,100,0.002495508794850873,3,0,0
K6_mid_m2248,6,2248,15,6,ccp,0.08318859044656705,0.10785224987193942,5,-8.326672684688674e-17,6,1,1
K6_mid_m2248,6,2248,15,6,ipopt,0.06357642723532562,0.15074437530711293,100,0.015673635343350284,1,0,0
K6_mid_m2248,6,2248,15,7,ccp,0.09366006232409159,0.10611258307471871,5,1.3031242751537775e-14,6,1,1
K6_mid_m2248,6,2248,15,7,ipopt,0.06432320812480016,0.16760608414188027,100,0.0010866026290399927,1,0,0
K6_mid_m2248,6,2248,15,8,ccp,0.07789652719728415,0.08634879207238555,4,3.700528730665731e-09,3,1,1
K6_mid_m2248,6,2248,15,8,ipopt,0.0778650732608423,0.12735400022938848,100,3.126350069483641e-05,2,0,0
K6_mid_m2248,6,2248,15,9,ccp,0.09918879118678396,0.10498525016009808,5,5.467848396278896e-15,4,1,1
K6_mid_m2248,6,2248,15,9,ipopt,0.062067516117161756,0.1331877908669412,100,0.02686428475319176,1,0,0
K6_mid_m2248,6,2248,16,0,ccp,0.0880404190889271,0.08334362460300326,4,5.412337245047638e-15,6,1,1
K6_mid_m2248,6,2248,16,0,ipopt,0.08341840852482629,0.18028379091992974,100,0.004457132479822434,1,0,0
K6_mid_m2248,6,2248,16,1,ccp,0.08713808547402953,0.0838302499614656,4,9.612080437149118e-10,4,1,1
K6_mid_m2248,6,2248,16,1,ipopt,0.09004346573921101,0.1609618328511715,100,7.349916841717374e-05,3,0,0
K6_mid_m2248,6,2248,16,2,ccp,0.0911856810957524,0.10587349999696016,5,3.1380252563106836e-10,4,1,1
K6_mid_m2248,6,2248,16,2,ipopt,0.08840144926669033,0.1291506658308208,100,0.002024099694555803,2,0,0
K6_mid_m2248,6,2248,16,3,ccp,0.0868908499732881,0.08574545802548528,4,2.4175106361212784e-14,2,1,1
K6_mid_m2248,6,2248,16,3,ipopt,0.1066583367732613,0.11909395782276988,100,0.0013889747919346856,2,0,0
K6_mid_m2248,6,2248,16,4,ccp,0.07185031967277705,0.08563316566869617,4,7.51468598458871e-09,5,1,1
K6_mid_m2248,6,2248,16,4,ipopt,0.06229411727247456,0.12628404097631574,100,0.00822502430423782,1,0,0
K6_mid_m2248,6,2248,16,5,ccp,0.07184424952162521,0.08422304131090641,4,2.0035231806936338e-10,5,1,1
K6_mid_m2248,6,2248,16,5,ipopt,0.07068759848549329,0.152793041896075,100,1.0895675444932973e-05,4,0,0
K6_mid_m2248,6,2248,16,6,ccp,0.08282645854541376,0.10753391729667783,5,1.24144777791102e-10,6,1,1
K6_mid_m2248,6,2248,16,6,ipopt,0.08281167853914267,0.1580227087251842,100,1.4506101982336705e-05,3,0,0
K6_mid_m2248,6,2248,16,7,ccp,0.08585358415082961,0.17520341696217656,8,8.447645361009393e-12,5,1,1
K6_mid_m2248,6,2248,16,7,ipopt,0.08160104516651404,0.15593008371070027,100,0.0007269238002727274,4,0,0
K6_mid_m2248,6,2248,16,8,ccp,0.07868340988299787,0.1294528329744935,6,3.6359804056473877e-13,4,1,1
K6_mid_m2248,6,2248,16,8,ipopt,0.08303216936380889,0.16938624996691942,100,0.0010243123836042173,4,0,0
K6_mid_m2248,6,2248,16,9,ccp,0.08898540419957685,0.10302025033161044,5,7.66053886991358e-15,3,1,1
K6_mid_m2248,6,2248,16,9,ipopt,0.06007262734878445,0.1268998752348125,100,0.019581011996627457,1,0,0
K6_mid_m2248,6,2248,17,0,ccp,0.08557271902758201,0.12903654109686613,6,7.646661082105766e-15,5,1,1
K6_mid_m2248,6,2248,17,0,ipopt,0.07841558007834745,0.148072165902704,100,0.0038918479401619938,1,0,0
K6_mid_m2248,6,2248,17,1,ccp,0.08380415013194926,0.08384412480518222,4,1.4183067220674417e-10,5,1,1
K6_mid_m2248,6,2248,17,1,ipopt,0.06627259551391343,0.12829654198139906,100,0.013509185386695988,1,0,0
K6_mid_m2248,6,2248,17,2,ccp,0.08960183787271699,0.10450591705739498,5,1.2427558981897846e-13,5,1,1
K6_mid_m2248,6,2248,17,2,ipopt,0.06553141685798602,0.1777201252989471,100,0.013935653380525714,1,0,0
K6_mid_m2248,6,2248,17,3,ccp,0.08491235491433018,0.1060374160297215,5,8.505537940628471e-11,5,1,1
K6_mid_m2248,6,2248,17,3,ipopt,0.06657919965456119,0.1231036251410842,100,0.011202175314689644,2,0,0
K6_mid_m2248,6,2248,17,4,ccp,0.09240551465640198,0.12777904188260436,6,2.9740016005419534e-11,4,1,1
K6_mid_m2248,6,2248,17,4,ipopt,0.0635503249563992,0.1384821250103414,100,0.01480087632708442,1,0,0
K6_mid_m2248,6,2248,17,5,ccp,0.07355197914668961,0.08680016687139869,4,1.4224510458404893e-11,6,1,1
K6_mid_m2248,6,2248,17,5,ipopt,0.0630913396915988,0.1412584581412375,100,0.009664605164965118,1,0,0
K6_mid_m2248,6,2248,17,6,ccp,0.07389674834643338,0.08450466580688953,4,2.46206430243312e-10,6,1,1
K6_mid_m2248,6,2248,17,6,ipopt,0.07203842924801446,0.13761591725051403,100,0.0020983092497001837,2,0,0
K6_mid_m2248,6,2248,17,7,ccp,0.09269835152213722,0.10562333418056369,5,7.974731985882499e-13,5,1,1
K6_mid_m2248,6,2248,17,7,ipopt,0.08770063400413948,0.15331820771098137,100,0.00027642435056010606,3,0,0
K6_mid_m2248,6,2248,17,8,ccp,0.09918879118678608,0.12740533333271742,6,5.009881398621019e-15,4,1,1
K6_mid_m2248,6,2248,17,8,ipopt,0.061713695807119745,0.11533879209309816,100,0.004016778657094253,2,0,0
K6_mid_m2248,6,2248,17,9,ccp,0.10810863826858325,0.08574124984443188,4,8.199751988513526e-11,3,1,1
K6_mid_m2248,6,2248,17,9,ipopt,0.08364313216267655,0.1398830828256905,100,0.00400012580513423,1,0,0
K6_mid_m2248,6,2248,18,0,ccp,0.1004055747096774,0.08372041676193476,4,2.630740070230786e-11,4,1,1
K6_mid_m2248,6,2248,18,0,ipopt,0.09985380461964491,0.1280574998818338,100,0.00036374279136129617,2,0,0
K6_mid_m2248,6,2248,18,1,ccp,0.10038549892131927,0.08599729184061289,4,1.254119030846823e-11,4,1,1
K6_mid_m2248,6,2248,18,1,ipopt,0.10038185829651436,0.12520370772108436,100,3.639204843350341e-06,2,0,0
K6_mid_m2248,6,2248,18,2,ccp,0.0869181744982576,0.10585074964910746,5,5.3290705182007514e-14,3,1,1
K6_mid_m2248,6,2248,18,2,ipopt,0.08251608487552657,0.28568512480705976,100,6.463054611202668e-06,2,0,0
K6_mid_m2248,6,2248,18,3,ccp,0.10107882696355983,0.08345170831307769,4,3.2236386754425084e-09,5,1,1
K6_mid_m2248,6,2248,18,3,ipopt,0.07074534607386376,0.11479516606777906,100,0.026493096762454066,1,0,0
K6_mid_m2248,6,2248,18,4,ccp,0.07693792106665859,0.0850212499499321,4,3.224230604725875e-11,4,1,1
K6_mid_m2248,6,2248,18,4,ipopt,0.08988653822851822,0.1246502916328609,100,0.00022045071138229733,2,0,0
K6_mid_m2248,6,2248,18,5,ccp,0.0930004056510563,0.08456075005233288,4,2.135614046716583e-10,4,1,1
K6_mid_m2248,6,2248,18,5,ipopt,0.09258397681606878,0.1396519159898162,100,0.0003995586879092655,3,0,0
K6_mid_m2248,6,2248,18,6,ccp,0.1025678134424367,0.13177241617813706,6,1.5299202599239337e-09,3,1,1
K6_mid_m2248,6,2248,18,6,ipopt,0.06553787742564887,0.17262666719034314,100,1.822882024493655e-07,5,0,0
K6_mid_m2248,6,2248,18,7,ccp,0.09189652488028639,0.10544649977236986,5,1.062339938240342e-10,4,1,1
K6_mid_m2248,6,2248,18,7,ipopt,0.09033388477868626,0.14854287495836616,100,0.002491881398184556,2,0,0
K6_mid_m2248,6,2248,18,8,ccp,0.08817528441791297,0.08475408283993602,4,9.74258243524595e-10,4,1,1
K6_mid_m2248,6,2248,18,8,ipopt,0.0625903701319771,0.126866958104074,100,0.018014321212296916,1,0,0
K6_mid_m2248,6,2248,18,9,ccp,0.07992095420432888,0.08387370780110359,4,2.6390972740486518e-12,5,1,1
K6_mid_m2248,6,2248,18,9,ipopt,0.0631366607394269,0.16906895814463496,100,0.0001406681727106479,2,0,0
K6_mid_m2248,6,2248,19,0,ccp,0.1010788278380099,0.10823004227131605,5,2.349186456473973e-09,5,1,1
K6_mid_m2248,6,2248,19,0,ipopt,0.0686122009655857,0.1707567502744496,100,0.01928785093403218,1,0,0
K6_mid_m2248,6,2248,19,1,ccp,0.08270756801351598,0.10719250002875924,5,1.8417212199750566e-13,5,1,1
K6_mid_m2248,6,2248,19,1,ipopt,0.06590378274359666,0.15068724984303117,100,0.013081951681163606,1,0,0
K6_mid_m2248,6,2248,19,2,ccp,0.09182848925404993,0.10851170821115375,5,6.82509604388315e-13,6,1,1
K6_mid_m2248,6,2248,19,2,ipopt,0.06351545373020981,0.17311858385801315,100,0.016778530713720013,1,0,0
K6_mid_m2248,6,2248,19,3,ccp,0.07673220150555154,0.08425937499850988,4,2.0549205392850212e-10,3,1,1
K6_mid_m2248,6,2248,19,3,ipopt,0.06295106597071357,0.1638756669126451,100,0.011534841333542475,1,0,0
K6_mid_m2248,6,2248,19,4,ccp,0.09329481613097074,0.10535370791330934,5,5.298422811605974e-11,4,1,1
K6_mid_m2248,6,2248,19,4,ipopt,0.06267133951824286,0.15154920797795057,100,0.019434476668739056,1,0,0
K6_mid_m2248,6,2248,19,5,ccp,0.07389674856417618,0.08411862468346953,4,2.846380076082511e-11,6,1,1
K6_mid_m2248,6,2248,19,5,ipopt,0.061152662575029756,0.14304125029593706,100,0.011025266516522664,1,0,0
K6_mid_m2248,6,2248,19,6,ccp,0.07631459556675108,0.08526279171928763,4,6.946778263738906e-09,4,1,1
K6_mid_m2248,6,2248,19,6,ipopt,0.06067067855398807,0.13169337483122945,100,0.009834918437825538,1,0,0
K6_mid_m2248,6,2248,19,7,ccp,0.08864788753739118,0.10554541694000363,5,2.3869795029440866e-15,5,1,1
K6_mid_m2248,6,2248,19,7,ipopt,0.06040997758212454,0.15272400015965104,100,0.017397811956651056,1,0,0
K6_mid_m2248,6,2248,19,8,ccp,0.07768562471273002,0.10429937532171607,5,-2.8983759836620493e-13,4,1,1
K6_mid_m2248,6,2248,19,8,ipopt,0.07631523770727607,0.12985254218801856,100,0.005010447365199025,2,0,0
K6_mid_m2248,6,2248,19,9,ccp,0.08960183787278063,0.13116070814430714,6,5.96189764223709e-14,5,1,1
K6_mid_m2248,6,2248,19,9,ipopt,0.0609969567769913,0.14780891593545675,100,0.0018052207210641005,2,0,0
K6_late_m4309,6,4309,0,0,ccp,0.04813237478455469,0.25966304214671254,5,8.292297404288718e-12,6,1,1
K6_late_m4309,6,4309,0,0,ipopt,0.04302965613718397,0.2136154999025166,100,8.336401663408544e-06,3,0,0
K6_late_m4309,6,4309,0,1,ccp,0.047016277176167194,0.2309684162028134,4,2.3339545573985987e-11,5,1,1
K6_late_m4309,6,4309,0,1,ipopt,0.04631103838401905,0.2136292909272015,100,6.643941695777533e-06,2,0,0
K6_late_m4309,6,4309,0,2,ccp,0.048709162769457595,0.2901493748649955,5,6.558642517973112e-13,6,1,1
K6_late_m4309,6,4309,0,2,ipopt,0.03631008161685985,0.21676808269694448,100,0.006913054473271389,1,0,0
K6_late_m4309,6,4309,0,3,ccp,0.04885904789444628,0.29778654081746936,5,3.687352992387538e-10,5,1,1
K6_late_m4309,6,4309,0,3,ipopt,0.03613511864032966,0.18881904194131494,100,0.008744432533952774,1,0,0
K6_late_m4309,6,4309,0,4,ccp,0.05641041873864923,0.40999820781871676,7,6.784295347728175e-13,5,1,1
K6_late_m4309,6,4309,0,4,ipopt,0.045822523635504785,0.1886096252128482,100,0.0008272458305305305,2,0,0
K6_late_m4309,6,4309,0,5,ccp,0.049727950837523995,0.29108574986457825,5,3.649858193455202e-15,4,1,1
K6_late_m4309,6,4309,0,5,ipopt,0.04893107001908609,0.16519175004214048,100,0.00028726541541861106,2,0,0
K6_late_m4309,6,4309,0,6,ccp,0.043010340614048535,0.23428854206576943,4,2.20291576646936e-10,6,1,1
K6_late_m4309,6,4309,0,6,ipopt,0.03470076767748997,0.17735541705042124,100,0.006504441123809657,1,0,0
K6_late_m4309,6,4309,0,7,ccp,0.04850741311045349,0.23549933265894651,4,5.672903452547118e-09,4,1,1
K6_late_m4309,6,4309,0,7,ipopt,0.04394999754687923,0.20447770785540342,100,0.003163417253112845,2,0,0
K6_late_m4309,6,4309,0,8,ccp,0.04216367187622193,0.29239758383482695,5,1.3255091468877822e-12,5,1,1
K6_late_m4309,6,4309,0,8,ipopt,0.04748710789878831,0.18452829215675592,100,0.00039476858443460855,3,0,0
K6_late_m4309,6,4309,0,9,ccp,0.05127337688636961,0.3524985001422465,6,1.3372573881564875e-11,5,1,1
K6_late_m4309,6,4309,0,9,ipopt,0.04461213397567809,0.17402087477967143,100,0.004647755490695751,2,0,0
K6_late_m4309,6,4309,1,0,ccp,0.05416624459695875,0.2892057918943465,5,1.6639467581569534e-13,5,1,1
K6_late_m4309,6,4309,1,0,ipopt,0.04698094174729324,0.20985408406704664,100,0.0031654224793205774,2,0,0
K6_late_m4309,6,4309,1,1,ccp,0.05508043704769726,0.348709125071764,6,1.9816093210778263e-13,4,1,1
K6_late_m4309,6,4309,1,1,ipopt,0.03506690622211352,0.1606417503207922,100,0.014279864810093752,1,0,0
K6_late_m4309,6,4309,1,2,ccp,0.03997658546710258,0.23299254197627306,4,5.187129059613937e-10,5,1,1
K6_late_m4309,6,4309,1,2,ipopt,0.03864294855835914,0.17071454180404544,100,0.0004609813929565554,2,0,0
K6_late_m4309,6,4309,1,3,ccp,0.0565490814884011,0.35510670905932784,6,3.4331401541076723e-09,4,1,1
K6_late_m4309,6,4309,1,3,ipopt,0.04317041781829817,0.21644287463277578,100,0.00019234131019283535,5,0,0
K6_late_m4309,6,4309,1,4,ccp,0.04856227698483696,0.34917254094034433,6,6.024247142799588e-10,4,1,1
K6_late_m4309,6,4309,1,4,ipopt,0.06368129003677479,0.1786347501911223,100,0.0011517303302467224,2,0,0
K6_late_m4309,6,4309,1,5,ccp,0.044303064606490646,0.28837249986827374,5,2.3107391694532353e-10,6,1,1
K6_late_m4309,6,4309,1,5,ipopt,0.03245589330408502,0.17195624997839332,100,0.005430701232722011,1,0,0
K6_late_m4309,6,4309,1,6,ccp,0.03967276659308779,0.3552703750319779,6,2.011296240667093e-09,6,1,1
K6_late_m4309,6,4309,1,6,ipopt,0.03174663540791239,0.19977241707965732,100,0.002323163595866387,1,0,0
K6_late_m4309,6,4309,1,7,ccp,0.04432132968963274,0.2944446671754122,5,8.037320808895743e-14,5,1,1
K6_late_m4309,6,4309,1,7,ipopt,0.04514300045184488,0.18451858311891556,100,1.8571183109175604e-06,3,0,0
K6_late_m4309,6,4309,1,8,ccp,0.0459452376576575,0.3514520828612149,6,-3.400058012914542e-16,4,1,1
K6_late_m4309,6,4309,1,8,ipopt,0.03140965277077428,0.18787174997851253,100,0.004386025083044781,1,0,0
K6_late_m4309,6,4309,1,9,ccp,0.06283907547955564,0.41345570888370275,7,1.1003933875208816e-11,3,1,1
K6_late_m4309,6,4309,1,9,ipopt,0.05667513079516902,0.1843326659873128,100,0.0020511604511620762,2,0,0
K6_late_m4309,6,4309,2,0,ccp,0.054215805324727154,0.2885692501440644,5,1.1865855520376556e-10,4,1,1
K6_late_m4309,6,4309,2,0,ipopt,0.05378824636807892,0.3495487500913441,100,0.0008152875935968432,1,0,0
K6_late_m4309,6,4309,2,1,ccp,0.04904068915266267,0.28629233315587044,5,7.230327447871332e-15,6,1,1
K6_late_m4309,6,4309,2,1,ipopt,0.05024344903183606,0.20000379160046577,100,0.00013436642512632685,3,0,0
K6_late_m4309,6,4309,2,2,ccp,0.048657728514572555,0.2333285417407751,4,3.0389122954166403e-09,5,1,1
K6_late_m4309,6,4309,2,2,ipopt,0.04783310107326157,0.18067529099062085,100,0.0003732758830326602,3,0,0
K6_late_m4309,6,4309,2,3,ccp,0.04897921485089968,0.23180049983784556,4,1.1962217466576774e-09,6,1,1
K6_late_m4309,6,4309,2,3,ipopt,0.0380655402231864,0.1704640001989901,100,0.009011564315954498,1,0,0
K6_late_m4309,6,4309,2,4,ccp,0.05032137529092519,0.35339016700163484,6,8.174017018802715e-15,3,1,1
K6_late_m4309,6,4309,2,4,ipopt,0.03985814106327628,0.22920829197391868,100,0.004904009333234233,2,0,0
K6_late_m4309,6,4309,2,5,ccp,0.048132374790852916,0.2902446249499917,5,1.9944046414366312e-12,6,1,1
K6_late_m4309,6,4309,2,5,ipopt,0.035019204491902975,0.18552695773541927,100,0.010405213222592483,1,0,0
K6_late_m4309,6,4309,2,6,ccp,0.050575538700991,0.2908804998733103,5,2.2273849431542203e-15,4,1,1
K6_late_m4309,6,4309,2,6,ipopt,0.04669173449594004,0.16913479194045067,100,0.00114231132460018,2,0,0
K6_late_m4309,6,4309,2,7,ccp,0.05443206931395367,0.34914237493649125,6,3.063688192028735e-11,4,1,1
K6_late_m4309,6,4309,2,7,ipopt,0.034110591316311265,0.1920196251012385,100,0.0078084028102132705,1,0,0
K6_late_m4309,6,4309,2,8,ccp,0.056410417168918814,0.3581370832398534,6,1.5704083172751737e-09,5,1,1
K6_late_m4309,6,4309,2,8,ipopt,0.03399442178610314,0.18194170808419585,100,0.009425977135850992,1,0,0
K6_late_m4309,6,4309,2,9,ccp,0.04050507171606837,0.2941934592090547,5,5.101613576030672e-13,5,1,1
K6_late_m4309,6,4309,2,9,ipopt,0.03354052137733385,0.2128482088446617,100,0.0044025144271833475,1,0,0
K6_late_m4309,6,4309,3,0,ccp,0.05017723385922179,0.23391904216259718,4,5.2638449155040234e-14,6,1,1
K6_late_m4309,6,4309,3,0,ipopt,0.047493330020770136,0.219030249863863,77,0.0021294052382114376,2,0,0
K6_late_m4309,6,4309,3,1,ccp,0.06301012175273987,0.23766966722905636,4,8.079486010781345e-09,4,1,1
K6_late_m4309,6,4309,3,1,ipopt,0.042424068830835396,0.22224987531080842,100,0.01008560053203053,1,0,0
K6_late_m4309,6,4309,3,2,ccp,0.04829639106135971,0.41023208294063807,7,3.89459298144601e-13,5,1,1
K6_late_m4309,6,4309,3,2,ipopt,0.047658036529233595,0.1922056656330824,100,0.0003181539230182884,2,0,0
K6_late_m4309,6,4309,3,3,ccp,0.04823516610086826,0.2913660411722958,5,1.9859808242372878e-13,4,1,1
K6_late_m4309,6,4309,3,3,ipopt,0.037576436676403355,0.18760745925828815,100,0.008268570918918361,1,0,0
K6_late_m4309,6,4309,3,4,ccp,0.05338166953523605,0.2912649167701602,5,1.5316359291972503e-12,4,1,1
K6_late_m4309,6,4309,3,4,ipopt,0.040465645426353565,0.2730666249990463,100,0.0051440523135216285,1,0,0
K6_late_m4309,6,4309,3,5,ccp,0.06568872581351921,0.35024437541142106,6,7.813194535799539e-15,4,1,1
K6_late_m4309,6,4309,3,5,ipopt,0.04969490476542854,0.18190150009468198,100,0.0026214611910191365,2,0,0
K6_late_m4309,6,4309,3,6,ccp,0.04876865519081388,0.3523177090100944,6,7.170548876889171e-12,3,1,1
K6_late_m4309,6,4309,3,6,ipopt,0.03636273801289251,0.17071920866146684,100,0.008984998239738279,1,0,0
K6_late_m4309,6,4309,3,7,ccp,0.05224887113563274,0.23111241683363914,4,5.5490334549546105e-14,3,1,1
K6_late_m4309,6,4309,3,7,ipopt,0.036213981188121996,0.16803512489423156,100,0.013099994266575009,1,0,0
K6_late_m4309,6,4309,3,8,ccp,0.048285140507594124,0.2351842918433249,4,7.321850070685088e-11,5,1,1
K6_late_m4309,6,4309,3,8,ipopt,0.03550574381192719,0.2007679999805987,100,0.011611215897322683,1,0,0
K6_late_m4309,6,4309,3,9,ccp,0.04828513976628727,0.23362145898863673,4,8.145260507741447e-10,5,1,1
K6_late_m4309,6,4309,3,9,ipopt,0.04826457363333803,0.2757005002349615,100,3.7047609313944907e-06,2,0,0
K6_late_m4309,6,4309,4,0,ccp,0.04677431678668911,0.23223220882937312,4,7.202466102695926e-09,5,1,1
K6_late_m4309,6,4309,4,0,ipopt,0.04631199208646179,0.27918450022116303,100,0.0004223485494085702,2,0,0
K6_late_m4309,6,4309,4,1,ccp,0.047398417629462605,0.2338453340344131,4,9.711801397804809e-09,4,1,1
K6_late_m4309,6,4309,4,1,ipopt,0.04373614086910342,0.1764897909015417,100,0.00018535190070324142,2,0,0
K6_late_m4309,6,4309,4,2,ccp,0.04314856363437753,0.2352982498705387,4,8.633710343874945e-10,3,1,1
K6_late_m4309,6,4309,4,2,ipopt,0.0418382738529143,0.1968309166841209,100,7.903768934970634e-05,3,0,0
K6_late_m4309,6,4309,4,3,ccp,0.042542153096314664,0.2879059170372784,5,1.6151663340124855e-13,4,1,1
K6_late_m4309,6,4309,4,3,ipopt,0.03580400509002545,0.19878504192456603,100,1.891004414750208e-06,2,0,0
K6_late_m4309,6,4309,4,4,ccp,0.046273504902370796,0.2919745002873242,5,2.745524571579061e-10,3,1,1
K6_late_m4309,6,4309,4,4,ipopt,0.04621620968886187,0.19865716621279716,100,5.448127465242092e-05,2,0,0
K6_late_m4309,6,4309,4,5,ccp,0.05567853288077792,0.285797624848783,5,1.866963250662934e-10,4,1,1
K6_late_m4309,6,4309,4,5,ipopt,0.05263284843434146,0.17774199973791838,100,0.0022258354075863768,2,0,0
K6_late_m4309,6,4309,4,6,ccp,0.04488967499740774,0.29108620807528496,5,3.740063814205996e-15,6,1,1
K6_late_m4309,6,4309,4,6,ipopt,0.033981327408069535,0.2958049583248794,100,0.005598309168843879,1,0,0
K6_late_m4309,6,4309,4,7,ccp,0.04034738290661417,0.29394833324477077,5,3.3984620673166432e-12,5,1,1
K6_late_m4309,6,4309,4,7,ipopt,0.03393549403540373,0.24394383328035474,100,0.0048120978851444035,1,0,0
K6_late_m4309,6,4309,4,8,ccp,0.04963658832553334,0.2928748750127852,5,1.969209517671544e-11,5,1,1
K6_late_m4309,6,4309,4,8,ipopt,0.033659390710707976,0.1772237499244511,100,0.008321487161868299,1,0,0
K6_late_m4309,6,4309,4,9,ccp,0.05421580544338317,0.2902473332360387,5,2.373101715136272e-15,4,1,1
K6_late_m4309,6,4309,4,9,ipopt,0.03337261933972463,0.16069879196584225,100,0.014760737125016993,1,0,0
K6_late_m4309,6,4309,5,0,ccp,0.053367871898872515,0.29000112507492304,5,6.384857920149756e-12,4,1,1
K6_late_m4309,6,4309,5,0,ipopt,0.05222817862935368,0.22847995907068253,100,0.00021620622023509756,2,0,0
K6_late_m4309,6,4309,5,1,ccp,0.054117997911966725,0.23210466699674726,4,4.114342894157019e-11,5,1,1
K6_late_m4309,6,4309,5,1,ipopt,0.04295556964608395,0.19177029095590115,58,0.00801640555468365,1,0,0
K6_late_m4309,6,4309,5,2,ccp,0.0524374386272788,0.2295744172297418,4,8.910713833465422e-11,5,1,1
K6_late_m4309,6,4309,5,2,ipopt,0.052437026844989555,0.18333829240873456,100,4.118492524241013e-07,3,0,0
K6_late_m4309,6,4309,5,3,ccp,0.05654908480159608,0.28875033324584365,5,1.19947045351676e-10,4,1,1
K6_late_m4309,6,4309,5,3,ipopt,0.03988200242984455,0.18082670820876956,100,0.012485498609595427,1,0,0
K6_late_m4309,6,4309,5,4,ccp,0.05329915290182308,0.2928998749703169,5,5.006819195352286e-10,5,1,1
K6_late_m4309,6,4309,5,4,ipopt,0.053107488589086704,0.19573845760896802,100,0.00019047485008473475,2,0,0
K6_late_m4309,6,4309,5,5,ccp,0.051723519405048546,0.41202720906585455,7,5.2629465369102846e-09,5,1,1
K6_late_m4309,6,4309,5,5,ipopt,0.043971718108732065,0.172001457773149,100,0.0013164174416326196,3,0,0
K6_late_m4309,6,4309,5,6,ccp,0.04887766919114015,0.23353141685947776,4,6.489989406999186e-09,4,1,1
K6_late_m4309,6,4309,5,6,ipopt,0.04869614373738031,0.3039719997905195,100,0.00015931992083672436,3,0,0
K6_late_m4309,6,4309,5,7,ccp,0.04318644538706931,0.28983729192987084,5,8.03523914072457e-15,6,1,1
K6_late_m4309,6,4309,5,7,ipopt,0.04185024193693106,0.20604649977758527,100,0.00033938210347265324,4,0,0
K6_late_m4309,6,4309,5,8,ccp,0.0431885806798041,0.23665233422070742,4,8.054289478420795e-09,5,1,1
K6_late_m4309,6,4309,5,8,ipopt,0.04001733191738492,0.20349754160270095,100,0.00256043089981748,2,0,0
K6_late_m4309,6,4309,5,9,ccp,0.039763286693922505,0.2941761249676347,5,5.634936961484982e-13,5,1,1
K6_late_m4309,6,4309,5,9,ipopt,0.036242384207281604,0.18666095938533545,100,0.0027205374132076993,2,0,0
K6_late_m4309,6,4309,6,0,ccp,0.048797346585114795,0.23182845814153552,4,3.631475814502849e-10,5,1,1
K6_late_m4309,6,4309,6,0,ipopt,0.03813736841460441,0.21152591658756137,100,0.00845246398154121,1,0,0
K6_late_m4309,6,4309,6,1,ccp,0.0464123569901446,0.24101879075169563,4,2.015332879745646e-09,5,1,1
K6_late_m4309,6,4309,6,1,ipopt,0.04262740877174839,0.20157487504184246,100,0.0005705514370244469,2,0,0
K6_late_m4309,6,4309,6,2,ccp,0.0491823865907483,0.3526476249098778,6,4.3576253716537394e-15,5,1,1
K6_late_m4309,6,4309,6,2,ipopt,0.04297712024325273,0.17276291688904166,100,0.003217374163419294,2,0,0
K6_late_m4309,6,4309,6,3,ccp,0.04417488195414133,0.23207475012168288,4,1.9552438904058e-09,5,1,1
K6_late_m4309,6,4309,6,3,ipopt,0.0402896942852513,0.20273745758458972,100,1.489486710343213e-05,5,0,0
K6_late_m4309,6,4309,6,4,ccp,0.04410473304900697,0.29282283317297697,5,4.5751022414997067e-10,5,1,1
K6_late_m4309,6,4309,6,4,ipopt,0.045113061816748,0.18413920793682337,100,3.156384590648903e-05,2,0,0
K6_late_m4309,6,4309,6,5,ccp,0.03860693340854327,0.23071925016120076,4,1.9317880628477724e-13,6,1,1
K6_late_m4309,6,4309,6,5,ipopt,0.04085146932194539,0.17731795832514763,100,0.006747488930282458,1,0,0
K6_late_m4309,6,4309,6,6,ccp,0.05416624459629783,0.35309729212895036,6,8.291908826230099e-13,5,1,1
K6_late_m4309,6,4309,6,6,ipopt,0.03757051826042457,0.19726445898413658,100,0.004908521220066145,2,0,0
K6_late_m4309,6,4309,6,7,ccp,0.03878176608861758,0.2309967498295009,4,2.2447550068749322e-10,6,1,1
K6_late_m4309,6,4309,6,7,ipopt,0.03263824927650401,0.19574291678145528,100,0.005224611377032735,1,0,0
K6_late_m4309,6,4309,6,8,ccp,0.04657382840978507,0.4651059159077704,8,7.386957018296059e-11,3,1,1
K6_late_m4309,6,4309,6,8,ipopt,0.04650434771137424,0.19247679132968187,100,6.732102885665531e-05,2,0,0
K6_late_m4309,6,4309,6,9,ccp,0.04365542596279775,0.2292263749986887,4,3.468890452662521e-11,5,1,1
K6_late_m4309,6,4309,6,9,ipopt,0.03907202815315104,0.1880125841125846,100,0.0023718829786528103,2,0,0
K6_late_m4309,6,4309,7,0,ccp,0.050241401572938535,0.23121970798820257,4,3.1094783345397836e-09,5,1,1
K6_late_m4309,6,4309,7,0,ipopt,0.05077202136989379,0.1849549999460578,100,0.001840592591242654,2,0,0
K6_late_m4309,6,4309,7,1,ccp,0.054117997953099836,0.2940459158271551,5,8.631984016460592e-15,5,1,1
K6_late_m4309,6,4309,7,1,ipopt,0.036947099662337196,0.18786045908927917,100,0.007405800476874634,1,0,0
K6_late_m4309,6,4309,7,2,ccp,0.04337885840974105,0.23093870794400573,4,4.510126293266747e-09,4,1,1
K6_late_m4309,6,4309,7,2,ipopt,0.06539014960866908,0.23126487527042627,100,0.00028035488043255674,2,0,0
K6_late_m4309,6,4309,7,3,ccp,0.05411799326850256,0.4114794582128525,7,4.684606341731623e-09,5,1,1
K6_late_m4309,6,4309,7,3,ipopt,0.04697109730270689,0.1998865003697574,100,0.0009564300559633879,3,0,0
K6_late_m4309,6,4309,7,4,ccp,0.04488967499735299,0.292302000336349,5,5.790506962810582e-14,6,1,1
K6_late_m4309,6,4309,7,4,ipopt,0.0414196440477093,0.17778045777231455,100,0.00014173686226243848,2,0,0
K6_late_m4309,6,4309,7,5,ccp,0.05411799750409841,0.3558922503143549,6,4.490091562447951e-10,5,1,1
K6_late_m4309,6,4309,7,5,ipopt,0.04947923936306162,0.20000858278945088,100,0.00015098492562123228,2,0,0
K6_late_m4309,6,4309,7,6,ccp,0.041593603147097216,0.23262595804408193,4,2.0076864337692513e-09,5,1,1
K6_late_m4309,6,4309,7,6,ipopt,0.04494950159244338,0.189858874771744,100,0.00029637386747274896,4,0,0
K6_late_m4309,6,4309,7,7,ccp,0.053381668830196814,0.353256416041404,6,7.065680193707458e-10,4,1,1
K6_late_m4309,6,4309,7,7,ipopt,0.047594800556866976,0.1646225000731647,100,0.002335597137063973,2,0,0
K6_late_m4309,6,4309,7,8,ccp,0.04239778522759233,0.2902945829555392,5,2.974009927214638e-14,5,1,1
K6_late_m4309,6,4309,7,8,ipopt,0.0423955107441412,0.20162020809948444,100,2.2568525810950923e-06,3,0,0
K6_late_m4309,6,4309,7,9,ccp,0.048979215204043955,0.2930370829999447,5,8.430763795419516e-10,6,1,1
K6_late_m4309,6,4309,7,9,ipopt,0.04898688641896589,0.18922737473621964,100,3.582127024783638e-05,2,0,0
K6_late_m4309,6,4309,8,0,ccp,0.049987273559628835,0.23559487517923117,4,6.75152597023887e-09,4,1,1
K6_late_m4309,6,4309,8,0,ipopt,0.04357099857598615,0.18247729167342186,100,0.005545821649747901,1,0,0
K6_late_m4309,6,4309,8,1,ccp,0.05421580536622188,0.2906431662850082,5,7.716377536937102e-11,4,1,1
K6_late_m4309,6,4309,8,1,ipopt,0.054215739990456584,0.21257045771926641,100,6.545274124775124e-08,4,0,0
K6_late_m4309,6,4309,8,2,ccp,0.04895451042944628,0.2354003326036036,4,9.041704884804602e-12,5,1,1
K6_late_m4309,6,4309,8,2,ipopt,0.03966283716253289,0.2885727910324931,100,0.005760461251505131,1,0,0
K6_late_m4309,6,4309,8,3,ccp,0.04870943410673305,0.3525907499715686,6,5.995204332975845e-15,5,1,1
K6_late_m4309,6,4309,8,3,ipopt,0.0460745924199549,0.20422520907595754,100,5.521165598364186e-05,4,0,0
K6_late_m4309,6,4309,8,4,ccp,0.03737413965714043,0.23771791625767946,4,1.4778084936328817e-09,5,1,1
K6_late_m4309,6,4309,8,4,ipopt,0.03836236334940475,0.18563929107040167,100,4.392366083844079e-05,4,0,0
K6_late_m4309,6,4309,8,5,ccp,0.051860664728166556,0.29241300001740456,5,3.2172944863795294e-12,5,1,1
K6_late_m4309,6,4309,8,5,ipopt,0.04237796711997034,0.17780570778995752,100,0.0009548288514434761,3,0,0
K6_late_m4309,6,4309,8,6,ccp,0.06301012915613774,0.23360525025054812,4,6.760886017698198e-10,4,1,1
K6_late_m4309,6,4309,8,6,ipopt,0.03702834872571582,0.1906723752617836,100,0.002846198749264936,2,0,0
K6_late_m4309,6,4309,8,7,ccp,0.050256034162044244,0.2913882499560714,5,2.516042929556761e-14,5,1,1
K6_late_m4309,6,4309,8,7,ipopt,0.03472735733263738,0.1864923327229917,100,0.011112227764203834,1,0,0
K6_late_m4309,6,4309,8,8,ccp,0.04804071483758959,0.35102987475693226,6,3.3505906382735873e-12,6,1,1
K6_late_m4309,6,4309,8,8,ipopt,0.03465282533878598,0.18291833298280835,100,0.004697928679684826,1,0,0
K6_late_m4309,6,4309,8,9,ccp,0.04345448756518151,0.2931255423463881,5,2.1143559125746947e-11,4,1,1
K6_late_m4309,6,4309,8,9,ipopt,0.033073348736356215,0.34286508336663246,100,0.004069700084874547,1,0,0
K6_late_m4309,6,4309,9,0,ccp,0.06283907547865188,0.4728768332861364,8,1.1902243080008645e-11,3,1,1
K6_late_m4309,6,4309,9,0,ipopt,0.03910643488303788,0.202845792286098,100,0.008132459661418734,1,0,0
K6_late_m4309,6,4309,9,1,ccp,0.05508043430341433,0.29067458398640156,5,2.7444809619359134e-09,4,1,1
K6_late_m4309,6,4309,9,1,ipopt,0.044309820065522795,0.2448511249385774,100,0.005805003944394191,2,0,0
K6_late_m4309,6,4309,9,2,ccp,0.048709434098856,0.2921807919628918,5,7.883235730865579e-12,5,1,1
K6_late_m4309,6,4309,9,2,ipopt,0.0374878443532148,0.18260412523522973,100,0.0078449039276252,1,0,0
K6_late_m4309,6,4309,9,3,ccp,0.06568872371190917,0.30054974975064397,5,2.101618545857775e-09,4,1,1
K6_late_m4309,6,4309,9,3,ipopt,0.05853823665051533,0.19188679102808237,100,0.001139375578441515,2,0,0
K6_late_m4309,6,4309,9,4,ccp,0.04641930365676156,0.5298305829055607,9,2.2026523799345554e-09,4,1,1
K6_late_m4309,6,4309,9,4,ipopt,0.04435214649404776,0.2858753749169409,100,0.0008005738084128217,1,0,0
K6_late_m4309,6,4309,9,5,ccp,0.04925067511114588,0.35010966612026095,6,6.980527267330672e-15,5,1,1
K6_late_m4309,6,4309,9,5,ipopt,0.046310827454330745,0.15105229197070003,100,0.0030428970367219615,2,0,0
K6_late_m4309,6,4309,9,6,ccp,0.04592158782104449,0.2912423750385642,5,1.0581049925129093e-12,4,1,1
K6_late_m4309,6,4309,9,6,ipopt,0.04042962953153545,0.17761799972504377,100,0.001750929069849673,3,0,0
K6_late_m4309,6,4309,9,7,ccp,0.0428240492327214,0.23054866585880518,4,3.8533946172814026e-10,4,1,1
K6_late_m4309,6,4309,9,7,ipopt,0.050566537238346344,0.2808150420896709,92,0.003107615864824713,2,0,0
K6_late_m4309,6,4309,9,8,ccp,0.04030348124799492,0.23156245797872543,4,1.2881457567281984e-09,5,1,1
K6_late_m4309,6,4309,9,8,ipopt,0.03578404414885616,0.18899770779535174,100,0.00144605367473042,2,0,0
K6_late_m4309,6,4309,9,9,ccp,0.05043606435972587,0.29619329143315554,5,4.272825149254089e-12,5,1,1
K6_late_m4309,6,4309,9,9,ipopt,0.03217575777588443,0.19626429164782166,100,0.011283020681459782,1,0,0
K6_late_m4309,6,4309,10,0,ccp,0.05038690346838502,0.23995820805430412,4,6.416639442008432e-11,6,1,1
K6_late_m4309,6,4309,10,0,ipopt,0.050343157794677684,0.224740041885525,100,4.206083341270345e-05,5,0,0
K6_late_m4309,6,4309,10,1,ccp,0.04359997104738697,0.35326216695830226,6,2.8251734285333896e-10,5,1,1
K6_late_m4309,6,4309,10,1,ipopt,0.04149706982492885,0.23477412480860949,100,0.000507238131667552,2,0,0
K6_late_m4309,6,4309,10,2,ccp,0.04543963661823818,0.29385866643860936,5,8.93660145884212e-14,4,1,1
K6_late_m4309,6,4309,10,2,ipopt,0.04367864087896214,0.18306499999016523,100,0.0003719352385159677,3,0,0
K6_late_m4309,6,4309,10,3,ccp,0.06568872504350007,0.23728499980643392,4,7.700279719413672e-10,4,1,1
K6_late_m4309,6,4309,10,3,ipopt,0.037814587342197496,0.23466108413413167,100,0.01576928469513192,1,0,0
K6_late_m4309,6,4309,10,4,ccp,0.051928895213915124,0.2836325829848647,5,1.536215599173829e-11,6,1,1
K6_late_m4309,6,4309,10,4,ipopt,0.035696325205449055,0.19714170787483454,100,0.011243698434821557,1,0,0
K6_late_m4309,6,4309,10,5,ccp,0.046892411449344154,0.35092629212886095,6,2.248201624865942e-15,5,1,1
K6_late_m4309,6,4309,10,5,ipopt,0.03566408728335131,0.21148812491446733,100,0.008833202954710656,1,0,0
K6_late_m4309,6,4309,10,6,ccp,0.06568872247009178,0.40955845825374126,7,3.3434350288352732e-09,4,1,1
K6_late_m4309,6,4309,10,6,ipopt,0.03522552625743298,0.1661243331618607,100,0.010090478314552453,1,0,0
K6_late_m4309,6,4309,10,7,ccp,0.04528679346408726,0.290633250027895,5,4.619048199483444e-12,5,1,1
K6_late_m4309,6,4309,10,7,ipopt,0.04205510590210332,0.2032751669175923,100,0.00044438657831225026,1,0,0
K6_late_m4309,6,4309,10,8,ccp,0.042258191062106876,0.2316350000910461,4,1.632553120467506e-11,5,1,1
K6_late_m4309,6,4309,10,8,ipopt,0.04212999093022164,0.2216309579089284,100,0.0004661477737464628,3,0,0
K6_late_m4309,6,4309,10,9,ccp,0.04870943404986689,0.28936729207634926,5,5.687130627540782e-11,5,1,1
K6_late_m4309,6,4309,10,9,ipopt,0.03987061468671202,0.20197554165497422,100,0.0006200821902386799,2,0,0
K6_late_m4309,6,4309,11,0,ccp,0.06301012983073816,0.2894237502478063,5,1.4879486531782504e-12,4,1,1
K6_late_m4309,6,4309,11,0,ipopt,0.040083070577828415,0.1876544589176774,100,0.014921233971395477,1,0,0
K6_late_m4309,6,4309,11,1,ccp,0.052374922614726524,0.2873789998702705,5,5.205612468861531e-10,5,1,1
K6_late_m4309,6,4309,11,1,ipopt,0.036246165080126944,0.16047612484544516,100,0.00960806589652749,1,0,0
K6_late_m4309,6,4309,11,2,ccp,0.04959959557836157,0.2325051249936223,4,2.2682528078021846e-10,4,1,1
K6_late_m4309,6,4309,11,2,ipopt,0.04907811716185323,0.1754534998908639,100,0.0004678930253226299,2,0,0
K6_late_m4309,6,4309,11,3,ccp,0.05165893062073572,0.35211941599845886,6,1.4754464316979465e-10,4,1,1
K6_late_m4309,6,4309,11,3,ipopt,0.051397512994437185,0.22379766684025526,74,0.0002145866923121409,2,0,0
K6_late_m4309,6,4309,11,4,ccp,0.052540054747861456,0.2930426672101021,5,4.899963768068005e-11,4,1,1
K6_late_m4309,6,4309,11,4,ipopt,0.034812313946938844,0.18200058303773403,100,0.010989250502728781,1,0,0
K6_late_m4309,6,4309,11,5,ccp,0.04689240487260898,0.23480483377352357,4,6.5767399373695135e-09,5,1,1
K6_late_m4309,6,4309,11,5,ipopt,0.03441644667761979,0.1717003332450986,100,0.008108573386664049,1,0,0
K6_late_m4309,6,4309,11,6,ccp,0.051422033602933966,0.2907063332386315,5,7.512288430211456e-10,4,1,1
K6_late_m4309,6,4309,11,6,ipopt,0.04899918745820231,0.19703612523153424,100,0.0007762790965271729,3,0,0
K6_late_m4309,6,4309,11,7,ccp,0.04253195509884829,0.2901353747583926,5,5.7245874707234634e-15,6,1,1
K6_late_m4309,6,4309,11,7,ipopt,0.03318183935601044,0.17219641571864486,100,0.0053787475843463314,1,0,0
K6_late_m4309,6,4309,11,8,ccp,0.03946020528454691,0.2922750827856362,5,1.1664280652468051e-14,5,1,1
K6_late_m4309,6,4309,11,8,ipopt,0.0330933438625321,0.19240200007334352,100,0.004877245483207254,1,0,0
K6_late_m4309,6,4309,11,9,ccp,0.049599595774799624,0.2919420418329537,5,3.027334632976775e-11,4,1,1
K6_late_m4309,6,4309,11,9,ipopt,0.04791383745100014,0.17436016583815217,100,0.0015769618962428594,2,0,0
K6_late_m4309,6,4309,12,0,ccp,0.0630101298283983,0.28995975013822317,5,3.828284911300273e-12,4,1,1
K6_late_m4309,6,4309,12,0,ipopt,0.06321092113422745,0.2247526659630239,100,1.8202857893848123e-05,1,0,0
K6_late_m4309,6,4309,12,1,ccp,0.04932217251014768,0.3451450001448393,6,4.760309507689797e-11,4,1,1
K6_late_m4309,6,4309,12,1,ipopt,0.048609600928760814,0.1796220000833273,100,0.00012386778576253116,2,0,0
K6_late_m4309,6,4309,12,2,ccp,0.04779672400277781,0.2313289581798017,4,4.831721432674296e-09,5,1,1
K6_late_m4309,6,4309,12,2,ipopt,0.0399173231451223,0.1645410000346601,100,0.006665358816524379,1,0,0
K6_late_m4309,6,4309,12,3,ccp,0.043403763412477384,0.22829816723242402,4,1.3310186286474845e-12,4,1,1
K6_late_m4309,6,4309,12,3,ipopt,0.043224434323908774,0.24514474999159575,100,7.518376606426014e-05,2,0,0
K6_late_m4309,6,4309,12,4,ccp,0.05411799272281838,0.4726272923871875,8,5.230289812363509e-09,5,1,1
K6_late_m4309,6,4309,12,4,ipopt,0.03843029657862727,0.17929441714659333,100,0.0003219047547182302,2,0,0
K6_late_m4309,6,4309,12,5,ccp,0.05224887113407503,0.2926625828258693,5,1.608102540018308e-12,3,1,1
K6_late_m4309,6,4309,12,5,ipopt,0.04674924883452269,0.18087587505578995,100,0.0008487864482190008,3,0,0
K6_late_m4309,6,4309,12,6,ccp,0.04030491725929797,0.22977512516081333,4,6.033507027325413e-12,6,1,1
K6_late_m4309,6,4309,12,6,ipopt,0.039923436835738485,0.17259249975904822,100,0.0002831442269470505,2,0,0
K6_late_m4309,6,4309,12,7,ccp,0.03767887905435661,0.2312015830539167,4,2.9540739299172003e-10,5,1,1
K6_late_m4309,6,4309,12,7,ipopt,0.03636568535667094,0.22562974970787764,100,1.9707994393901307e-05,5,0,0
K6_late_m4309,6,4309,12,8,ccp,0.0478501727616134,0.23286112491041422,4,6.581805510330607e-09,3,1,1
K6_late_m4309,6,4309,12,8,ipopt,0.0617124422355457,0.26109758438542485,100,0.0010247165151979903,2,0,0
K6_late_m4309,6,4309,12,9,ccp,0.04620732079927163,0.23085158318281174,4,2.1724352178287276e-10,4,1,1
K6_late_m4309,6,4309,12,9,ipopt,0.0462073209930601,0.22109316708520055,100,2.3449096830940874e-11,4,1,0
K6_late_m4309,6,4309,13,0,ccp,0.049040689152446276,0.29180479189381003,5,2.2217644390920555e-13,6,1,1
K6_late_m4309,6,4309,13,0,ipopt,0.044107435921615805,0.15809091599658132,100,0.003309117713892182,2,0,0
K6_late_m4309,6,4309,13,1,ccp,0.05142203435399886,0.2930418327450752,5,1.633831958613996e-13,4,1,1
K6_late_m4309,6,4309,13,1,ipopt,0.04031242519387046,0.1700046667829156,100,0.006147742175936215,2,0,0
K6_late_m4309,6,4309,13,2,ccp,0.04989798265493634,0.28944625006988645,5,1.2453434117265516e-11,3,1,1
K6_late_m4309,6,4309,13,2,ipopt,0.04962926855007156,0.36412120796740055,100,0.00026672439791537716,2,0,0
K6_late_m4309,6,4309,13,3,ccp,0.047915064865439005,0.29010491725057364,5,3.663258724140306e-10,4,1,1
K6_late_m4309,6,4309,13,3,ipopt,0.04429867438093555,0.2335228337906301,100,0.00010790395196442343,3,0,0
K6_late_m4309,6,4309,13,4,ccp,0.05041645379402945,0.2873927503824234,5,2.756128658631951e-14,6,1,1
K6_late_m4309,6,4309,13,4,ipopt,0.03669501712588799,0.19169462518766522,100,0.009856965360056459,1,0,0
K6_late_m4309,6,4309,13,5,ccp,0.06283907548339937,0.40409774985164404,7,7.154138392806431e-12,3,1,1
K6_late_m4309,6,4309,13,5,ipopt,0.05366604103281469,0.3017764580436051,100,0.0005095257709547274,2,0,0
K6_late_m4309,6,4309,13,6,ccp,0.04158567019585376,0.2299982919357717,4,7.736748741660193e-12,5,1,1
K6_late_m4309,6,4309,13,6,ipopt,0.03437676788656087,0.18157200003042817,100,0.006066689713626776,1,0,0
K6_late_m4309,6,4309,13,7,ccp,0.048709162770095904,0.2865389580838382,5,1.7305601396344628e-14,6,1,1
K6_late_m4309,6,4309,13,7,ipopt,0.04802761734379204,0.18071970902383327,100,0.00016523452225936097,4,0,0
K6_late_m4309,6,4309,13,8,ccp,0.045855891403808774,0.23196991672739387,4,7.906487964337572e-12,5,1,1
K6_late_m4309,6,4309,13,8,ipopt,0.03365158515155135,0.19330562511458993,100,0.009430285461839903,1,0,0
K6_late_m4309,6,4309,13,9,ccp,0.05336787190522588,0.29319708328694105,5,2.7797208979052357e-14,4,1,1
K6_late_m4309,6,4309,13,9,ipopt,0.04571453064206141,0.19481408316642046,100,0.0001704706470187778,2,0,0
K6_late_m4309,6,4309,14,0,ccp,0.06301012971452305,0.22966908337548375,4,1.1770338870231711e-10,4,1,1
K6_late_m4309,6,4309,14,0,ipopt,0.06301012981214914,0.28304062504321337,100,2.007759236644091e-11,4,1,0
K6_late_m4309,6,4309,14,1,ccp,0.04785039192126246,0.2891428340226412,5,9.429956815409923e-15,4,1,1
K6_late_m4309,6,4309,14,1,ipopt,0.04376103864653016,0.3503867918625474,100,2.553918145234424e-05,1,0,0
K6_late_m4309,6,4309,14,2,ccp,0.05654908490329623,0.29166362481191754,5,1.824716072684751e-11,4,1,1
K6_late_m4309,6,4309,14,2,ipopt,0.06283234512975726,0.24422508291900158,100,6.724833794144458e-06,1,0,0
K6_late_m4309,6,4309,14,3,ccp,0.052374923135173834,0.29034229181706905,5,1.040556529829928e-13,5,1,1
K6_late_m4309,6,4309,14,3,ipopt,0.05236000947365343,0.21891437470912933,100,9.504432782608818e-06,4,0,0
K6_late_m4309,6,4309,14,4,ccp,0.046660381795991364,0.41426191618666053,7,1.348643419163409e-13,5,1,1
K6_late_m4309,6,4309,14,4,ipopt,0.0416832224400288,0.40318041713908315,100,0.0022589274690328343,3,0,0
K6_late_m4309,6,4309,14,5,ccp,0.04030348252589345,0.23341945931315422,4,1.015811046389814e-11,5,1,1
K6_late_m4309,6,4309,14,5,ipopt,0.03395491604136694,0.19079387467354536,100,0.00574214254692626,1,0,0
K6_late_m4309,6,4309,14,6,ccp,0.05654908479337903,0.4110316247679293,7,1.2816467331866477e-10,4,1,1
K6_late_m4309,6,4309,14,6,ipopt,0.044924891148592695,0.22870370792225003,100,0.0026560277275195776,2,0,0
K6_late_m4309,6,4309,14,7,ccp,0.04244047181207654,0.2929615001194179,5,8.897743652980239e-14,5,1,1
K6_late_m4309,6,4309,14,7,ipopt,0.03990838815885609,0.1954808752052486,100,0.002081530057160677,3,0,0
K6_late_m4309,6,4309,14,8,ccp,0.05654908492043151,0.29144925018772483,5,1.111978564782845e-12,4,1,1
K6_late_m4309,6,4309,14,8,ipopt,0.05161400442590975,0.19754379196092486,100,0.0024861741476478877,2,0,0
K6_late_m4309,6,4309,14,9,ccp,0.042690824105155845,0.35026762494817376,6,6.009122366368302e-11,5,1,1
K6_late_m4309,6,4309,14,9,ipopt,0.04254914435125265,0.19866979168727994,100,5.649807523657596e-05,4,0,0
K6_late_m4309,6,4309,15,0,ccp,0.05726479812826765,0.2335897497832775,4,6.279787037599682e-10,5,1,1
K6_late_m4309,6,4309,15,0,ipopt,0.05850085856567775,0.255796791985631,100,0.0016877197201095734,3,0,0
K6_late_m4309,6,4309,15,1,ccp,0.05641041613266103,0.23174829175695777,4,2.6066662578427824e-09,5,1,1
K6_late_m4309,6,4309,15,1,ipopt,0.042675745395333815,0.21249429183080792,100,0.006396493347089256,1,0,0
K6_late_m4309,6,4309,15,2,ccp,0.05492694013358627,0.2897820412181318,5,5.852441795073382e-10,3,1,1
K6_late_m4309,6,4309,15,2,ipopt,0.03915091557597107,0.20239541586488485,100,0.007191876907696529,1,0,0
K6_late_m4309,6,4309,15,3,ccp,0.0628390754796732,0.46939695812761784,8,1.0882156287195244e-11,3,1,1
K6_late_m4309,6,4309,15,3,ipopt,0.03745125244439723,0.2119618747383356,100,0.006090729419038418,1,0,0
K6_late_m4309,6,4309,15,4,ccp,0.049970318367504915,0.28997179213911295,5,1.232486335212002e-13,4,1,1
K6_late_m4309,6,4309,15,4,ipopt,0.046185169996586936,0.18481804197654128,100,0.0006964803806632711,2,0,0
K6_late_m4309,6,4309,15,5,ccp,0.05025603416152963,0.29114450002089143,5,5.43537437280861e-13,5,1,1
K6_late_m4309,6,4309,15,5,ipopt,0.050247042157368166,0.2648244579322636,100,0.0014571022105766551,1,0,0
K6_late_m4309,6,4309,15,6,ccp,0.04423793385592544,0.2954939161427319,5,8.744446139408169e-11,5,1,1
K6_late_m4309,6,4309,15,6,ipopt,0.040822036194596525,0.19060133257880807,100,2.868373199560459e-05,4,0,0
K6_late_m4309,6,4309,15,7,ccp,0.0503869009739583,0.35243537509813905,6,2.5585914914527663e-09,6,1,1
K6_late_m4309,6,4309,15,7,ipopt,0.03393885332219514,0.1958753326907754,100,0.004496292669078514,1,0,0
K6_late_m4309,6,4309,15,8,ccp,0.04399469452082451,0.41008262522518635,7,2.1441182163073336e-15,6,1,1
K6_late_m4309,6,4309,15,8,ipopt,0.03925683799565204,0.19917104206979275,100,0.0009378981585468904,2,0,0
K6_late_m4309,6,4309,15,9,ccp,0.04941890831222911,0.35068566584959626,6,2.2754714779082974e-13,4,1,1
K6_late_m4309,6,4309,15,9,ipopt,0.04941890829245452,0.2514239167794585,100,2.0003471101759374e-11,4,1,0
K6_late_m4309,6,4309,16,0,ccp,0.05654908176589005,0.35016908403486013,6,3.155648686803403e-09,4,1,1
K6_late_m4309,6,4309,16,0,ipopt,0.05176235869292699,0.20253462484106421,100,1.1658561680089052e-06,3,0,0
K6_late_m4309,6,4309,16,1,ccp,0.0454970339377294,0.29176650010049343,5,2.7777086186731026e-13,5,1,1
K6_late_m4309,6,4309,16,1,ipopt,0.034713268183496154,0.17208695923909545,100,0.008500965596903678,1,0,0
K6_late_m4309,6,4309,16,2,ccp,0.0413377150959646,0.2937147500924766,5,3.530509218307998e-14,5,1,1
K6_late_m4309,6,4309,16,2,ipopt,0.039314418368914285,0.17125845793634653,100,0.0006563441022803124,2,0,0
K6_late_m4309,6,4309,16,3,ccp,0.040448217603660616,0.2904982501640916,5,2.7005897518250777e-12,4,1,1
K6_late_m4309,6,4309,16,3,ipopt,0.039759314351173664,0.17208191705867648,100,0.0005033374287514991,2,0,0
K6_late_m4309,6,4309,16,4,ccp,0.050221713420822024,0.29043337469920516,5,5.032408517680054e-11,4,1,1
K6_late_m4309,6,4309,16,4,ipopt,0.04553291118291093,0.16888241656124592,100,4.615133369329644e-05,2,0,0
K6_late_m4309,6,4309,16,5,ccp,0.06322945587864456,0.2909559579566121,5,7.628619957955607e-14,4,1,1
K6_late_m4309,6,4309,16,5,ipopt,0.06197714056878533,0.20572020905092359,100,0.0008954653806586763,3,0,0
K6_late_m4309,6,4309,16,6,ccp,0.04342756627707289,0.29499291675165296,5,4.112618821883185e-09,5,1,1
K6_late_m4309,6,4309,16,6,ipopt,0.03313957502139826,0.2280580410733819,100,0.004674547458899031,1,0,0
K6_late_m4309,6,4309,16,7,ccp,0.06301012865378891,0.35501975007355213,6,1.178437514237629e-09,4,1,1
K6_late_m4309,6,4309,16,7,ipopt,0.06299550921605135,0.19498516665771604,100,7.850840497061751e-05,3,0,0
K6_late_m4309,6,4309,16,8,ccp,0.040972345309094924,0.2919908748008311,5,8.940556628367347e-12,5,1,1
K6_late_m4309,6,4309,16,8,ipopt,0.034251587802788516,0.25245595909655094,100,0.0001711822026979684,5,0,0
K6_late_m4309,6,4309,16,9,ccp,0.04057722297043169,0.3535391250625253,6,3.610813037457916e-12,5,1,1
K6_late_m4309,6,4309,16,9,ipopt,0.03278401304241757,0.22479125019162893,100,0.003313159749024165,1,0,0
K6_late_m4309,6,4309,17,0,ccp,0.06568872235129204,0.29244395811110735,5,3.462232861517478e-09,4,1,1
K6_late_m4309,6,4309,17,0,ipopt,0.06340593480592595,0.18280787486582994,100,0.0012088696170257651,2,0,0
K6_late_m4309,6,4309,17,1,ccp,0.0514660027712274,0.23424070794135332,4,2.548707717098253e-09,4,1,1
K6_late_m4309,6,4309,17,1,ipopt,0.051324292073121815,0.15787941729649901,100,0.0004115722396908425,2,0,0
K6_late_m4309,6,4309,17,2,ccp,0.06301012983209883,0.2926334999501705,5,1.304512053934559e-13,4,1,1
K6_late_m4309,6,4309,17,2,ipopt,0.06300490562312361,0.17884499998763204,100,5.21000805819849e-06,3,0,0
K6_late_m4309,6,4309,17,3,ccp,0.05004380630174814,0.29111899994313717,5,6.772638005969611e-13,5,1,1
K6_late_m4309,6,4309,17,3,ipopt,0.04136196758933577,0.18134991684928536,100,0.0002956995382932745,2,0,0
K6_late_m4309,6,4309,17,4,ccp,0.05411799730654796,0.4118375410325825,7,6.465611518402525e-10,5,1,1
K6_late_m4309,6,4309,17,4,ipopt,0.03875739897258549,0.199023291002959,100,0.006400455808323047,1,0,0
K6_late_m4309,6,4309,17,5,ccp,0.046127014842254774,0.23206462478265166,4,6.211017811175168e-12,5,1,1
K6_late_m4309,6,4309,17,5,ipopt,0.03862524893323244,0.22219391725957394,100,0.006616727437628624,1,0,0
K6_late_m4309,6,4309,17,6,ccp,0.06568872580945972,0.2923827082850039,5,4.067760017711919e-12,4,1,1
K6_late_m4309,6,4309,17,6,ipopt,0.06525925749322198,0.16714366665109992,100,0.0004177426332774292,2,0,0
K6_late_m4309,6,4309,17,7,ccp,0.04689241144928269,0.2910710000433028,5,1.2826545381372512e-13,5,1,1
K6_late_m4309,6,4309,17,7,ipopt,0.037685306596438733,0.18426566710695624,100,0.006935124915869867,1,0,0
K6_late_m4309,6,4309,17,8,ccp,0.0459593825622917,0.237187665887177,4,9.844867032704485e-09,4,1,1
K6_late_m4309,6,4309,17,8,ipopt,0.04133382366198278,0.2847198327071965,96,0.002024779294066012,2,0,0
K6_late_m4309,6,4309,17,9,ccp,0.04121070728089831,0.2926234998740256,5,3.45778961019505e-13,5,1,1
K6_late_m4309,6,4309,17,9,ipopt,0.03980490307125715,0.2859327089972794,100,0.00045319008170376096,2,0,0
K6_late_m4309,6,4309,18,0,ccp,0.0496365881256938,0.23376220790669322,4,2.1956769041819868e-10,5,1,1
K6_late_m4309,6,4309,18,0,ipopt,0.050179872117443854,0.1972584160976112,100,0.0005668930906441161,3,0,0
K6_late_m4309,6,4309,18,1,ccp,0.06568872580830144,0.2924603749997914,5,5.2262916216960775e-12,4,1,1
K6_late_m4309,6,4309,18,1,ipopt,0.0457359520239418,0.22209354117512703,77,1.1236467946859618e-05,4,0,0
K6_late_m4309,6,4309,18,2,ccp,0.04421483112001697,0.3544586249627173,6,5.2852819343307544e-11,5,1,1
K6_late_m4309,6,4309,18,2,ipopt,0.04152157227060145,0.17695912532508373,100,0.0003590953308316158,3,0,0
K6_late_m4309,6,4309,18,3,ccp,0.054215805106412066,0.3527720421552658,6,3.3697371282226385e-10,4,1,1
K6_late_m4309,6,4309,18,3,ipopt,0.04127726441200598,0.17691604141145945,100,0.0020836952977953335,2,0,0
K6_late_m4309,6,4309,18,4,ccp,0.04218900312487865,0.23085024999454618,4,1.1476761901940691e-10,3,1,1
K6_late_m4309,6,4309,18,4,ipopt,0.0380417723209744,0.16490295808762312,100,0.002328294151507912,2,0,0
K6_late_m4309,6,4309,18,5,ccp,0.046108014723979684,0.23354029189795256,4,2.2589356080127132e-10,5,1,1
K6_late_m4309,6,4309,18,5,ipopt,0.055678531353524185,0.2394250831566751,100,1.713949787651714e-09,4,1,0
K6_late_m4309,6,4309,18,6,ccp,0.05254005477777193,0.3528120000846684,6,1.9087668945427794e-11,4,1,1
K6_late_m4309,6,4309,18,6,ipopt,0.04870308856002988,0.19451800035312772,100,0.00056977582367123,3,0,0
K6_late_m4309,6,4309,18,7,ccp,0.05057553869523152,0.29198179207742214,5,5.761259525005613e-12,4,1,1
K6_late_m4309,6,4309,18,7,ipopt,0.03451674388489316,0.20366541715338826,100,0.012161734239398966,1,0,0
K6_late_m4309,6,4309,18,8,ccp,0.050221708333056524,0.4693210828118026,8,5.138081807243289e-09,4,1,1
K6_late_m4309,6,4309,18,8,ipopt,0.034096245055372745,0.1779173337854445,100,0.00863897197885969,1,0,0
K6_late_m4309,6,4309,18,9,ccp,0.04730990709859876,0.3498370419256389,6,3.5936531528335536e-14,5,1,1
K6_late_m4309,6,4309,18,9,ipopt,0.044558934588249756,0.1698397919535637,100,0.0013642455046625687,2,0,0
K6_late_m4309,6,4309,19,0,ccp,0.06568872223893577,0.2931026672013104,5,3.574591025956586e-09,4,1,1
K6_late_m4309,6,4309,19,0,ipopt,0.06565709905721542,0.1708201658912003,100,3.1467251689829e-05,2,0,0
K6_late_m4309,6,4309,19,1,ccp,0.0541179978444041,0.3538647498935461,6,1.0870218614122962e-10,5,1,1
K6_late_m4309,6,4309,19,1,ipopt,0.04694872959324803,0.1868375837802887,100,0.0005519678595966512,2,0,0
K6_late_m4309,6,4309,19,2,ccp,0.040161616061020596,0.23312612529844046,4,2.639197263509807e-10,5,1,1
K6_late_m4309,6,4309,19,2,ipopt,0.036948984022021875,0.24582983274012804,100,0.0023643478969989223,1,0,0
K6_late_m4309,6,4309,19,3,ccp,0.0630101298315543,0.35298045817762613,6,6.728645418618839e-13,4,1,1
K6_late_m4309,6,4309,19,3,ipopt,0.03678975198992317,0.15542066609486938,100,0.0021652297157574163,2,0,0
K6_late_m4309,6,4309,19,4,ccp,0.050607366690961324,0.2898705406114459,5,1.5804024755539103e-13,6,1,1
K6_late_m4309,6,4309,19,4,ipopt,0.03524781886155577,0.18027608329430223,100,0.010595206271317506,1,0,0
K6_late_m4309,6,4309,19,5,ccp,0.05654908480644457,0.3526709578000009,6,1.150989789588941e-10,4,1,1
K6_late_m4309,6,4309,19,5,ipopt,0.049064633382292236,0.1706061251461506,100,0.006211897126989656,2,0,0
K6_late_m4309,6,4309,19,6,ccp,0.04030187726225199,0.23336179088801146,4,3.0066054507171813e-10,5,1,1
K6_late_m4309,6,4309,19,6,ipopt,0.04028032062126409,0.18526841700077057,100,2.0620146671881945e-05,3,0,0
K6_late_m4309,6,4309,19,7,ccp,0.04398473748560437,0.3488582093268633,6,5.965158922371927e-13,5,1,1
K6_late_m4309,6,4309,19,7,ipopt,0.04440314500893799,0.22504229238256812,100,4.922669632617671e-07,2,0,0
K6_late_m4309,6,4309,19,8,ccp,0.0394972129381608,0.29151475010439754,5,8.221895386739675e-14,5,1,1
K6_late_m4309,6,4309,19,8,ipopt,0.03967543235899338,0.19063891703262925,100,0.002419359411497325,2,0,0
K6_late_m4309,6,4309,19,9,ccp,0.044303064837489387,0.2894262080080807,5,7.536332669033641e-14,6,1,1
K6_late_m4309,6,4309,19,9,ipopt,0.04022322743869717,0.18355604074895382,100,0.0004898135170280579,2,0,0
