{
  "baseline": {
    "cov_history": [
      9.691562772310853,
      4.564396879514073
    ],
    "grad_evals_history": [
      0,
      4
    ],
    "cpu_times": [
      0.0,
      0.0017499923706054688
    ]
  },
  "algorithm2": {
    "cov_history": [
      9.691562772310853,
      1.6828122954891085
    ],
    "grad_evals_history": [
      0,
      2
    ],
    "cpu_times": [
      0.0,
      0.008260726928710938
    ]
  }
}