{
  "baseline": {
    "cov_history": [
      3.462908021086358,
      1.087459510002477
    ],
    "grad_evals_history": [
      0,
      4
    ],
    "cpu_times": [
      0.0,
      0.005877017974853516
    ]
  },
  "algorithm2": {
    "cov_history": [
      3.462908021086358,
      1.1787101741607477
    ],
    "grad_evals_history": [
      0,
      2
    ],
    "cpu_times": [
      0.0,
      0.010034799575805664
    ]
  }
}