instance,source,family,K,m,sampler,N,rep,phi,wall_s,ccp_iters,sandwich,regret_rel,miss
syn_K3_m30_s0_gauss,synthetic,gauss,3,30,exp,128,0,12.925006280336726,0.0037712501361966133,18,False,0.0,0
syn_K3_m30_s0_gauss,synthetic,gauss,3,30,exp,128,1,12.925006280336726,0.0033374582417309284,18,False,0.0,0
syn_K3_m30_s0_gauss,synthetic,gauss,3,30,exp,128,2,12.925006280336726,0.003042709082365036,18,False,0.0,0
syn_K3_m30_s0_gauss,synthetic,gauss,3,30,exp,128,3,12.925006280336726,0.0033353338949382305,18,False,0.0,0
syn_K3_m30_s0_gauss,synthetic,gauss,3,30,exp,128,4,12.925006280336726,0.003083667252212763,18,False,0.0,0
syn_K3_m30_s0_gauss,synthetic,gauss,3,30,exp,128,5,12.925006280336726,0.003120332956314087,18,False,0.0,0
syn_K3_m30_s0_gauss,synthetic,gauss,3,30,exp,128,6,12.925006280336726,0.0029375837184488773,17,False,0.0,0
syn_K3_m30_s0_gauss,synthetic,gauss,3,30,exp,128,7,12.925006280336726,0.0030190832912921906,18,False,0.0,0
syn_K3_m30_s0_gauss,synthetic,gauss,3,30,exp,128,8,12.925006280336726,0.003140375018119812,18,False,0.0,0
syn_K3_m30_s0_gauss,synthetic,gauss,3,30,exp,128,9,12.925006280336726,0.0029759174212813377,18,False,0.0,0
syn_K3_m30_s0_gauss,synthetic,gauss,3,30,exp,128,10,12.925006280336726,0.003011167049407959,18,False,0.0,0
syn_K3_m30_s0_gauss,synthetic,gauss,3,30,exp,128,11,12.925006280336726,0.0030632498674094677,18,False,0.0,0
syn_K3_m30_s0_gauss,synthetic,gauss,3,30,exp,128,12,12.925006280336726,0.0027888333424925804,18,False,0.0,0
syn_K3_m30_s0_gauss,synthetic,gauss,3,30,exp,128,13,12.925006280336726,0.0027830000035464764,17,False,0.0,0
syn_K3_m30_s0_gauss,synthetic,gauss,3,30,exp,128,14,12.925006280336726,0.00293516693636775,18,False,0.0,0
syn_K3_m30_s0_gauss,synthetic,gauss,3,30,exp,128,15,12.925006280336726,0.0027817091904580593,18,False,0.0,0
syn_K3_m30_s0_gauss,synthetic,gauss,3,30,exp,128,16,12.925006280336726,0.003088083118200302,18,False,0.0,0
syn_K3_m30_s0_gauss,synthetic,gauss,3,30,exp,128,17,12.925006280336726,0.003304624930024147,18,False,0.0,0
syn_K3_m30_s0_gauss,synthetic,gauss,3,30,exp,128,18,12.925006280336726,0.0028949170373380184,18,False,0.0,0
syn_K3_m30_s0_gauss,synthetic,gauss,3,30,exp,128,19,12.925006280336726,0.0028892923146486282,17,False,0.0,0
syn_K3_m30_s0_gauss,synthetic,gauss,3,30,exp,128,20,12.925006280336726,0.003058125264942646,18,False,0.0,0
syn_K3_m30_s0_gauss,synthetic,gauss,3,30,exp,128,21,12.925006280336726,0.0029750829562544823,18,False,0.0,0
syn_K3_m30_s0_gauss,synthetic,gauss,3,30,exp,128,22,12.925006280336726,0.0032422919757664204,18,False,0.0,0
syn_K3_m30_s0_gauss,synthetic,gauss,3,30,exp,128,23,12.925006280336726,0.003132457844913006,18,False,0.0,0
syn_K3_m30_s0_gauss,synthetic,gauss,3,30,exp,128,24,12.925006280336726,0.0029369997791945934,17,False,0.0,0
syn_K3_m30_s0_gauss,synthetic,gauss,3,30,exp,128,25,12.925006280336726,0.002923457883298397,18,False,0.0,0
syn_K3_m30_s0_gauss,synthetic,gauss,3,30,exp,128,26,12.925006280336726,0.002811250276863575,18,False,0.0,0
syn_K3_m30_s0_gauss,synthetic,gauss,3,30,exp,128,27,12.925006280336726,0.003440250176936388,18,False,0.0,0
syn_K3_m30_s0_gauss,synthetic,gauss,3,30,exp,128,28,12.925006280336726,0.003000916913151741,18,False,0.0,0
syn_K3_m30_s0_gauss,synthetic,gauss,3,30,exp,128,29,12.925006280336726,0.003006458282470703,18,False,0.0,0
syn_K3_m30_s0_gauss,synthetic,gauss,3,30,exp,128,30,12.925006280336726,0.003198958933353424,17,False,0.0,0
syn_K3_m30_s0_gauss,synthetic,gauss,3,30,exp,128,31,12.925006280336726,0.0030658328905701637,18,False,0.0,0
syn_K3_m30_s0_gauss,synthetic,gauss,3,30,exp,128,32,12.925006280336726,0.003369707614183426,18,False,0.0,0
syn_K3_m30_s0_gauss,synthetic,gauss,3,30,exp,128,33,12.925006280336726,0.002998417243361473,18,False,0.0,0
syn_K3_m30_s0_gauss,synthetic,gauss,3,30,exp,128,34,12.925006280336726,0.0029436247423291206,18,False,0.0,0
syn_K3_m30_s0_gauss,synthetic,gauss,3,30,exp,128,35,12.925006280336726,0.0030198749154806137,18,False,0.0,0
syn_K3_m30_s0_gauss,synthetic,gauss,3,30,exp,128,36,12.925006280336726,0.0032259998843073845,17,False,0.0,0
syn_K3_m30_s0_gauss,synthetic,gauss,3,30,exp,128,37,12.925006280336726,0.00294391717761755,18,False,0.0,0
syn_K3_m30_s0_gauss,synthetic,gauss,3,30,exp,128,38,12.925006280336726,0.0030590002425014973,18,False,0.0,0
syn_K3_m30_s0_gauss,synthetic,gauss,3,30,exp,128,39,12.925006280336726,0.0031356667168438435,18,False,0.0,0
syn_K3_m30_s0_gauss,synthetic,gauss,3,30,exp,128,40,12.925006280336726,0.0032445830292999744,18,False,0.0,0
syn_K3_m30_s0_gauss,synthetic,gauss,3,30,exp,128,41,12.925006280336726,0.003005417063832283,18,False,0.0,0
syn_K3_m30_s0_gauss,synthetic,gauss,3,30,exp,128,42,12.925006280336726,0.00296812504529953,18,False,0.0,0
syn_K3_m30_s0_gauss,synthetic,gauss,3,30,exp,128,43,12.925006280336726,0.0031885001808404922,18,False,0.0,0
syn_K3_m30_s0_gauss,synthetic,gauss,3,30,exp,128,44,12.925006280336726,0.0029501249082386494,18,False,0.0,0
syn_K3_m30_s0_gauss,synthetic,gauss,3,30,exp,128,45,12.925006280336726,0.002893791999667883,18,False,0.0,0
syn_K3_m30_s0_gauss,synthetic,gauss,3,30,exp,128,46,12.925006280336726,0.002988292369991541,18,False,0.0,0
syn_K3_m30_s0_gauss,synthetic,gauss,3,30,exp,128,47,12.925006280336726,0.0029920837841928005,18,False,0.0,0
syn_K3_m30_s0_gauss,synthetic,gauss,3,30,exp,128,48,12.925006280336726,0.0029509589076042175,18,False,0.0,0
syn_K3_m30_s0_gauss,synthetic,gauss,3,30,exp,128,49,12.925006280336726,0.003052082844078541,18,False,0.0,0
syn_K3_m30_s0_gauss,synthetic,gauss,3,30,exp,512,0,12.925006280336726,0.0030849999748170376,18,False,0.0,0
syn_K3_m30_s0_gauss,synthetic,gauss,3,30,exp,512,1,12.925006280336726,0.0030419998802244663,18,False,0.0,0
syn_K3_m30_s0_gauss,synthetic,gauss,3,30,exp,512,2,12.925006280336726,0.0031372499652206898,18,False,0.0,0
syn_K3_m30_s0_gauss,synthetic,gauss,3,30,exp,512,3,12.925006280336726,0.002994624897837639,18,False,0.0,0
syn_K3_m30_s0_gauss,synthetic,gauss,3,30,exp,512,4,12.925006280336726,0.0032130000181496143,18,False,0.0,0
syn_K3_m30_s0_gauss,synthetic,gauss,3,30,exp,512,5,12.925006280336726,0.00311345886439085,18,False,0.0,0
syn_K3_m30_s0_gauss,synthetic,gauss,3,30,exp,512,6,12.925006280336726,0.003159167245030403,18,False,0.0,0
syn_K3_m30_s0_gauss,synthetic,gauss,3,30,exp,512,7,12.925006280336726,0.0030928747728466988,18,False,0.0,0
syn_K3_m30_s0_gauss,synthetic,gauss,3,30,exp,512,8,12.925006280336726,0.002995541784912348,18,False,0.0,0
syn_K3_m30_s0_gauss,synthetic,gauss,3,30,exp,512,9,12.925006280336726,0.0032298751175403595,18,False,0.0,0
syn_K3_m30_s0_gauss,synthetic,gauss,3,30,exp,512,10,12.925006280336726,0.0029175831004977226,18,False,0.0,0
syn_K3_m30_s0_gauss,synthetic,gauss,3,30,exp,512,11,12.925006280336726,0.002880500163882971,18,False,0.0,0
syn_K3_m30_s0_gauss,synthetic,gauss,3,30,exp,512,12,12.925006280336726,0.0031401249580085278,18,False,0.0,0
syn_K3_m30_s0_gauss,synthetic,gauss,3,30,exp,512,13,12.925006280336726,0.003116999752819538,18,False,0.0,0
syn_K3_m30_s0_gauss,synthetic,gauss,3,30,exp,512,14,12.925006280336726,0.0031440421007573605,18,False,0.0,0
syn_K3_m30_s0_gauss,synthetic,gauss,3,30,exp,512,15,12.925006280336726,0.0031689167954027653,18,False,0.0,0
syn_K3_m30_s0_gauss,synthetic,gauss,3,30,exp,512,16,12.925006280336726,0.003005458042025566,18,False,0.0,0
syn_K3_m30_s0_gauss,synthetic,gauss,3,30,exp,512,17,12.925006280336726,0.0032345419749617577,18,False,0.0,0
syn_K3_m30_s0_gauss,synthetic,gauss,3,30,exp,512,18,12.925006280336726,0.002987625077366829,18,False,0.0,0
syn_K3_m30_s0_gauss,synthetic,gauss,3,30,exp,512,19,12.925006280336726,0.0029795002192258835,18,False,0.0,0
syn_K3_m30_s0_gauss,synthetic,gauss,3,30,exp,512,20,12.925006280336726,0.0031342091970145702,18,False,0.0,0
syn_K3_m30_s0_gauss,synthetic,gauss,3,30,exp,512,21,12.925006280336726,0.003081750124692917,18,False,0.0,0
syn_K3_m30_s0_gauss,synthetic,gauss,3,30,exp,512,22,12.925006280336726,0.0032286671921610832,18,False,0.0,0
syn_K3_m30_s0_gauss,synthetic,gauss,3,30,exp,512,23,12.925006280336726,0.0031351246871054173,18,False,0.0,0
syn_K3_m30_s0_gauss,synthetic,gauss,3,30,exp,512,24,12.925006280336726,0.002928290981799364,18,False,0.0,0
syn_K3_m30_s0_gauss,synthetic,gauss,3,30,exp,512,25,12.925006280336726,0.0034255417995154858,18,False,0.0,0
syn_K3_m30_s0_gauss,synthetic,gauss,3,30,exp,512,26,12.925006280336726,0.003198500256985426,18,False,0.0,0
syn_K3_m30_s0_gauss,synthetic,gauss,3,30,exp,512,27,12.925006280336726,0.0032592080533504486,18,False,0.0,0
syn_K3_m30_s0_gauss,synthetic,gauss,3,30,exp,512,28,12.925006280336726,0.0030396669171750546,18,False,0.0,0
syn_K3_m30_s0_gauss,synthetic,gauss,3,30,exp,512,29,12.925006280336726,0.0029501249082386494,18,False,0.0,0
syn_K3_m30_s0_gauss,synthetic,gauss,3,30,exp,512,30,12.925006280336726,0.0032270001247525215,18,False,0.0,0
syn_K3_m30_s0_gauss,synthetic,gauss,3,30,exp,512,31,12.925006280336726,0.0031458749435842037,18,False,0.0,0
syn_K3_m30_s0_gauss,synthetic,gauss,3,30,exp,512,32,12.925006280336726,0.0031225411221385,18,False,0.0,0
syn_K3_m30_s0_gauss,synthetic,gauss,3,30,exp,512,33,12.925006280336726,0.003039250150322914,18,False,0.0,0
syn_K3_m30_s0_gauss,synthetic,gauss,3,30,exp,512,34,12.925006280336726,0.0031367079354822636,18,False,0.0,0
syn_K3_m30_s0_gauss,synthetic,gauss,3,30,exp,512,35,12.925006280336726,0.003324124962091446,18,False,0.0,0
syn_K3_m30_s0_gauss,synthetic,gauss,3,30,exp,512,36,12.925006280336726,0.003237249795347452,18,False,0.0,0
syn_K3_m30_s0_gauss,synthetic,gauss,3,30,exp,512,37,12.925006280336726,0.003131832927465439,18,False,0.0,0
syn_K3_m30_s0_gauss,synthetic,gauss,3,30,exp,512,38,12.925006280336726,0.0032495418563485146,18,False,0.0,0
syn_K3_m30_s0_gauss,synthetic,gauss,3,30,exp,512,39,12.925006280336726,0.0028978330083191395,18,False,0.0,0
syn_K3_m30_s0_gauss,synthetic,gauss,3,30,exp,512,40,12.925006280336726,0.0032727918587625027,18,False,0.0,0
syn_K3_m30_s0_gauss,synthetic,gauss,3,30,exp,512,41,12.925006280336726,0.0030502090230584145,18,False,0.0,0
syn_K3_m30_s0_gauss,synthetic,gauss,3,30,exp,512,42,12.925006280336726,0.0029512918554246426,18,False,0.0,0
syn_K3_m30_s0_gauss,synthetic,gauss,3,30,exp,512,43,12.925006280336726,0.0032010828144848347,18,False,0.0,0
syn_K3_m30_s0_gauss,synthetic,gauss,3,30,exp,512,44,12.925006280336726,0.003066000062972307,18,False,0.0,0
syn_K3_m30_s0_gauss,synthetic,gauss,3,30,exp,512,45,12.925006280336726,0.002968207933008671,18,False,0.0,0
syn_K3_m30_s0_gauss,synthetic,gauss,3,30,exp,512,46,12.925006280336726,0.0031493748538196087,18,False,0.0,0
syn_K3_m30_s0_gauss,synthetic,gauss,3,30,exp,512,47,12.925006280336726,0.003079541027545929,18,False,0.0,0
syn_K3_m30_s0_gauss,synthetic,gauss,3,30,exp,512,48,12.925006280336726,0.0031462921760976315,18,False,0.0,0
syn_K3_m30_s0_gauss,synthetic,gauss,3,30,exp,512,49,12.925006280336726,0.00303583312779665,18,False,0.0,0
syn_K3_m30_s0_gauss,synthetic,gauss,3,30,exp,2048,0,12.925006280336726,0.0037634167820215225,18,False,0.0,0
syn_K3_m30_s0_gauss,synthetic,gauss,3,30,exp,2048,1,12.925006280336726,0.0036148331128060818,18,False,0.0,0
syn_K3_m30_s0_gauss,synthetic,gauss,3,30,exp,2048,2,12.925006280336726,0.0033008330501616,18,False,0.0,0
syn_K3_m30_s0_gauss,synthetic,gauss,3,30,exp,2048,3,12.925006280336726,0.0036706668324768543,18,False,0.0,0
syn_K3_m30_s0_gauss,synthetic,gauss,3,30,exp,2048,4,12.925006280336726,0.0034262905828654766,18,False,0.0,0
syn_K3_m30_s0_gauss,synthetic,gauss,3,30,exp,2048,5,12.925006280336726,0.0035220421850681305,18,False,0.0,0
syn_K3_m30_s0_gauss,synthetic,gauss,3,30,exp,2048,6,12.925006280336726,0.0033829580061137676,18,False,0.0,0
syn_K3_m30_s0_gauss,synthetic,gauss,3,30,exp,2048,7,12.925006280336726,0.003303125035017729,18,False,0.0,0
syn_K3_m30_s0_gauss,synthetic,gauss,3,30,exp,2048,8,12.925006280336726,0.003520958125591278,18,False,0.0,0
syn_K3_m30_s0_gauss,synthetic,gauss,3,30,exp,2048,9,12.925006280336726,0.0034775827080011368,18,False,0.0,0
syn_K3_m30_s0_gauss,synthetic,gauss,3,30,exp,2048,10,12.925006280336726,0.0034324578009545803,18,False,0.0,0
syn_K3_m30_s0_gauss,synthetic,gauss,3,30,exp,2048,11,12.925006280336726,0.003659541718661785,18,False,0.0,0
syn_K3_m30_s0_gauss,synthetic,gauss,3,30,exp,2048,12,12.925006280336726,0.0035979999229311943,18,False,0.0,0
syn_K3_m30_s0_gauss,synthetic,gauss,3,30,exp,2048,13,12.925006280336726,0.003514542244374752,18,False,0.0,0
syn_K3_m30_s0_gauss,synthetic,gauss,3,30,exp,2048,14,12.925006280336726,0.0035978341475129128,18,False,0.0,0
syn_K3_m30_s0_gauss,synthetic,gauss,3,30,exp,2048,15,12.925006280336726,0.0036066249012947083,18,False,0.0,0
syn_K3_m30_s0_gauss,synthetic,gauss,3,30,exp,2048,16,12.925006280336726,0.003438582643866539,18,False,0.0,0
syn_K3_m30_s0_gauss,synthetic,gauss,3,30,exp,2048,17,12.925006280336726,0.003718042280524969,18,False,0.0,0
syn_K3_m30_s0_gauss,synthetic,gauss,3,30,exp,2048,18,12.925006280336726,0.0034515000879764557,18,False,0.0,0
syn_K3_m30_s0_gauss,synthetic,gauss,3,30,exp,2048,19,12.925006280336726,0.0034720408730208874,18,False,0.0,0
syn_K3_m30_s0_gauss,synthetic,gauss,3,30,exp,2048,20,12.925006280336726,0.0033604158088564873,18,False,0.0,0
syn_K3_m30_s0_gauss,synthetic,gauss,3,30,exp,2048,21,12.925006280336726,0.0034260000102221966,18,False,0.0,0
syn_K3_m30_s0_gauss,synthetic,gauss,3,30,exp,2048,22,12.925006280336726,0.003611875232309103,18,False,0.0,0
syn_K3_m30_s0_gauss,synthetic,gauss,3,30,exp,2048,23,12.925006280336726,0.00350687513127923,18,False,0.0,0
syn_K3_m30_s0_gauss,synthetic,gauss,3,30,exp,2048,24,12.925006280336726,0.003535834141075611,18,False,0.0,0
syn_K3_m30_s0_gauss,synthetic,gauss,3,30,exp,2048,25,12.925006280336726,0.0033744159154593945,18,False,0.0,0
syn_K3_m30_s0_gauss,synthetic,gauss,3,30,exp,2048,26,12.925006280336726,0.003663291223347187,18,False,0.0,0
syn_K3_m30_s0_gauss,synthetic,gauss,3,30,exp,2048,27,12.925006280336726,0.0034172912128269672,18,False,0.0,0
syn_K3_m30_s0_gauss,synthetic,gauss,3,30,exp,2048,28,12.925006280336726,0.0034997076727449894,18,False,0.0,0
syn_K3_m30_s0_gauss,synthetic,gauss,3,30,exp,2048,29,12.925006280336726,0.003593999892473221,18,False,0.0,0
syn_K3_m30_s0_gauss,synthetic,gauss,3,30,exp,2048,30,12.925006280336726,0.00345633365213871,18,False,0.0,0
syn_K3_m30_s0_gauss,synthetic,gauss,3,30,exp,2048,31,12.925006280336726,0.0035254997201263905,18,False,0.0,0
syn_K3_m30_s0_gauss,synthetic,gauss,3,30,exp,2048,32,12.925006280336726,0.0032712919637560844,18,False,0.0,0
syn_K3_m30_s0_gauss,synthetic,gauss,3,30,exp,2048,33,12.925006280336726,0.0034749158658087254,18,False,0.0,0
syn_K3_m30_s0_gauss,synthetic,gauss,3,30,exp,2048,34,12.925006280336726,0.0033809589222073555,18,False,0.0,0
syn_K3_m30_s0_gauss,synthetic,gauss,3,30,exp,2048,35,12.925006280336726,0.003206124994903803,18,False,0.0,0
syn_K3_m30_s0_gauss,synthetic,gauss,3,30,exp,2048,36,12.925006280336726,0.0034445831552147865,18,False,0.0,0
syn_K3_m30_s0_gauss,synthetic,gauss,3,30,exp,2048,37,12.925006280336726,0.0034672911278903484,18,False,0.0,0
syn_K3_m30_s0_gauss,synthetic,gauss,3,30,exp,2048,38,12.925006280336726,0.003490667324513197,18,False,0.0,0
syn_K3_m30_s0_gauss,synthetic,gauss,3,30,exp,2048,39,12.925006280336726,0.0037152920849621296,18,False,0.0,0
syn_K3_m30_s0_gauss,synthetic,gauss,3,30,exp,2048,40,12.925006280336726,0.0035523339174687862,18,False,0.0,0
syn_K3_m30_s0_gauss,synthetic,gauss,3,30,exp,2048,41,12.925006280336726,0.003436458297073841,18,False,0.0,0
syn_K3_m30_s0_gauss,synthetic,gauss,3,30,exp,2048,42,12.925006280336726,0.0033819591626524925,18,False,0.0,0
syn_K3_m30_s0_gauss,synthetic,gauss,3,30,exp,2048,43,12.925006280336726,0.0034870831295847893,18,False,0.0,0
syn_K3_m30_s0_gauss,synthetic,gauss,3,30,exp,2048,44,12.925006280336726,0.003407791256904602,18,False,0.0,0
syn_K3_m30_s0_gauss,synthetic,gauss,3,30,exp,2048,45,12.925006280336726,0.0036192499101161957,18,False,0.0,0
syn_K3_m30_s0_gauss,synthetic,gauss,3,30,exp,2048,46,12.925006280336726,0.0032859588973224163,18,False,0.0,0
syn_K3_m30_s0_gauss,synthetic,gauss,3,30,exp,2048,47,12.925006280336726,0.003281417302787304,18,False,0.0,0
syn_K3_m30_s0_gauss,synthetic,gauss,3,30,exp,2048,48,12.925006280336726,0.0036099161952733994,18,False,0.0,0
syn_K3_m30_s0_gauss,synthetic,gauss,3,30,exp,2048,49,12.925006280336726,0.003501792438328266,18,False,0.0,0
syn_K3_m30_s0_gauss,synthetic,gauss,3,30,sobol,128,0,12.925006280336726,0.0030703330412507057,18,False,0.0,0
syn_K3_m30_s0_gauss,synthetic,gauss,3,30,sobol,128,1,12.925006280336726,0.0029871254228055477,18,False,0.0,0
syn_K3_m30_s0_gauss,synthetic,gauss,3,30,sobol,128,2,12.925006280336726,0.0029147081077098846,18,False,0.0,0
syn_K3_m30_s0_gauss,synthetic,gauss,3,30,sobol,128,3,12.925006280336726,0.0032145418226718903,18,False,0.0,0
syn_K3_m30_s0_gauss,synthetic,gauss,3,30,sobol,128,4,12.925006280336726,0.003055958077311516,18,False,0.0,0
syn_K3_m30_s0_gauss,synthetic,gauss,3,30,sobol,128,5,12.925006280336726,0.003126374911516905,18,False,0.0,0
syn_K3_m30_s0_gauss,synthetic,gauss,3,30,sobol,128,6,12.925006280336726,0.0030519580468535423,18,False,0.0,0
syn_K3_m30_s0_gauss,synthetic,gauss,3,30,sobol,128,7,12.925006280336726,0.00307908421382308,18,False,0.0,0
syn_K3_m30_s0_gauss,synthetic,gauss,3,30,sobol,128,8,12.925006280336726,0.0029380000196397305,18,False,0.0,0
syn_K3_m30_s0_gauss,synthetic,gauss,3,30,sobol,128,9,12.925006280336726,0.003122583031654358,18,False,0.0,0
syn_K3_m30_s0_gauss,synthetic,gauss,3,30,sobol,128,10,12.925006280336726,0.0029124575667083263,18,False,0.0,0
syn_K3_m30_s0_gauss,synthetic,gauss,3,30,sobol,128,11,12.925006280336726,0.0029791248962283134,18,False,0.0,0
syn_K3_m30_s0_gauss,synthetic,gauss,3,30,sobol,128,12,12.925006280336726,0.0031737079843878746,18,False,0.0,0
syn_K3_m30_s0_gauss,synthetic,gauss,3,30,sobol,128,13,12.925006280336726,0.003018749877810478,18,False,0.0,0
syn_K3_m30_s0_gauss,synthetic,gauss,3,30,sobol,128,14,12.925006280336726,0.0028897086158394814,18,False,0.0,0
syn_K3_m30_s0_gauss,synthetic,gauss,3,30,sobol,128,15,12.925006280336726,0.003358665853738785,18,False,0.0,0
syn_K3_m30_s0_gauss,synthetic,gauss,3,30,sobol,128,16,12.925006280336726,0.0030780830420553684,18,False,0.0,0
syn_K3_m30_s0_gauss,synthetic,gauss,3,30,sobol,128,17,12.925006280336726,0.0031635421328246593,18,False,0.0,0
syn_K3_m30_s0_gauss,synthetic,gauss,3,30,sobol,128,18,12.925006280336726,0.0031781671568751335,18,False,0.0,0
syn_K3_m30_s0_gauss,synthetic,gauss,3,30,sobol,128,19,12.925006280336726,0.002894334029406309,18,False,0.0,0
syn_K3_m30_s0_gauss,synthetic,gauss,3,30,sobol,128,20,12.925006280336726,0.002956707961857319,18,False,0.0,0
syn_K3_m30_s0_gauss,synthetic,gauss,3,30,sobol,128,21,12.925006280336726,0.0030022920109331608,18,False,0.0,0
syn_K3_m30_s0_gauss,synthetic,gauss,3,30,sobol,128,22,12.925006280336726,0.0031208330765366554,18,False,0.0,0
syn_K3_m30_s0_gauss,synthetic,gauss,3,30,sobol,128,23,12.925006280336726,0.002891791984438896,18,False,0.0,0
syn_K3_m30_s0_gauss,synthetic,gauss,3,30,sobol,128,24,12.925006280336726,0.002961458172649145,18,False,0.0,0
syn_K3_m30_s0_gauss,synthetic,gauss,3,30,sobol,128,25,12.925006280336726,0.0030024158768355846,18,False,0.0,0
syn_K3_m30_s0_gauss,synthetic,gauss,3,30,sobol,128,26,12.925006280336726,0.0028742090798914433,18,False,0.0,0
syn_K3_m30_s0_gauss,synthetic,gauss,3,30,sobol,128,27,12.925006280336726,0.003172917291522026,18,False,0.0,0
syn_K3_m30_s0_gauss,synthetic,gauss,3,30,sobol,128,28,12.925006280336726,0.002922625280916691,18,False,0.0,0
syn_K3_m30_s0_gauss,synthetic,gauss,3,30,sobol,128,29,12.925006280336726,0.0028053331188857555,18,False,0.0,0
syn_K3_m30_s0_gauss,synthetic,gauss,3,30,sobol,128,30,12.925006280336726,0.0028881249018013477,18,False,0.0,0
syn_K3_m30_s0_gauss,synthetic,gauss,3,30,sobol,128,31,12.925006280336726,0.002825874835252762,18,False,0.0,0
syn_K3_m30_s0_gauss,synthetic,gauss,3,30,sobol,128,32,12.925006280336726,0.002843291964381933,18,False,0.0,0
syn_K3_m30_s0_gauss,synthetic,gauss,3,30,sobol,128,33,12.925006280336726,0.003134333062916994,18,False,0.0,0
syn_K3_m30_s0_gauss,synthetic,gauss,3,30,sobol,128,34,12.925006280336726,0.002906083595007658,18,False,0.0,0
syn_K3_m30_s0_gauss,synthetic,gauss,3,30,sobol,128,35,12.925006280336726,0.0028485418297350407,18,False,0.0,0
syn_K3_m30_s0_gauss,synthetic,gauss,3,30,sobol,128,36,12.925006280336726,0.0030963337048888206,18,False,0.0,0
syn_K3_m30_s0_gauss,synthetic,gauss,3,30,sobol,128,37,12.925006280336726,0.003107166849076748,18,False,0.0,0
syn_K3_m30_s0_gauss,synthetic,gauss,3,30,sobol,128,38,12.925006280336726,0.003264208324253559,18,False,0.0,0
syn_K3_m30_s0_gauss,synthetic,gauss,3,30,sobol,128,39,12.925006280336726,0.0030617923475801945,18,False,0.0,0
syn_K3_m30_s0_gauss,synthetic,gauss,3,30,sobol,128,40,12.925006280336726,0.0031600832007825375,18,False,0.0,0
syn_K3_m30_s0_gauss,synthetic,gauss,3,30,sobol,128,41,12.925006280336726,0.0030046249739825726,18,False,0.0,0
syn_K3_m30_s0_gauss,synthetic,gauss,3,30,sobol,128,42,12.925006280336726,0.0029935413040220737,18,False,0.0,0
syn_K3_m30_s0_gauss,synthetic,gauss,3,30,sobol,128,43,12.925006280336726,0.003067291807383299,18,False,0.0,0
syn_K3_m30_s0_gauss,synthetic,gauss,3,30,sobol,128,44,12.925006280336726,0.0028620408847928047,18,False,0.0,0
syn_K3_m30_s0_gauss,synthetic,gauss,3,30,sobol,128,45,12.925006280336726,0.003204499837011099,18,False,0.0,0
syn_K3_m30_s0_gauss,synthetic,gauss,3,30,sobol,128,46,12.925006280336726,0.003031875006854534,18,False,0.0,0
syn_K3_m30_s0_gauss,synthetic,gauss,3,30,sobol,128,47,12.925006280336726,0.002814041916280985,18,False,0.0,0
syn_K3_m30_s0_gauss,synthetic,gauss,3,30,sobol,128,48,12.925006280336726,0.003369749989360571,18,False,0.0,0
syn_K3_m30_s0_gauss,synthetic,gauss,3,30,sobol,128,49,12.925006280336726,0.0028868750669062138,18,False,0.0,0
syn_K3_m30_s0_gauss,synthetic,gauss,3,30,sobol,512,0,12.925006280336726,0.0035858331248164177,18,False,0.0,0
syn_K3_m30_s0_gauss,synthetic,gauss,3,30,sobol,512,1,12.925006280336726,0.003087750170379877,18,False,0.0,0
syn_K3_m30_s0_gauss,synthetic,gauss,3,30,sobol,512,2,12.925006280336726,0.0029642079025506973,18,False,0.0,0
syn_K3_m30_s0_gauss,synthetic,gauss,3,30,sobol,512,3,12.925006280336726,0.003508083987981081,18,False,0.0,0
syn_K3_m30_s0_gauss,synthetic,gauss,3,30,sobol,512,4,12.925006280336726,0.002997166942805052,18,False,0.0,0
syn_K3_m30_s0_gauss,synthetic,gauss,3,30,sobol,512,5,12.925006280336726,0.003763000015169382,18,False,0.0,0
syn_K3_m30_s0_gauss,synthetic,gauss,3,30,sobol,512,6,12.925006280336726,0.003041792195290327,18,False,0.0,0
syn_K3_m30_s0_gauss,synthetic,gauss,3,30,sobol,512,7,12.925006280336726,0.0029552909545600414,18,False,0.0,0
syn_K3_m30_s0_gauss,synthetic,gauss,3,30,sobol,512,8,12.925006280336726,0.0033893329091370106,18,False,0.0,0
syn_K3_m30_s0_gauss,synthetic,gauss,3,30,sobol,512,9,12.925006280336726,0.002892791759222746,18,False,0.0,0
syn_K3_m30_s0_gauss,synthetic,gauss,3,30,sobol,512,10,12.925006280336726,0.0034861252643167973,18,False,0.0,0
syn_K3_m30_s0_gauss,synthetic,gauss,3,30,sobol,512,11,12.925006280336726,0.0029606251046061516,18,False,0.0,0
syn_K3_m30_s0_gauss,synthetic,gauss,3,30,sobol,512,12,12.925006280336726,0.0029505002312362194,18,False,0.0,0
syn_K3_m30_s0_gauss,synthetic,gauss,3,30,sobol,512,13,12.925006280336726,0.003014833200722933,18,False,0.0,0
syn_K3_m30_s0_gauss,synthetic,gauss,3,30,sobol,512,14,12.925006280336726,0.0029387911781668663,18,False,0.0,0
syn_K3_m30_s0_gauss,synthetic,gauss,3,30,sobol,512,15,12.925006280336726,0.0035655000247061253,18,False,0.0,0
syn_K3_m30_s0_gauss,synthetic,gauss,3,30,sobol,512,16,12.925006280336726,0.003090290818363428,18,False,0.0,0
syn_K3_m30_s0_gauss,synthetic,gauss,3,30,sobol,512,17,12.925006280336726,0.00338087510317564,18,False,0.0,0
syn_K3_m30_s0_gauss,synthetic,gauss,3,30,sobol,512,18,12.925006280336726,0.003468000330030918,18,False,0.0,0
syn_K3_m30_s0_gauss,synthetic,gauss,3,30,sobol,512,19,12.925006280336726,0.0030242502689361572,18,False,0.0,0
syn_K3_m30_s0_gauss,synthetic,gauss,3,30,sobol,512,20,12.925006280336726,0.003157542087137699,18,False,0.0,0
syn_K3_m30_s0_gauss,synthetic,gauss,3,30,sobol,512,21,12.925006280336726,0.0032142498530447483,18,False,0.0,0
syn_K3_m30_s0_gauss,synthetic,gauss,3,30,sobol,512,22,12.925006280336726,0.003249166999012232,18,False,0.0,0
syn_K3_m30_s0_gauss,synthetic,gauss,3,30,sobol,512,23,12.925006280336726,0.003028125036507845,18,False,0.0,0
syn_K3_m30_s0_gauss,synthetic,gauss,3,30,sobol,512,24,12.925006280336726,0.0031069591641426086,18,False,0.0,0
syn_K3_m30_s0_gauss,synthetic,gauss,3,30,sobol,512,25,12.925006280336726,0.0030509168282151222,18,False,0.0,0
syn_K3_m30_s0_gauss,synthetic,gauss,3,30,sobol,512,26,12.925006280336726,0.002957083284854889,18,False,0.0,0
syn_K3_m30_s0_gauss,synthetic,gauss,3,30,sobol,512,27,12.925006280336726,0.003247207961976528,18,False,0.0,0
syn_K3_m30_s0_gauss,synthetic,gauss,3,30,sobol,512,28,12.925006280336726,0.003077208064496517,18,False,0.0,0
syn_K3_m30_s0_gauss,synthetic,gauss,3,30,sobol,512,29,12.925006280336726,0.0031354171223938465,18,False,0.0,0
syn_K3_m30_s0_gauss,synthetic,gauss,3,30,sobol,512,30,12.925006280336726,0.0031870827078819275,18,False,0.0,0
syn_K3_m30_s0_gauss,synthetic,gauss,3,30,sobol,512,31,12.925006280336726,0.0030371658504009247,18,False,0.0,0
syn_K3_m30_s0_gauss,synthetic,gauss,3,30,sobol,512,32,12.925006280336726,0.0031049158424139023,18,False,0.0,0
syn_K3_m30_s0_gauss,synthetic,gauss,3,30,sobol,512,33,12.925006280336726,0.0030946247279644012,18,False,0.0,0
syn_K3_m30_s0_gauss,synthetic,gauss,3,30,sobol,512,34,12.925006280336726,0.0031580831855535507,18,False,0.0,0
syn_K3_m30_s0_gauss,synthetic,gauss,3,30,sobol,512,35,12.925006280336726,0.0030846246518194675,18,False,0.0,0
syn_K3_m30_s0_gauss,synthetic,gauss,3,30,sobol,512,36,12.925006280336726,0.0030547077767550945,18,False,0.0,0
syn_K3_m30_s0_gauss,synthetic,gauss,3,30,sobol,512,37,12.925006280336726,0.0033456250093877316,18,False,0.0,0
syn_K3_m30_s0_gauss,synthetic,gauss,3,30,sobol,512,38,12.925006280336726,0.0030989996157586575,18,False,0.0,0
syn_K3_m30_s0_gauss,synthetic,gauss,3,30,sobol,512,39,12.925006280336726,0.0033819577656686306,18,False,0.0,0
syn_K3_m30_s0_gauss,synthetic,gauss,3,30,sobol,512,40,12.925006280336726,0.003300208132714033,18,False,0.0,0
syn_K3_m30_s0_gauss,synthetic,gauss,3,30,sobol,512,41,12.925006280336726,0.0030568749643862247,18,False,0.0,0
syn_K3_m30_s0_gauss,synthetic,gauss,3,30,sobol,512,42,12.925006280336726,0.0032918332144618034,18,False,0.0,0
syn_K3_m30_s0_gauss,synthetic,gauss,3,30,sobol,512,43,12.925006280336726,0.0031472500413656235,18,False,0.0,0
syn_K3_m30_s0_gauss,synthetic,gauss,3,30,sobol,512,44,12.925006280336726,0.003169124945998192,18,False,0.0,0
syn_K3_m30_s0_gauss,synthetic,gauss,3,30,sobol,512,45,12.925006280336726,0.0031361673027276993,18,False,0.0,0
syn_K3_m30_s0_gauss,synthetic,gauss,3,30,sobol,512,46,12.925006280336726,0.0031000422313809395,18,False,0.0,0
syn_K3_m30_s0_gauss,synthetic,gauss,3,30,sobol,512,47,12.925006280336726,0.003250165842473507,18,False,0.0,0
syn_K3_m30_s0_gauss,synthetic,gauss,3,30,sobol,512,48,12.925006280336726,0.0030648340471088886,18,False,0.0,0
syn_K3_m30_s0_gauss,synthetic,gauss,3,30,sobol,512,49,12.925006280336726,0.0032002502121031284,18,False,0.0,0
syn_K3_m30_s0_gauss,synthetic,gauss,3,30,sobol,2048,0,12.925006280336726,0.0034894580021500587,18,False,0.0,0
syn_K3_m30_s0_gauss,synthetic,gauss,3,30,sobol,2048,1,12.925006280336726,0.0036803330294787884,18,False,0.0,0
syn_K3_m30_s0_gauss,synthetic,gauss,3,30,sobol,2048,2,12.925006280336726,0.0034318342804908752,18,False,0.0,0
syn_K3_m30_s0_gauss,synthetic,gauss,3,30,sobol,2048,3,12.925006280336726,0.003452042117714882,18,False,0.0,0
syn_K3_m30_s0_gauss,synthetic,gauss,3,30,sobol,2048,4,12.925006280336726,0.0037503745406866074,18,False,0.0,0
syn_K3_m30_s0_gauss,synthetic,gauss,3,30,sobol,2048,5,12.925006280336726,0.0034849168732762337,18,False,0.0,0
syn_K3_m30_s0_gauss,synthetic,gauss,3,30,sobol,2048,6,12.925006280336726,0.0036094156093895435,18,False,0.0,0
syn_K3_m30_s0_gauss,synthetic,gauss,3,30,sobol,2048,7,12.925006280336726,0.0035089589655399323,18,False,0.0,0
syn_K3_m30_s0_gauss,synthetic,gauss,3,30,sobol,2048,8,12.925006280336726,0.003737374674528837,18,False,0.0,0
syn_K3_m30_s0_gauss,synthetic,gauss,3,30,sobol,2048,9,12.925006280336726,0.0034849592484533787,18,False,0.0,0
syn_K3_m30_s0_gauss,synthetic,gauss,3,30,sobol,2048,10,12.925006280336726,0.0035529588349163532,18,False,0.0,0
syn_K3_m30_s0_gauss,synthetic,gauss,3,30,sobol,2048,11,12.925006280336726,0.0034335418604314327,18,False,0.0,0
syn_K3_m30_s0_gauss,synthetic,gauss,3,30,sobol,2048,12,12.925006280336726,0.00361812487244606,18,False,0.0,0
syn_K3_m30_s0_gauss,synthetic,gauss,3,30,sobol,2048,13,12.925006280336726,0.0035240002907812595,18,False,0.0,0
syn_K3_m30_s0_gauss,synthetic,gauss,3,30,sobol,2048,14,12.925006280336726,0.0037051672115921974,18,False,0.0,0
syn_K3_m30_s0_gauss,synthetic,gauss,3,30,sobol,2048,15,12.925006280336726,0.003528167027980089,18,False,0.0,0
syn_K3_m30_s0_gauss,synthetic,gauss,3,30,sobol,2048,16,12.925006280336726,0.00342362467199564,18,False,0.0,0
syn_K3_m30_s0_gauss,synthetic,gauss,3,30,sobol,2048,17,12.925006280336726,0.0035172910429537296,18,False,0.0,0
syn_K3_m30_s0_gauss,synthetic,gauss,3,30,sobol,2048,18,12.925006280336726,0.0032932497560977936,18,False,0.0,0
syn_K3_m30_s0_gauss,synthetic,gauss,3,30,sobol,2048,19,12.925006280336726,0.0036039999686181545,18,False,0.0,0
syn_K3_m30_s0_gauss,synthetic,gauss,3,30,sobol,2048,20,12.925006280336726,0.003484207671135664,18,False,0.0,0
syn_K3_m30_s0_gauss,synthetic,gauss,3,30,sobol,2048,21,12.925006280336726,0.003432291094213724,18,False,0.0,0
syn_K3_m30_s0_gauss,synthetic,gauss,3,30,sobol,2048,22,12.925006280336726,0.0034812497906386852,18,False,0.0,0
syn_K3_m30_s0_gauss,synthetic,gauss,3,30,sobol,2048,23,12.925006280336726,0.0035689170472323895,18,False,0.0,0
syn_K3_m30_s0_gauss,synthetic,gauss,3,30,sobol,2048,24,12.925006280336726,0.003559791948646307,18,False,0.0,0
syn_K3_m30_s0_gauss,synthetic,gauss,3,30,sobol,2048,25,12.925006280336726,0.0035325000062584877,18,False,0.0,0
syn_K3_m30_s0_gauss,synthetic,gauss,3,30,sobol,2048,26,12.925006280336726,0.0034456667490303516,18,False,0.0,0
syn_K3_m30_s0_gauss,synthetic,gauss,3,30,sobol,2048,27,12.925006280336726,0.003518042154610157,18,False,0.0,0
syn_K3_m30_s0_gauss,synthetic,gauss,3,30,sobol,2048,28,12.925006280336726,0.0036062905564904213,18,False,0.0,0
syn_K3_m30_s0_gauss,synthetic,gauss,3,30,sobol,2048,29,12.925006280336726,0.003481375053524971,18,False,0.0,0
syn_K3_m30_s0_gauss,synthetic,gauss,3,30,sobol,2048,30,12.925006280336726,0.0041047497652471066,18,False,0.0,0
syn_K3_m30_s0_gauss,synthetic,gauss,3,30,sobol,2048,31,12.925006280336726,0.003327375277876854,18,False,0.0,0
syn_K3_m30_s0_gauss,synthetic,gauss,3,30,sobol,2048,32,12.925006280336726,0.0039292918518185616,18,False,0.0,0
syn_K3_m30_s0_gauss,synthetic,gauss,3,30,sobol,2048,33,12.925006280336726,0.0033380407840013504,18,False,0.0,0
syn_K3_m30_s0_gauss,synthetic,gauss,3,30,sobol,2048,34,12.925006280336726,0.003938290756195784,18,False,0.0,0
syn_K3_m30_s0_gauss,synthetic,gauss,3,30,sobol,2048,35,12.925006280336726,0.0033283750526607037,18,False,0.0,0
syn_K3_m30_s0_gauss,synthetic,gauss,3,30,sobol,2048,36,12.925006280336726,0.0037497500889003277,18,False,0.0,0
syn_K3_m30_s0_gauss,synthetic,gauss,3,30,sobol,2048,37,12.925006280336726,0.0033482923172414303,18,False,0.0,0
syn_K3_m30_s0_gauss,synthetic,gauss,3,30,sobol,2048,38,12.925006280336726,0.0033735837787389755,18,False,0.0,0
syn_K3_m30_s0_gauss,synthetic,gauss,3,30,sobol,2048,39,12.925006280336726,0.004087666980922222,18,False,0.0,0
syn_K3_m30_s0_gauss,synthetic,gauss,3,30,sobol,2048,40,12.925006280336726,0.003436707891523838,18,False,0.0,0
syn_K3_m30_s0_gauss,synthetic,gauss,3,30,sobol,2048,41,12.925006280336726,0.004047750029712915,18,False,0.0,0
syn_K3_m30_s0_gauss,synthetic,gauss,3,30,sobol,2048,42,12.925006280336726,0.003355958964675665,18,False,0.0,0
syn_K3_m30_s0_gauss,synthetic,gauss,3,30,sobol,2048,43,12.925006280336726,0.003962292335927486,18,False,0.0,0
syn_K3_m30_s0_gauss,synthetic,gauss,3,30,sobol,2048,44,12.925006280336726,0.0036855419166386127,18,False,0.0,0
syn_K3_m30_s0_gauss,synthetic,gauss,3,30,sobol,2048,45,12.925006280336726,0.003624625038355589,18,False,0.0,0
syn_K3_m30_s0_gauss,synthetic,gauss,3,30,sobol,2048,46,12.925006280336726,0.003428041934967041,18,False,0.0,0
syn_K3_m30_s0_gauss,synthetic,gauss,3,30,sobol,2048,47,12.925006280336726,0.0036582080647349358,18,False,0.0,0
syn_K3_m30_s0_gauss,synthetic,gauss,3,30,sobol,2048,48,12.925006280336726,0.003508499823510647,18,False,0.0,0
syn_K3_m30_s0_gauss,synthetic,gauss,3,30,sobol,2048,49,12.925006280336726,0.0037655001506209373,18,False,0.0,0
syn_K3_m30_s1_cancel,synthetic,cancel,3,30,exp,128,0,1.527221918250846,0.00609983317553997,38,False,1.5993030384037232e-15,0
syn_K3_m30_s1_cancel,synthetic,cancel,3,30,exp,128,1,1.5272219182508484,0.006251584272831678,41,False,0.0,0
syn_K3_m30_s1_cancel,synthetic,cancel,3,30,exp,128,2,1.5272219182508484,0.0055819167755544186,37,False,0.0,0
syn_K3_m30_s1_cancel,synthetic,cancel,3,30,exp,128,3,1.5272219182487612,0.005268292035907507,36,False,1.3666771419086361e-12,0
syn_K3_m30_s1_cancel,synthetic,cancel,3,30,exp,128,4,1.5272219182508482,0.005698374938219786,37,False,1.4539118530942937e-16,0
syn_K3_m30_s1_cancel,synthetic,cancel,3,30,exp,128,5,1.5272219182508469,0.005509291775524616,37,False,1.0177382971660057e-15,0
syn_K3_m30_s1_cancel,synthetic,cancel,3,30,exp,128,6,1.527221918240121,0.0055577498860657215,37,False,7.024138944669152e-12,0
syn_K3_m30_s1_cancel,synthetic,cancel,3,30,exp,128,7,1.527221918250846,0.0056493328884243965,36,False,1.5993030384037232e-15,0
syn_K3_m30_s1_cancel,synthetic,cancel,3,30,exp,128,8,1.5272219182508484,0.005553124938160181,39,False,0.0,0
syn_K3_m30_s1_cancel,synthetic,cancel,3,30,exp,128,9,1.527221918250845,0.005682332906872034,38,False,2.1808677796414405e-15,0
syn_K3_m30_s1_cancel,synthetic,cancel,3,30,exp,128,10,1.5272219182508484,0.005345417186617851,38,False,0.0,0
syn_K3_m30_s1_cancel,synthetic,cancel,3,30,exp,128,11,1.527221918250846,0.005098042078316212,36,False,1.5993030384037232e-15,0
syn_K3_m30_s1_cancel,synthetic,cancel,3,30,exp,128,12,1.5272219182508484,0.005640124902129173,38,False,0.0,0
syn_K3_m30_s1_cancel,synthetic,cancel,3,30,exp,128,13,1.5272219182508462,0.005701042246073484,38,False,1.4539118530942937e-15,0
syn_K3_m30_s1_cancel,synthetic,cancel,3,30,exp,128,14,1.527221918250846,0.005254833027720451,35,False,1.5993030384037232e-15,0
syn_K3_m30_s1_cancel,synthetic,cancel,3,30,exp,128,15,1.5272219182508384,0.005603583995252848,38,False,6.542603338924322e-15,0
syn_K3_m30_s1_cancel,synthetic,cancel,3,30,exp,128,16,1.527221918250843,0.0056817918084561825,38,False,3.489388447426305e-15,0
syn_K3_m30_s1_cancel,synthetic,cancel,3,30,exp,128,17,1.5272219182508484,0.006153666879981756,42,False,0.0,0
syn_K3_m30_s1_cancel,synthetic,cancel,3,30,exp,128,18,1.5272219182508384,0.005330374930053949,37,False,6.542603338924322e-15,0
syn_K3_m30_s1_cancel,synthetic,cancel,3,30,exp,128,19,1.5272219165485548,0.005443166941404343,37,False,1.1146341072242896e-09,0
syn_K3_m30_s1_cancel,synthetic,cancel,3,30,exp,128,20,1.5272219182508395,0.0057395827025175095,38,False,5.815647412377175e-15,0
syn_K3_m30_s1_cancel,synthetic,cancel,3,30,exp,128,21,1.527221918250846,0.00554662523791194,38,False,1.5993030384037232e-15,0
syn_K3_m30_s1_cancel,synthetic,cancel,3,30,exp,128,22,1.527221918250846,0.005565208848565817,37,False,1.5993030384037232e-15,0
syn_K3_m30_s1_cancel,synthetic,cancel,3,30,exp,128,23,1.527221918243337,0.005210542120039463,34,False,4.918293016647377e-12,0
syn_K3_m30_s1_cancel,synthetic,cancel,3,30,exp,128,24,1.527221918156727,0.005400459282100201,36,False,6.162914258488748e-11,0
syn_K3_m30_s1_cancel,synthetic,cancel,3,30,exp,128,25,1.2810830118360401,0.005524083040654659,37,False,0.16116774089826783,1
syn_K3_m30_s1_cancel,synthetic,cancel,3,30,exp,128,26,1.5272219182508482,0.005923333112150431,40,False,1.4539118530942937e-16,0
syn_K3_m30_s1_cancel,synthetic,cancel,3,30,exp,128,27,1.527221918250845,0.005320665892213583,37,False,2.1808677796414405e-15,0
syn_K3_m30_s1_cancel,synthetic,cancel,3,30,exp,128,28,1.527221918250846,0.0056442501954734325,39,False,1.5993030384037232e-15,0
syn_K3_m30_s1_cancel,synthetic,cancel,3,30,exp,128,29,1.5272219146516326,0.005484458990395069,36,False,2.3567078047166678e-09,0
syn_K3_m30_s1_cancel,synthetic,cancel,3,30,exp,128,30,1.527221918250845,0.0057045407593250275,39,False,2.1808677796414405e-15,0
syn_K3_m30_s1_cancel,synthetic,cancel,3,30,exp,128,31,1.5272219182508469,0.005945540964603424,38,False,1.0177382971660057e-15,0
syn_K3_m30_s1_cancel,synthetic,cancel,3,30,exp,128,32,1.527221917985119,0.005579833872616291,38,False,1.739953017160212e-10,0
syn_K3_m30_s1_cancel,synthetic,cancel,3,30,exp,128,33,1.2810830118360368,0.005154374986886978,34,False,0.16116774089827,1
syn_K3_m30_s1_cancel,synthetic,cancel,3,30,exp,128,34,1.5272219182508484,0.005980208050459623,41,False,0.0,0
syn_K3_m30_s1_cancel,synthetic,cancel,3,30,exp,128,35,1.5272219182508484,0.005682374816387892,38,False,0.0,0
syn_K3_m30_s1_cancel,synthetic,cancel,3,30,exp,128,36,1.5272219182508484,0.005516415927559137,38,False,0.0,0
syn_K3_m30_s1_cancel,synthetic,cancel,3,30,exp,128,37,1.5272219182508484,0.005932250060141087,39,False,0.0,0
syn_K3_m30_s1_cancel,synthetic,cancel,3,30,exp,128,38,1.5272219182508469,0.00599870877340436,38,False,1.0177382971660057e-15,0
syn_K3_m30_s1_cancel,synthetic,cancel,3,30,exp,128,39,1.527221918250843,0.005923375021666288,39,False,3.489388447426305e-15,0
syn_K3_m30_s1_cancel,synthetic,cancel,3,30,exp,128,40,1.5272219182399691,0.005503749940544367,37,False,7.123586515420802e-12,0
syn_K3_m30_s1_cancel,synthetic,cancel,3,30,exp,128,41,1.527221918250845,0.005997417028993368,38,False,2.1808677796414405e-15,0
syn_K3_m30_s1_cancel,synthetic,cancel,3,30,exp,128,42,1.5272219182508482,0.0053954171016812325,37,False,1.4539118530942937e-16,0
syn_K3_m30_s1_cancel,synthetic,cancel,3,30,exp,128,43,1.5272219182508484,0.006027666851878166,40,False,0.0,0
syn_K3_m30_s1_cancel,synthetic,cancel,3,30,exp,128,44,1.527221918229059,0.00559054221957922,37,False,1.4267382405599614e-11,0
syn_K3_m30_s1_cancel,synthetic,cancel,3,30,exp,128,45,1.5272219182508482,0.005930458195507526,38,False,1.4539118530942937e-16,0
syn_K3_m30_s1_cancel,synthetic,cancel,3,30,exp,128,46,1.5272219182225746,0.005400417372584343,38,False,1.851324119019088e-11,0
syn_K3_m30_s1_cancel,synthetic,cancel,3,30,exp,128,47,1.527221918250846,0.005359457805752754,36,False,1.5993030384037232e-15,0
syn_K3_m30_s1_cancel,synthetic,cancel,3,30,exp,128,48,1.527221918250845,0.005773167125880718,39,False,2.1808677796414405e-15,0
syn_K3_m30_s1_cancel,synthetic,cancel,3,30,exp,128,49,1.5272219182508484,0.005504417233169079,38,False,0.0,0
syn_K3_m30_s1_cancel,synthetic,cancel,3,30,exp,512,0,1.5272219182450493,0.005718375090509653,38,False,3.7971815867263675e-12,0
syn_K3_m30_s1_cancel,synthetic,cancel,3,30,exp,512,1,1.5272219182507565,0.005354332737624645,37,False,6.019195071810376e-14,0
syn_K3_m30_s1_cancel,synthetic,cancel,3,30,exp,512,2,1.5272219182505515,0.005241165868937969,36,False,1.943880147587071e-13,0
syn_K3_m30_s1_cancel,synthetic,cancel,3,30,exp,512,3,1.527221918250846,0.005388542078435421,36,False,1.5993030384037232e-15,0
syn_K3_m30_s1_cancel,synthetic,cancel,3,30,exp,512,4,1.527221918250846,0.005701667163521051,36,False,1.5993030384037232e-15,0
syn_K3_m30_s1_cancel,synthetic,cancel,3,30,exp,512,5,1.5272219182499938,0.0050428747199475765,35,False,5.596106722559937e-13,0
syn_K3_m30_s1_cancel,synthetic,cancel,3,30,exp,512,6,1.5272219182508484,0.005468707997351885,37,False,0.0,0
syn_K3_m30_s1_cancel,synthetic,cancel,3,30,exp,512,7,1.5272219182508484,0.005350499879568815,38,False,0.0,0
syn_K3_m30_s1_cancel,synthetic,cancel,3,30,exp,512,8,1.5272219182508482,0.005470208823680878,36,False,1.4539118530942937e-16,0
syn_K3_m30_s1_cancel,synthetic,cancel,3,30,exp,512,9,1.5272219182508482,0.0056802076287567616,37,False,1.4539118530942937e-16,0
syn_K3_m30_s1_cancel,synthetic,cancel,3,30,exp,512,10,1.5272219182399496,0.005406832788139582,36,False,7.136380939728032e-12,0
syn_K3_m30_s1_cancel,synthetic,cancel,3,30,exp,512,11,1.5272219182508442,0.005432332865893841,36,False,2.7624325208791584e-15,0
syn_K3_m30_s1_cancel,synthetic,cancel,3,30,exp,512,12,1.5272219182508482,0.005586958024650812,36,False,1.4539118530942937e-16,0
syn_K3_m30_s1_cancel,synthetic,cancel,3,30,exp,512,13,1.5272219182508482,0.005748959258198738,38,False,1.4539118530942937e-16,0
syn_K3_m30_s1_cancel,synthetic,cancel,3,30,exp,512,14,1.5272219182508482,0.0052659581415355206,37,False,1.4539118530942937e-16,0
syn_K3_m30_s1_cancel,synthetic,cancel,3,30,exp,512,15,1.5272219182508482,0.00553333293646574,38,False,1.4539118530942937e-16,0
syn_K3_m30_s1_cancel,synthetic,cancel,3,30,exp,512,16,1.5272219182508482,0.005464124958962202,37,False,1.4539118530942937e-16,0
syn_K3_m30_s1_cancel,synthetic,cancel,3,30,exp,512,17,1.5272219182508149,0.005440667271614075,37,False,2.1954068981723838e-14,0
syn_K3_m30_s1_cancel,synthetic,cancel,3,30,exp,512,18,1.5272219182508469,0.005453541874885559,36,False,1.0177382971660057e-15,0
syn_K3_m30_s1_cancel,synthetic,cancel,3,30,exp,512,19,1.5272219182506865,0.005960541777312756,40,False,1.0599017409057402e-13,0
syn_K3_m30_s1_cancel,synthetic,cancel,3,30,exp,512,20,1.5272219182508469,0.00529708294197917,36,False,1.0177382971660057e-15,0
syn_K3_m30_s1_cancel,synthetic,cancel,3,30,exp,512,21,1.5272219182508482,0.005783833097666502,41,False,1.4539118530942937e-16,0
syn_K3_m30_s1_cancel,synthetic,cancel,3,30,exp,512,22,1.5272219182508484,0.005697833839803934,36,False,0.0,0
syn_K3_m30_s1_cancel,synthetic,cancel,3,30,exp,512,23,1.527221918243591,0.005141915753483772,34,False,4.75196550065339e-12,0
syn_K3_m30_s1_cancel,synthetic,cancel,3,30,exp,512,24,1.527221918249806,0.005563959013670683,37,False,6.826116150277709e-13,0
syn_K3_m30_s1_cancel,synthetic,cancel,3,30,exp,512,25,1.527221918220736,0.0056968750432133675,34,False,1.9717080204552956e-11,0
syn_K3_m30_s1_cancel,synthetic,cancel,3,30,exp,512,26,1.5272219182508047,0.005297166295349598,36,False,2.864206350595759e-14,0
syn_K3_m30_s1_cancel,synthetic,cancel,3,30,exp,512,27,1.5272219182508484,0.005481249652802944,38,False,0.0,0
syn_K3_m30_s1_cancel,synthetic,cancel,3,30,exp,512,28,1.5272219182508484,0.005702749826014042,39,False,0.0,0
syn_K3_m30_s1_cancel,synthetic,cancel,3,30,exp,512,29,1.5272219182508149,0.005239124875515699,36,False,2.1954068981723838e-14,0
syn_K3_m30_s1_cancel,synthetic,cancel,3,30,exp,512,30,1.5272219182508482,0.005572583060711622,38,False,1.4539118530942937e-16,0
syn_K3_m30_s1_cancel,synthetic,cancel,3,30,exp,512,31,1.5272219182508469,0.005683958996087313,38,False,1.0177382971660057e-15,0
syn_K3_m30_s1_cancel,synthetic,cancel,3,30,exp,512,32,1.5272219182503801,0.005212791729718447,36,False,3.0663000981758654e-13,0
syn_K3_m30_s1_cancel,synthetic,cancel,3,30,exp,512,33,1.5272219182497053,0.00554029131308198,37,False,7.484738219729425e-13,0
syn_K3_m30_s1_cancel,synthetic,cancel,3,30,exp,512,34,1.5272219182508484,0.0057112080976367,37,False,0.0,0
syn_K3_m30_s1_cancel,synthetic,cancel,3,30,exp,512,35,1.5272219182508469,0.005380708258599043,36,False,1.0177382971660057e-15,0
syn_K3_m30_s1_cancel,synthetic,cancel,3,30,exp,512,36,1.5272219182506865,0.005438417196273804,37,False,1.0599017409057402e-13,0
syn_K3_m30_s1_cancel,synthetic,cancel,3,30,exp,512,37,1.527221918248038,0.005291291978210211,36,False,1.8402162324614477e-12,0
syn_K3_m30_s1_cancel,synthetic,cancel,3,30,exp,512,38,1.5272219182508469,0.005252957809716463,37,False,1.0177382971660057e-15,0
syn_K3_m30_s1_cancel,synthetic,cancel,3,30,exp,512,39,1.5272219182497753,0.0054507083259522915,35,False,7.026755986004722e-13,0
syn_K3_m30_s1_cancel,synthetic,cancel,3,30,exp,512,40,1.5272219182508482,0.006018542218953371,38,False,1.4539118530942937e-16,0
syn_K3_m30_s1_cancel,synthetic,cancel,3,30,exp,512,41,1.527221918250846,0.005028082989156246,35,False,1.5993030384037232e-15,0
syn_K3_m30_s1_cancel,synthetic,cancel,3,30,exp,512,42,1.5272219182508482,0.005606458988040686,37,False,1.4539118530942937e-16,0
syn_K3_m30_s1_cancel,synthetic,cancel,3,30,exp,512,43,1.527221918250709,0.005848499946296215,35,False,9.130566437432165e-14,0
syn_K3_m30_s1_cancel,synthetic,cancel,3,30,exp,512,44,1.5272219182507363,0.005220250226557255,36,False,7.342254858126183e-14,0
syn_K3_m30_s1_cancel,synthetic,cancel,3,30,exp,512,45,1.5272219182506863,0.0056081246584653854,35,False,1.0613556527588345e-13,0
syn_K3_m30_s1_cancel,synthetic,cancel,3,30,exp,512,46,1.5272219182508484,0.006028417032212019,37,False,0.0,0
syn_K3_m30_s1_cancel,synthetic,cancel,3,30,exp,512,47,1.5272219182508484,0.005594790913164616,36,False,0.0,0
syn_K3_m30_s1_cancel,synthetic,cancel,3,30,exp,512,48,1.5272219182506634,0.005129707977175713,36,False,1.2111085736275466e-13,0
syn_K3_m30_s1_cancel,synthetic,cancel,3,30,exp,512,49,1.5272219182508482,0.005823083221912384,36,False,1.4539118530942937e-16,0
syn_K3_m30_s1_cancel,synthetic,cancel,3,30,exp,2048,0,1.5272219182506213,0.006256875116378069,38,False,1.4873518257154626e-13,0
syn_K3_m30_s1_cancel,synthetic,cancel,3,30,exp,2048,1,1.5272219182508482,0.005950875114649534,40,False,1.4539118530942937e-16,0
syn_K3_m30_s1_cancel,synthetic,cancel,3,30,exp,2048,2,1.5272219182507822,0.0064412918873131275,39,False,4.332657322220996e-14,0
syn_K3_m30_s1_cancel,synthetic,cancel,3,30,exp,2048,3,1.5272219182508442,0.0064627076499164104,39,False,2.7624325208791584e-15,0
syn_K3_m30_s1_cancel,synthetic,cancel,3,30,exp,2048,4,1.5272219182508484,0.006524458061903715,40,False,0.0,0
syn_K3_m30_s1_cancel,synthetic,cancel,3,30,exp,2048,5,1.5272219182508484,0.005974000319838524,40,False,0.0,0
syn_K3_m30_s1_cancel,synthetic,cancel,3,30,exp,2048,6,1.5272219182508484,0.00610300013795495,38,False,0.0,0
syn_K3_m30_s1_cancel,synthetic,cancel,3,30,exp,2048,7,1.527221918250841,0.0062426249496638775,38,False,4.7979091152111694e-15,0
syn_K3_m30_s1_cancel,synthetic,cancel,3,30,exp,2048,8,1.5272219182489866,0.005781459156423807,37,False,1.2191050888195654e-12,0
syn_K3_m30_s1_cancel,synthetic,cancel,3,30,exp,2048,9,1.5272219182486642,0.0056362091563642025,38,False,1.4302130898888568e-12,0
syn_K3_m30_s1_cancel,synthetic,cancel,3,30,exp,2048,10,1.5272219182477935,0.006077375262975693,39,False,2.0002919274871294e-12,0
syn_K3_m30_s1_cancel,synthetic,cancel,3,30,exp,2048,11,1.5272219182508482,0.006255083251744509,39,False,1.4539118530942937e-16,0
syn_K3_m30_s1_cancel,synthetic,cancel,3,30,exp,2048,12,1.5272219182508482,0.0061489581130445,40,False,1.4539118530942937e-16,0
syn_K3_m30_s1_cancel,synthetic,cancel,3,30,exp,2048,13,1.5272219182508482,0.005995833780616522,38,False,1.4539118530942937e-16,0
syn_K3_m30_s1_cancel,synthetic,cancel,3,30,exp,2048,14,1.5272219182505808,0.005689375102519989,37,False,1.751963782978624e-13,0
syn_K3_m30_s1_cancel,synthetic,cancel,3,30,exp,2048,15,1.5272219182506375,0.005977124907076359,39,False,1.381216260439579e-13,0
syn_K3_m30_s1_cancel,synthetic,cancel,3,30,exp,2048,16,1.5272219182508482,0.005937416572123766,38,False,1.4539118530942937e-16,0
syn_K3_m30_s1_cancel,synthetic,cancel,3,30,exp,2048,17,1.5272219182508484,0.00593791576102376,38,False,0.0,0
syn_K3_m30_s1_cancel,synthetic,cancel,3,30,exp,2048,18,1.5272219182495943,0.006124041974544525,38,False,8.211694146276572e-13,0
syn_K3_m30_s1_cancel,synthetic,cancel,3,30,exp,2048,19,1.5272219182507751,0.0058046248741447926,38,False,4.7979091152111694e-14,0
syn_K3_m30_s1_cancel,synthetic,cancel,3,30,exp,2048,20,1.527221918250845,0.0059128329157829285,39,False,2.1808677796414405e-15,0
syn_K3_m30_s1_cancel,synthetic,cancel,3,30,exp,2048,21,1.5272219182508482,0.0066286660730838776,41,False,1.4539118530942937e-16,0
syn_K3_m30_s1_cancel,synthetic,cancel,3,30,exp,2048,22,1.5272219182508482,0.005913083907216787,37,False,1.4539118530942937e-16,0
syn_K3_m30_s1_cancel,synthetic,cancel,3,30,exp,2048,23,1.5272219182507432,0.005789665970951319,39,False,6.891542183666953e-14,0
syn_K3_m30_s1_cancel,synthetic,cancel,3,30,exp,2048,24,1.5272219182493316,0.005771958269178867,38,False,9.93167186848712e-13,0
syn_K3_m30_s1_cancel,synthetic,cancel,3,30,exp,2048,25,1.5272219182508422,0.006001499947160482,37,False,4.070953188664023e-15,0
syn_K3_m30_s1_cancel,synthetic,cancel,3,30,exp,2048,26,1.5272219182508484,0.0060835001058876514,38,False,0.0,0
syn_K3_m30_s1_cancel,synthetic,cancel,3,30,exp,2048,27,1.527221918250845,0.005948124919086695,39,False,2.1808677796414405e-15,0
syn_K3_m30_s1_cancel,synthetic,cancel,3,30,exp,2048,28,1.5272219182508366,0.006184374913573265,38,False,7.705732821399757e-15,0
syn_K3_m30_s1_cancel,synthetic,cancel,3,30,exp,2048,29,1.5272219182503495,0.005952790845185518,37,False,3.2669399339028784e-13,0
syn_K3_m30_s1_cancel,synthetic,cancel,3,30,exp,2048,30,1.5272219182508469,0.006170082837343216,39,False,1.0177382971660057e-15,0
syn_K3_m30_s1_cancel,synthetic,cancel,3,30,exp,2048,31,1.5272219182508482,0.005802707746624947,38,False,1.4539118530942937e-16,0
syn_K3_m30_s1_cancel,synthetic,cancel,3,30,exp,2048,32,1.5272219182508264,0.005942083895206451,38,False,1.4393727345633508e-14,0
syn_K3_m30_s1_cancel,synthetic,cancel,3,30,exp,2048,33,1.5272219182508482,0.0061696250922977924,39,False,1.4539118530942937e-16,0
syn_K3_m30_s1_cancel,synthetic,cancel,3,30,exp,2048,34,1.5272219182507683,0.0054862922988832,37,False,5.248621789670401e-14,0
syn_K3_m30_s1_cancel,synthetic,cancel,3,30,exp,2048,35,1.527221918250642,0.006155959330499172,39,False,1.3521380233776933e-13,0
syn_K3_m30_s1_cancel,synthetic,cancel,3,30,exp,2048,36,1.5272219182507216,0.006098707672208548,39,False,8.301836681168418e-14,0
syn_K3_m30_s1_cancel,synthetic,cancel,3,30,exp,2048,37,1.5272219182502569,0.005986916832625866,38,False,3.8732211766431986e-13,0
syn_K3_m30_s1_cancel,synthetic,cancel,3,30,exp,2048,38,1.5272219182501325,0.005775040946900845,37,False,4.687411814376003e-13,0
syn_K3_m30_s1_cancel,synthetic,cancel,3,30,exp,2048,39,1.5272219182508484,0.006231582723557949,39,False,0.0,0
syn_K3_m30_s1_cancel,synthetic,cancel,3,30,exp,2048,40,1.5272219182501214,0.005893041845411062,38,False,4.760107407030718e-13,0
syn_K3_m30_s1_cancel,synthetic,cancel,3,30,exp,2048,41,1.5272219182508482,0.0057221669703722,38,False,1.4539118530942937e-16,0
syn_K3_m30_s1_cancel,synthetic,cancel,3,30,exp,2048,42,1.5272219182508484,0.005716749932616949,37,False,0.0,0
syn_K3_m30_s1_cancel,synthetic,cancel,3,30,exp,2048,43,1.5272219182469555,0.00584537535905838,38,False,2.5489982608449157e-12,0
syn_K3_m30_s1_cancel,synthetic,cancel,3,30,exp,2048,44,1.5272219182508484,0.005937333684414625,38,False,0.0,0
syn_K3_m30_s1_cancel,synthetic,cancel,3,30,exp,2048,45,1.5272219182508304,0.0058643752709031105,39,False,1.177668601006378e-14,0
syn_K3_m30_s1_cancel,synthetic,cancel,3,30,exp,2048,46,1.5272219182508482,0.00621100002899766,38,False,1.4539118530942937e-16,0
syn_K3_m30_s1_cancel,synthetic,cancel,3,30,exp,2048,47,1.527221918249059,0.005703166127204895,38,False,1.1717075624086913e-12,0
syn_K3_m30_s1_cancel,synthetic,cancel,3,30,exp,2048,48,1.5272219182508469,0.006065750028938055,39,False,1.0177382971660057e-15,0
syn_K3_m30_s1_cancel,synthetic,cancel,3,30,exp,2048,49,1.5272219182502353,0.005755416117608547,38,False,4.014250626393345e-13,0
syn_K3_m30_s1_cancel,synthetic,cancel,3,30,sobol,128,0,1.527221918250846,0.006201333831995726,41,False,1.5993030384037232e-15,0
syn_K3_m30_s1_cancel,synthetic,cancel,3,30,sobol,128,1,1.527221918250739,0.0052167088724672794,34,False,7.167785435754868e-14,0
syn_K3_m30_s1_cancel,synthetic,cancel,3,30,sobol,128,2,1.527221918250749,0.005131083074957132,35,False,6.513525101862437e-14,0
syn_K3_m30_s1_cancel,synthetic,cancel,3,30,sobol,128,3,1.5272219182508482,0.005472833756357431,37,False,1.4539118530942937e-16,0
syn_K3_m30_s1_cancel,synthetic,cancel,3,30,sobol,128,4,1.527221918250793,0.00537258293479681,36,False,3.634779632735734e-14,0
syn_K3_m30_s1_cancel,synthetic,cancel,3,30,sobol,128,5,1.5272219182508482,0.005660375114530325,38,False,1.4539118530942937e-16,0
syn_K3_m30_s1_cancel,synthetic,cancel,3,30,sobol,128,6,1.527221918250846,0.005562334321439266,39,False,1.5993030384037232e-15,0
syn_K3_m30_s1_cancel,synthetic,cancel,3,30,sobol,128,7,1.527221918250846,0.006831625010818243,42,False,1.5993030384037232e-15,0
syn_K3_m30_s1_cancel,synthetic,cancel,3,30,sobol,128,8,1.5272219182508482,0.006223749835044146,38,False,1.4539118530942937e-16,0
syn_K3_m30_s1_cancel,synthetic,cancel,3,30,sobol,128,9,1.527221918250846,0.005652915686368942,38,False,1.5993030384037232e-15,0
syn_K3_m30_s1_cancel,synthetic,cancel,3,30,sobol,128,10,1.5272219182508255,0.005728290881961584,36,False,1.4975292086871226e-14,0
syn_K3_m30_s1_cancel,synthetic,cancel,3,30,sobol,128,11,1.5272219182508484,0.0058212922886013985,40,False,0.0,0
syn_K3_m30_s1_cancel,synthetic,cancel,3,30,sobol,128,12,1.527221918249694,0.005444500129669905,36,False,7.558887724237234e-13,0
syn_K3_m30_s1_cancel,synthetic,cancel,3,30,sobol,128,13,1.5272219182213491,0.0058257500641047955,38,False,1.931565514191362e-11,0
syn_K3_m30_s1_cancel,synthetic,cancel,3,30,sobol,128,14,1.5272219182508482,0.005585166160017252,38,False,1.4539118530942937e-16,0
syn_K3_m30_s1_cancel,synthetic,cancel,3,30,sobol,128,15,1.527221918250841,0.005898207891732454,38,False,4.7979091152111694e-15,0
syn_K3_m30_s1_cancel,synthetic,cancel,3,30,sobol,128,16,1.527221918250846,0.006071333773434162,40,False,1.5993030384037232e-15,0
syn_K3_m30_s1_cancel,synthetic,cancel,3,30,sobol,128,17,1.5272219182508484,0.0053311665542423725,37,False,0.0,0
syn_K3_m30_s1_cancel,synthetic,cancel,3,30,sobol,128,18,1.5272219182508482,0.0058138747699558735,37,False,1.4539118530942937e-16,0
syn_K3_m30_s1_cancel,synthetic,cancel,3,30,sobol,128,19,1.527221918250846,0.005597584415227175,38,False,1.5993030384037232e-15,0
syn_K3_m30_s1_cancel,synthetic,cancel,3,30,sobol,128,20,1.5272219182508484,0.005219415761530399,36,False,0.0,0
syn_K3_m30_s1_cancel,synthetic,cancel,3,30,sobol,128,21,1.5272219182508484,0.006141290999948978,40,False,0.0,0
syn_K3_m30_s1_cancel,synthetic,cancel,3,30,sobol,128,22,1.5272219182508482,0.005811832845211029,38,False,1.4539118530942937e-16,0
syn_K3_m30_s1_cancel,synthetic,cancel,3,30,sobol,128,23,1.5272219182446096,0.005347333382815123,34,False,4.085056133639037e-12,0
syn_K3_m30_s1_cancel,synthetic,cancel,3,30,sobol,128,24,1.5272219176275825,0.005420791916549206,37,False,4.081043336924497e-10,0
syn_K3_m30_s1_cancel,synthetic,cancel,3,30,sobol,128,25,1.5272219180908897,0.005767417140305042,35,False,1.0473835598505982e-10,0
syn_K3_m30_s1_cancel,synthetic,cancel,3,30,sobol,128,26,1.5272219182492544,0.005828750319778919,36,False,1.0437633193363936e-12,0
syn_K3_m30_s1_cancel,synthetic,cancel,3,30,sobol,128,27,1.5272219182508484,0.005660582799464464,37,False,0.0,0
syn_K3_m30_s1_cancel,synthetic,cancel,3,30,sobol,128,28,1.5272219182508484,0.005869667045772076,38,False,0.0,0
syn_K3_m30_s1_cancel,synthetic,cancel,3,30,sobol,128,29,1.5272219182508482,0.005840249825268984,39,False,1.4539118530942937e-16,0
syn_K3_m30_s1_cancel,synthetic,cancel,3,30,sobol,128,30,1.5272219182506725,0.005654958076775074,37,False,1.1514981876506807e-13,0
syn_K3_m30_s1_cancel,synthetic,cancel,3,30,sobol,128,31,1.5272219182499387,0.005586375016719103,37,False,5.956676862127322e-13,0
syn_K3_m30_s1_cancel,synthetic,cancel,3,30,sobol,128,32,1.527221918250846,0.005945582874119282,39,False,1.5993030384037232e-15,0
syn_K3_m30_s1_cancel,synthetic,cancel,3,30,sobol,128,33,1.527221918250845,0.005676083732396364,37,False,2.1808677796414405e-15,0
syn_K3_m30_s1_cancel,synthetic,cancel,3,30,sobol,128,34,1.527221918250846,0.0055362083949148655,39,False,1.5993030384037232e-15,0
syn_K3_m30_s1_cancel,synthetic,cancel,3,30,sobol,128,35,1.527221918193768,0.005365707911550999,37,False,3.737527583393908e-11,0
syn_K3_m30_s1_cancel,synthetic,cancel,3,30,sobol,128,36,1.527221918250845,0.005993917118757963,39,False,2.1808677796414405e-15,0
syn_K3_m30_s1_cancel,synthetic,cancel,3,30,sobol,128,37,1.5272219182499132,0.00528908334672451,36,False,6.123876725233166e-13,0
syn_K3_m30_s1_cancel,synthetic,cancel,3,30,sobol,128,38,1.5272219181641622,0.0054610418155789375,36,False,5.676071874480123e-11,0
syn_K3_m30_s1_cancel,synthetic,cancel,3,30,sobol,128,39,1.5272219182508484,0.005821750033646822,39,False,0.0,0
syn_K3_m30_s1_cancel,synthetic,cancel,3,30,sobol,128,40,1.5272219182485185,0.005609290674328804,37,False,1.5255897074518425e-12,0
syn_K3_m30_s1_cancel,synthetic,cancel,3,30,sobol,128,41,1.5272219182508484,0.005152582656592131,36,False,0.0,0
syn_K3_m30_s1_cancel,synthetic,cancel,3,30,sobol,128,42,1.527221918250845,0.005732083227485418,39,False,2.1808677796414405e-15,0
syn_K3_m30_s1_cancel,synthetic,cancel,3,30,sobol,128,43,1.5272219182493978,0.00515183387324214,35,False,9.498406136265021e-13,0
syn_K3_m30_s1_cancel,synthetic,cancel,3,30,sobol,128,44,1.5272219182501523,0.005286958068609238,37,False,4.558013659450611e-13,0
syn_K3_m30_s1_cancel,synthetic,cancel,3,30,sobol,128,45,1.5272219182313265,0.0054632918909192085,36,False,1.2782647621219721e-11,0
syn_K3_m30_s1_cancel,synthetic,cancel,3,30,sobol,128,46,1.5272219182508484,0.005553540773689747,38,False,0.0,0
syn_K3_m30_s1_cancel,synthetic,cancel,3,30,sobol,128,47,1.5272219182508484,0.005702374968677759,38,False,0.0,0
syn_K3_m30_s1_cancel,synthetic,cancel,3,30,sobol,128,48,1.5272219182508338,0.005180540960282087,35,False,9.595818230422339e-15,0
syn_K3_m30_s1_cancel,synthetic,cancel,3,30,sobol,128,49,1.527221918250845,0.005949416197836399,38,False,2.1808677796414405e-15,0
syn_K3_m30_s1_cancel,synthetic,cancel,3,30,sobol,512,0,1.527221918250846,0.005667624995112419,37,False,1.5993030384037232e-15,0
syn_K3_m30_s1_cancel,synthetic,cancel,3,30,sobol,512,1,1.5272219182508482,0.005247208755463362,38,False,1.4539118530942937e-16,0
syn_K3_m30_s1_cancel,synthetic,cancel,3,30,sobol,512,2,1.5272219182508482,0.005739791784435511,39,False,1.4539118530942937e-16,0
syn_K3_m30_s1_cancel,synthetic,cancel,3,30,sobol,512,3,1.5272219182508198,0.005439666099846363,35,False,1.875546290491639e-14,0
syn_K3_m30_s1_cancel,synthetic,cancel,3,30,sobol,512,4,1.5272219182491047,0.005253790877759457,36,False,1.141756978234949e-12,0
syn_K3_m30_s1_cancel,synthetic,cancel,3,30,sobol,512,5,1.527221918250675,0.0054953331127762794,35,False,1.1355051572666434e-13,0
syn_K3_m30_s1_cancel,synthetic,cancel,3,30,sobol,512,6,1.527221918250846,0.005627375096082687,38,False,1.5993030384037232e-15,0
syn_K3_m30_s1_cancel,synthetic,cancel,3,30,sobol,512,7,1.5272219182508482,0.0052282908000051975,36,False,1.4539118530942937e-16,0
syn_K3_m30_s1_cancel,synthetic,cancel,3,30,sobol,512,8,1.5272219182508469,0.005426208022981882,37,False,1.0177382971660057e-15,0
syn_K3_m30_s1_cancel,synthetic,cancel,3,30,sobol,512,9,1.5272219182505742,0.00569124985486269,36,False,1.7955811385714529e-13,0
syn_K3_m30_s1_cancel,synthetic,cancel,3,30,sobol,512,10,1.5272219182508484,0.0051569161005318165,37,False,0.0,0
syn_K3_m30_s1_cancel,synthetic,cancel,3,30,sobol,512,11,1.527221918243618,0.005276374984532595,36,False,4.734373167230949e-12,0
syn_K3_m30_s1_cancel,synthetic,cancel,3,30,sobol,512,12,1.5272219182508484,0.00571233406662941,39,False,0.0,0
syn_K3_m30_s1_cancel,synthetic,cancel,3,30,sobol,512,13,1.5272219182508482,0.0052980841137468815,36,False,1.4539118530942937e-16,0
syn_K3_m30_s1_cancel,synthetic,cancel,3,30,sobol,512,14,1.5272219182508482,0.0054809581488370895,36,False,1.4539118530942937e-16,0
syn_K3_m30_s1_cancel,synthetic,cancel,3,30,sobol,512,15,1.5272219182508469,0.005580832716077566,38,False,1.0177382971660057e-15,0
syn_K3_m30_s1_cancel,synthetic,cancel,3,30,sobol,512,16,1.5272219182503588,0.005248500034213066,36,False,3.2058756360729177e-13,0
syn_K3_m30_s1_cancel,synthetic,cancel,3,30,sobol,512,17,1.5272219182507762,0.0052730003371834755,37,False,4.725213522556455e-14,0
syn_K3_m30_s1_cancel,synthetic,cancel,3,30,sobol,512,18,1.5272219182504791,0.0052205827087163925,35,False,2.4178554116958107e-13,0
syn_K3_m30_s1_cancel,synthetic,cancel,3,30,sobol,512,19,1.5272219182507891,0.005118915811181068,36,False,3.8819446477617644e-14,0
syn_K3_m30_s1_cancel,synthetic,cancel,3,30,sobol,512,20,1.527221918250793,0.0057807923294603825,40,False,3.634779632735734e-14,0
syn_K3_m30_s1_cancel,synthetic,cancel,3,30,sobol,512,21,1.527221918250846,0.005551834125071764,38,False,1.5993030384037232e-15,0
syn_K3_m30_s1_cancel,synthetic,cancel,3,30,sobol,512,22,1.5272219182508482,0.005734000355005264,36,False,1.4539118530942937e-16,0
syn_K3_m30_s1_cancel,synthetic,cancel,3,30,sobol,512,23,1.5272219182508469,0.005317999981343746,37,False,1.0177382971660057e-15,0
syn_K3_m30_s1_cancel,synthetic,cancel,3,30,sobol,512,24,1.527221918248876,0.005619791802018881,38,False,1.2915098991036611e-12,0
syn_K3_m30_s1_cancel,synthetic,cancel,3,30,sobol,512,25,1.5272219182508482,0.0059096249751746655,41,False,1.4539118530942937e-16,0
syn_K3_m30_s1_cancel,synthetic,cancel,3,30,sobol,512,26,1.5272219182489217,0.0050447918474674225,35,False,1.2615593149299187e-12,0
syn_K3_m30_s1_cancel,synthetic,cancel,3,30,sobol,512,27,1.5272219182508484,0.005568499676883221,37,False,0.0,0
syn_K3_m30_s1_cancel,synthetic,cancel,3,30,sobol,512,28,1.5272219182508469,0.00519462488591671,36,False,1.0177382971660057e-15,0
syn_K3_m30_s1_cancel,synthetic,cancel,3,30,sobol,512,29,1.527221918250483,0.0052759163081645966,36,False,2.3931389101932074e-13,0
syn_K3_m30_s1_cancel,synthetic,cancel,3,30,sobol,512,30,1.5272219182502493,0.0054234168492257595,36,False,3.922654179648405e-13,0
syn_K3_m30_s1_cancel,synthetic,cancel,3,30,sobol,512,31,1.5272219182508366,0.005327166989445686,35,False,7.705732821399757e-15,0
syn_K3_m30_s1_cancel,synthetic,cancel,3,30,sobol,512,32,1.5272219182507212,0.00512237474322319,35,False,8.330914918230304e-14,0
syn_K3_m30_s1_cancel,synthetic,cancel,3,30,sobol,512,33,1.5272219182504114,0.0053277090191841125,36,False,2.86129852688957e-13,0
syn_K3_m30_s1_cancel,synthetic,cancel,3,30,sobol,512,34,1.5272219182508384,0.005733333062380552,37,False,6.542603338924322e-15,0
syn_K3_m30_s1_cancel,synthetic,cancel,3,30,sobol,512,35,1.5272219182508469,0.005537041928619146,40,False,1.0177382971660057e-15,0
syn_K3_m30_s1_cancel,synthetic,cancel,3,30,sobol,512,36,1.5272219182507143,0.005335458088666201,37,False,8.781627592689535e-14,0
syn_K3_m30_s1_cancel,synthetic,cancel,3,30,sobol,512,37,1.5272219182508484,0.005481916945427656,36,False,0.0,0
syn_K3_m30_s1_cancel,synthetic,cancel,3,30,sobol,512,38,1.527221918250846,0.00557095929980278,37,False,1.5993030384037232e-15,0
syn_K3_m30_s1_cancel,synthetic,cancel,3,30,sobol,512,39,1.527221918250846,0.005273167043924332,36,False,1.5993030384037232e-15,0
syn_K3_m30_s1_cancel,synthetic,cancel,3,30,sobol,512,40,1.5272219182508395,0.005497874692082405,37,False,5.815647412377175e-15,0
syn_K3_m30_s1_cancel,synthetic,cancel,3,30,sobol,512,41,1.527221918250846,0.00583595922216773,38,False,1.5993030384037232e-15,0
syn_K3_m30_s1_cancel,synthetic,cancel,3,30,sobol,512,42,1.5272219182508422,0.005090541206300259,36,False,4.070953188664023e-15,0
syn_K3_m30_s1_cancel,synthetic,cancel,3,30,sobol,512,43,1.527221918249345,0.005216582678258419,36,False,9.844437157301463e-13,0
syn_K3_m30_s1_cancel,synthetic,cancel,3,30,sobol,512,44,1.5272219182506248,0.005126624833792448,35,False,1.464089236065954e-13,0
syn_K3_m30_s1_cancel,synthetic,cancel,3,30,sobol,512,45,1.5272219182485949,0.005181875079870224,36,False,1.4755751397053987e-12,0
syn_K3_m30_s1_cancel,synthetic,cancel,3,30,sobol,512,46,1.5272219182505977,0.005546874832361937,36,False,1.6414664821434576e-13,0
syn_K3_m30_s1_cancel,synthetic,cancel,3,30,sobol,512,47,1.5272219182508482,0.005168540868908167,36,False,1.4539118530942937e-16,0
syn_K3_m30_s1_cancel,synthetic,cancel,3,30,sobol,512,48,1.5272219182508484,0.005113082937896252,36,False,0.0,0
syn_K3_m30_s1_cancel,synthetic,cancel,3,30,sobol,512,49,1.5272219182508442,0.005623999983072281,37,False,2.7624325208791584e-15,0
syn_K3_m30_s1_cancel,synthetic,cancel,3,30,sobol,2048,0,1.5272219182508482,0.006197458133101463,39,False,1.4539118530942937e-16,0
syn_K3_m30_s1_cancel,synthetic,cancel,3,30,sobol,2048,1,1.5272219182508482,0.006041583139449358,39,False,1.4539118530942937e-16,0
syn_K3_m30_s1_cancel,synthetic,cancel,3,30,sobol,2048,2,1.5272219182507805,0.005709291901439428,38,False,4.448970270468539e-14,0
syn_K3_m30_s1_cancel,synthetic,cancel,3,30,sobol,2048,3,1.52722191824654,0.00596500001847744,38,False,2.8210251685588583e-12,0
syn_K3_m30_s1_cancel,synthetic,cancel,3,30,sobol,2048,4,1.5272219182508469,0.005786624737083912,38,False,1.0177382971660057e-15,0
syn_K3_m30_s1_cancel,synthetic,cancel,3,30,sobol,2048,5,1.5272219182508482,0.006009583827108145,39,False,1.4539118530942937e-16,0
syn_K3_m30_s1_cancel,synthetic,cancel,3,30,sobol,2048,6,1.5272219182508482,0.006734583061188459,39,False,1.4539118530942937e-16,0
syn_K3_m30_s1_cancel,synthetic,cancel,3,30,sobol,2048,7,1.5272219182507796,0.006045124959200621,36,False,4.5071267445923105e-14,0
syn_K3_m30_s1_cancel,synthetic,cancel,3,30,sobol,2048,8,1.5272219182508482,0.006245584227144718,38,False,1.4539118530942937e-16,0
syn_K3_m30_s1_cancel,synthetic,cancel,3,30,sobol,2048,9,1.5272219182508375,0.0059019168838858604,39,False,7.12416808016204e-15,0
syn_K3_m30_s1_cancel,synthetic,cancel,3,30,sobol,2048,10,1.5272219182507856,0.006139874923974276,38,False,4.1145705442568516e-14,0
syn_K3_m30_s1_cancel,synthetic,cancel,3,30,sobol,2048,11,1.5272219182492628,0.005883082747459412,38,False,1.0382384542946352e-12,0
syn_K3_m30_s1_cancel,synthetic,cancel,3,30,sobol,2048,12,1.5272219182499083,0.006059542298316956,38,False,6.15586278600124e-13,0
syn_K3_m30_s1_cancel,synthetic,cancel,3,30,sobol,2048,13,1.527221918250846,0.0059495000168681145,38,False,1.5993030384037232e-15,0
syn_K3_m30_s1_cancel,synthetic,cancel,3,30,sobol,2048,14,1.5272219182504223,0.005576041992753744,36,False,2.7900568460879497e-13,0
syn_K3_m30_s1_cancel,synthetic,cancel,3,30,sobol,2048,15,1.5272219182501836,0.005822042003273964,37,False,4.3530120881643156e-13,0
syn_K3_m30_s1_cancel,synthetic,cancel,3,30,sobol,2048,16,1.5272219182508484,0.00583620835095644,39,False,0.0,0
syn_K3_m30_s1_cancel,synthetic,cancel,3,30,sobol,2048,17,1.527221918250843,0.005826249718666077,38,False,3.489388447426305e-15,0
syn_K3_m30_s1_cancel,synthetic,cancel,3,30,sobol,2048,18,1.5272219182488271,0.006091292016208172,37,False,1.3234959598717356e-12,0
syn_K3_m30_s1_cancel,synthetic,cancel,3,30,sobol,2048,19,1.5272219182508484,0.0060703749768435955,39,False,0.0,0
syn_K3_m30_s1_cancel,synthetic,cancel,3,30,sobol,2048,20,1.5272219182500533,0.005746833980083466,37,False,5.206458345930666e-13,0
syn_K3_m30_s1_cancel,synthetic,cancel,3,30,sobol,2048,21,1.5272219182508107,0.005847459193319082,39,False,2.4716501502602995e-14,0
syn_K3_m30_s1_cancel,synthetic,cancel,3,30,sobol,2048,22,1.5272219182503113,0.005839457735419273,38,False,3.5170127726350965e-13,0
syn_K3_m30_s1_cancel,synthetic,cancel,3,30,sobol,2048,23,1.5272219182508482,0.005911499727517366,39,False,1.4539118530942937e-16,0
syn_K3_m30_s1_cancel,synthetic,cancel,3,30,sobol,2048,24,1.527221918250547,0.0056451656855642796,37,False,1.9729583846489566e-13,0
syn_K3_m30_s1_cancel,synthetic,cancel,3,30,sobol,2048,25,1.5272219182508384,0.005848874803632498,38,False,6.542603338924322e-15,0
syn_K3_m30_s1_cancel,synthetic,cancel,3,30,sobol,2048,26,1.5272219182468472,0.005898708011955023,38,False,2.6199491592759172e-12,0
syn_K3_m30_s1_cancel,synthetic,cancel,3,30,sobol,2048,27,1.5272219182508264,0.005992542020976543,38,False,1.4393727345633508e-14,0
syn_K3_m30_s1_cancel,synthetic,cancel,3,30,sobol,2048,28,1.5272219182508384,0.006312957964837551,39,False,6.542603338924322e-15,0
syn_K3_m30_s1_cancel,synthetic,cancel,3,30,sobol,2048,29,1.5272219182508484,0.0061661251820623875,39,False,0.0,0
syn_K3_m30_s1_cancel,synthetic,cancel,3,30,sobol,2048,30,1.5272219182508484,0.0059830001555383205,38,False,0.0,0
syn_K3_m30_s1_cancel,synthetic,cancel,3,30,sobol,2048,31,1.5272219182508469,0.00621462520211935,39,False,1.0177382971660057e-15,0
syn_K3_m30_s1_cancel,synthetic,cancel,3,30,sobol,2048,32,1.5272219182502047,0.005763208027929068,38,False,4.2148904621203575e-13,0
syn_K3_m30_s1_cancel,synthetic,cancel,3,30,sobol,2048,33,1.5272219182507105,0.0057884580455720425,37,False,9.028792607715564e-14,0
syn_K3_m30_s1_cancel,synthetic,cancel,3,30,sobol,2048,34,1.5272219182503624,0.005778999999165535,37,False,3.182613046423409e-13,0
syn_K3_m30_s1_cancel,synthetic,cancel,3,30,sobol,2048,35,1.5272219182508469,0.0061034997925162315,38,False,1.0177382971660057e-15,0
syn_K3_m30_s1_cancel,synthetic,cancel,3,30,sobol,2048,36,1.5272219182508031,0.005999375134706497,38,False,2.9659801803123594e-14,0
syn_K3_m30_s1_cancel,synthetic,cancel,3,30,sobol,2048,37,1.5272219182508469,0.00591095769777894,39,False,1.0177382971660057e-15,0
syn_K3_m30_s1_cancel,synthetic,cancel,3,30,sobol,2048,38,1.5272219182508484,0.00598154217004776,39,False,0.0,0
syn_K3_m30_s1_cancel,synthetic,cancel,3,30,sobol,2048,39,1.5272219182508469,0.006344249937683344,39,False,1.0177382971660057e-15,0
syn_K3_m30_s1_cancel,synthetic,cancel,3,30,sobol,2048,40,1.527221918249848,0.005914625246077776,38,False,6.549872898189793e-13,0
syn_K3_m30_s1_cancel,synthetic,cancel,3,30,sobol,2048,41,1.5272219182497293,0.005847207736223936,38,False,7.32771573959524e-13,0
syn_K3_m30_s1_cancel,synthetic,cancel,3,30,sobol,2048,42,1.5272219182508326,0.006098791025578976,39,False,1.0322774156969486e-14,0
syn_K3_m30_s1_cancel,synthetic,cancel,3,30,sobol,2048,43,1.5272219182508482,0.00599208427593112,39,False,1.4539118530942937e-16,0
syn_K3_m30_s1_cancel,synthetic,cancel,3,30,sobol,2048,44,1.5272219182506919,0.006089374888688326,38,False,1.0250078564314772e-13,0
syn_K3_m30_s1_cancel,synthetic,cancel,3,30,sobol,2048,45,1.5272219182508482,0.005830292124301195,39,False,1.4539118530942937e-16,0
syn_K3_m30_s1_cancel,synthetic,cancel,3,30,sobol,2048,46,1.527221918250515,0.005719583015888929,37,False,2.1837756033476292e-13,0
syn_K3_m30_s1_cancel,synthetic,cancel,3,30,sobol,2048,47,1.5272219182508484,0.00598183274269104,39,False,0.0,0
syn_K3_m30_s1_cancel,synthetic,cancel,3,30,sobol,2048,48,1.527221918250843,0.0058528343215584755,38,False,3.489388447426305e-15,0
syn_K3_m30_s1_cancel,synthetic,cancel,3,30,sobol,2048,49,1.5272219182508482,0.005722875241190195,37,False,1.4539118530942937e-16,0
syn_K3_m30_s2_gauss,synthetic,gauss,3,30,exp,128,0,14.469712273400136,0.003388542216271162,17,False,0.0,0
syn_K3_m30_s2_gauss,synthetic,gauss,3,30,exp,128,1,14.469712273400136,0.0030387500301003456,17,False,0.0,0
syn_K3_m30_s2_gauss,synthetic,gauss,3,30,exp,128,2,14.469712273400136,0.0031886668875813484,17,False,0.0,0
syn_K3_m30_s2_gauss,synthetic,gauss,3,30,exp,128,3,14.469712273400136,0.0029765828512609005,17,False,0.0,0
syn_K3_m30_s2_gauss,synthetic,gauss,3,30,exp,128,4,14.469712273400136,0.002775666769593954,17,False,0.0,0
syn_K3_m30_s2_gauss,synthetic,gauss,3,30,exp,128,5,14.469712273400136,0.002978334203362465,17,False,0.0,0
syn_K3_m30_s2_gauss,synthetic,gauss,3,30,exp,128,6,14.469712273400136,0.0028650001622736454,17,False,0.0,0
syn_K3_m30_s2_gauss,synthetic,gauss,3,30,exp,128,7,14.469712273400136,0.002774875145405531,17,False,0.0,0
syn_K3_m30_s2_gauss,synthetic,gauss,3,30,exp,128,8,14.469712273400136,0.003013374749571085,17,False,0.0,0
syn_K3_m30_s2_gauss,synthetic,gauss,3,30,exp,128,9,14.469712273400136,0.0029345001094043255,17,False,0.0,0
syn_K3_m30_s2_gauss,synthetic,gauss,3,30,exp,128,10,14.469712273400136,0.0027379170060157776,17,False,0.0,0
syn_K3_m30_s2_gauss,synthetic,gauss,3,30,exp,128,11,14.469712273400136,0.0028973338194191456,17,False,0.0,0
syn_K3_m30_s2_gauss,synthetic,gauss,3,30,exp,128,12,14.469712273400136,0.0028692088089883327,17,False,0.0,0
syn_K3_m30_s2_gauss,synthetic,gauss,3,30,exp,128,13,14.469712273400136,0.00291266618296504,17,False,0.0,0
syn_K3_m30_s2_gauss,synthetic,gauss,3,30,exp,128,14,14.469712273400136,0.003024917095899582,17,False,0.0,0
syn_K3_m30_s2_gauss,synthetic,gauss,3,30,exp,128,15,14.469712273400136,0.002956958021968603,17,False,0.0,0
syn_K3_m30_s2_gauss,synthetic,gauss,3,30,exp,128,16,14.469712273400136,0.0028795828111469746,17,False,0.0,0
syn_K3_m30_s2_gauss,synthetic,gauss,3,30,exp,128,17,14.469712273400136,0.002998875454068184,17,False,0.0,0
syn_K3_m30_s2_gauss,synthetic,gauss,3,30,exp,128,18,14.469712273400136,0.0028278338722884655,17,False,0.0,0
syn_K3_m30_s2_gauss,synthetic,gauss,3,30,exp,128,19,14.469712273400136,0.0030107502825558186,17,False,0.0,0
syn_K3_m30_s2_gauss,synthetic,gauss,3,30,exp,128,20,14.469712273400136,0.0028861253522336483,17,False,0.0,0
syn_K3_m30_s2_gauss,synthetic,gauss,3,30,exp,128,21,14.469712273400136,0.0027338750660419464,17,False,0.0,0
syn_K3_m30_s2_gauss,synthetic,gauss,3,30,exp,128,22,14.469712273400136,0.0029649590142071247,17,False,0.0,0
syn_K3_m30_s2_gauss,synthetic,gauss,3,30,exp,128,23,14.469712273400136,0.0027947910130023956,17,False,0.0,0
syn_K3_m30_s2_gauss,synthetic,gauss,3,30,exp,128,24,14.469712273400136,0.0027787908911705017,17,False,0.0,0
syn_K3_m30_s2_gauss,synthetic,gauss,3,30,exp,128,25,14.469712273400136,0.002914457581937313,17,False,0.0,0
syn_K3_m30_s2_gauss,synthetic,gauss,3,30,exp,128,26,14.469712273400136,0.0029754173010587692,17,False,0.0,0
syn_K3_m30_s2_gauss,synthetic,gauss,3,30,exp,128,27,14.469712273400136,0.0026982082054018974,17,False,0.0,0
syn_K3_m30_s2_gauss,synthetic,gauss,3,30,exp,128,28,14.469712273400136,0.003069249913096428,17,False,0.0,0
syn_K3_m30_s2_gauss,synthetic,gauss,3,30,exp,128,29,14.469712273400136,0.0029825419187545776,17,False,0.0,0
syn_K3_m30_s2_gauss,synthetic,gauss,3,30,exp,128,30,14.469712273400136,0.0027999579906463623,17,False,0.0,0
syn_K3_m30_s2_gauss,synthetic,gauss,3,30,exp,128,31,14.469712273400136,0.0029732920229434967,17,False,0.0,0
syn_K3_m30_s2_gauss,synthetic,gauss,3,30,exp,128,32,14.469712273400136,0.002848207950592041,17,False,0.0,0
syn_K3_m30_s2_gauss,synthetic,gauss,3,30,exp,128,33,14.469712273400136,0.00315662520006299,17,False,0.0,0
syn_K3_m30_s2_gauss,synthetic,gauss,3,30,exp,128,34,14.469712273400136,0.003119874745607376,17,False,0.0,0
syn_K3_m30_s2_gauss,synthetic,gauss,3,30,exp,128,35,14.469712273400136,0.003076625056564808,17,False,0.0,0
syn_K3_m30_s2_gauss,synthetic,gauss,3,30,exp,128,36,14.469712273400136,0.0030485838651657104,17,False,0.0,0
syn_K3_m30_s2_gauss,synthetic,gauss,3,30,exp,128,37,14.469712273400136,0.0028346246108412743,17,False,0.0,0
syn_K3_m30_s2_gauss,synthetic,gauss,3,30,exp,128,38,14.469712273400136,0.0027261250652372837,17,False,0.0,0
syn_K3_m30_s2_gauss,synthetic,gauss,3,30,exp,128,39,14.469712273400136,0.003119375091046095,17,False,0.0,0
syn_K3_m30_s2_gauss,synthetic,gauss,3,30,exp,128,40,14.469712273400136,0.0028263749554753304,17,False,0.0,0
syn_K3_m30_s2_gauss,synthetic,gauss,3,30,exp,128,41,14.469712273400136,0.0027490416541695595,17,False,0.0,0
syn_K3_m30_s2_gauss,synthetic,gauss,3,30,exp,128,42,14.469712273400136,0.0030298330821096897,17,False,0.0,0
syn_K3_m30_s2_gauss,synthetic,gauss,3,30,exp,128,43,14.469712273400136,0.0028237500227987766,17,False,0.0,0
syn_K3_m30_s2_gauss,synthetic,gauss,3,30,exp,128,44,14.469712273400136,0.002938457764685154,17,False,0.0,0
syn_K3_m30_s2_gauss,synthetic,gauss,3,30,exp,128,45,14.469712273400136,0.0029848748818039894,17,False,0.0,0
syn_K3_m30_s2_gauss,synthetic,gauss,3,30,exp,128,46,14.469712273400136,0.002862832974642515,17,False,0.0,0
syn_K3_m30_s2_gauss,synthetic,gauss,3,30,exp,128,47,14.469712273400136,0.002967500127851963,17,False,0.0,0
syn_K3_m30_s2_gauss,synthetic,gauss,3,30,exp,128,48,14.469712273400136,0.002951167058199644,17,False,0.0,0
syn_K3_m30_s2_gauss,synthetic,gauss,3,30,exp,128,49,14.469712273400136,0.0030294996686279774,17,False,0.0,0
syn_K3_m30_s2_gauss,synthetic,gauss,3,30,exp,512,0,14.469712273400136,0.0030860421247780323,17,False,0.0,0
syn_K3_m30_s2_gauss,synthetic,gauss,3,30,exp,512,1,14.469712273400136,0.0028747497126460075,17,False,0.0,0
syn_K3_m30_s2_gauss,synthetic,gauss,3,30,exp,512,2,14.469712273400136,0.002875582780689001,17,False,0.0,0
syn_K3_m30_s2_gauss,synthetic,gauss,3,30,exp,512,3,14.469712273400136,0.003023166675120592,17,False,0.0,0
syn_K3_m30_s2_gauss,synthetic,gauss,3,30,exp,512,4,14.469712273400136,0.0027906252071261406,17,False,0.0,0
syn_K3_m30_s2_gauss,synthetic,gauss,3,30,exp,512,5,14.469712273400136,0.0030863750725984573,17,False,0.0,0
syn_K3_m30_s2_gauss,synthetic,gauss,3,30,exp,512,6,14.469712273400136,0.002885499969124794,17,False,0.0,0
syn_K3_m30_s2_gauss,synthetic,gauss,3,30,exp,512,7,14.469712273400136,0.0027450420893728733,17,False,0.0,0
syn_K3_m30_s2_gauss,synthetic,gauss,3,30,exp,512,8,14.469712273400136,0.002776999957859516,17,False,0.0,0
syn_K3_m30_s2_gauss,synthetic,gauss,3,30,exp,512,9,14.469712273400136,0.00302079226821661,17,False,0.0,0
syn_K3_m30_s2_gauss,synthetic,gauss,3,30,exp,512,10,14.469712273400136,0.0027916249819099903,17,False,0.0,0
syn_K3_m30_s2_gauss,synthetic,gauss,3,30,exp,512,11,14.469712273400136,0.003107792232185602,17,False,0.0,0
syn_K3_m30_s2_gauss,synthetic,gauss,3,30,exp,512,12,14.469712273400136,0.0031865411438047886,17,False,0.0,0
syn_K3_m30_s2_gauss,synthetic,gauss,3,30,exp,512,13,14.469712273400136,0.002813667058944702,17,False,0.0,0
syn_K3_m30_s2_gauss,synthetic,gauss,3,30,exp,512,14,14.469712273400136,0.0030384589917957783,17,False,0.0,0
syn_K3_m30_s2_gauss,synthetic,gauss,3,30,exp,512,15,14.469712273400136,0.0031089172698557377,17,False,0.0,0
syn_K3_m30_s2_gauss,synthetic,gauss,3,30,exp,512,16,14.469712273400136,0.002850624732673168,17,False,0.0,0
syn_K3_m30_s2_gauss,synthetic,gauss,3,30,exp,512,17,14.469712273400136,0.002995207905769348,17,False,0.0,0
syn_K3_m30_s2_gauss,synthetic,gauss,3,30,exp,512,18,14.469712273400136,0.0027057076804339886,17,False,0.0,0
syn_K3_m30_s2_gauss,synthetic,gauss,3,30,exp,512,19,14.469712273400136,0.003376125358045101,17,False,0.0,0
syn_K3_m30_s2_gauss,synthetic,gauss,3,30,exp,512,20,14.469712273400136,0.0028094169683754444,17,False,0.0,0
syn_K3_m30_s2_gauss,synthetic,gauss,3,30,exp,512,21,14.469712273400136,0.002898041158914566,17,False,0.0,0
syn_K3_m30_s2_gauss,synthetic,gauss,3,30,exp,512,22,14.469712273400136,0.003502457868307829,17,False,0.0,0
syn_K3_m30_s2_gauss,synthetic,gauss,3,30,exp,512,23,14.469712273400136,0.003126374911516905,17,False,0.0,0
syn_K3_m30_s2_gauss,synthetic,gauss,3,30,exp,512,24,14.469712273400136,0.0028744167648255825,17,False,0.0,0
syn_K3_m30_s2_gauss,synthetic,gauss,3,30,exp,512,25,14.469712273400136,0.003610665909945965,17,False,0.0,0
syn_K3_m30_s2_gauss,synthetic,gauss,3,30,exp,512,26,14.469712273400136,0.0028796670958399773,17,False,0.0,0
syn_K3_m30_s2_gauss,synthetic,gauss,3,30,exp,512,27,14.469712273400136,0.002972208894789219,17,False,0.0,0
syn_K3_m30_s2_gauss,synthetic,gauss,3,30,exp,512,28,14.469712273400136,0.0031673749908804893,17,False,0.0,0
syn_K3_m30_s2_gauss,synthetic,gauss,3,30,exp,512,29,14.469712273400136,0.0029192501679062843,17,False,0.0,0
syn_K3_m30_s2_gauss,synthetic,gauss,3,30,exp,512,30,14.469712273400136,0.0029606251046061516,17,False,0.0,0
syn_K3_m30_s2_gauss,synthetic,gauss,3,30,exp,512,31,14.469712273400136,0.002910332754254341,17,False,0.0,0
syn_K3_m30_s2_gauss,synthetic,gauss,3,30,exp,512,32,14.469712273400136,0.0030757500790059566,17,False,0.0,0
syn_K3_m30_s2_gauss,synthetic,gauss,3,30,exp,512,33,14.469712273400136,0.0031414171680808067,17,False,0.0,0
syn_K3_m30_s2_gauss,synthetic,gauss,3,30,exp,512,34,14.469712273400136,0.0028757909312844276,17,False,0.0,0
syn_K3_m30_s2_gauss,synthetic,gauss,3,30,exp,512,35,14.469712273400136,0.0030337502248585224,17,False,0.0,0
syn_K3_m30_s2_gauss,synthetic,gauss,3,30,exp,512,36,14.469712273400136,0.0029172920621931553,17,False,0.0,0
syn_K3_m30_s2_gauss,synthetic,gauss,3,30,exp,512,37,14.469712273400136,0.0027620000764727592,17,False,0.0,0
syn_K3_m30_s2_gauss,synthetic,gauss,3,30,exp,512,38,14.469712273400136,0.003043042030185461,17,False,0.0,0
syn_K3_m30_s2_gauss,synthetic,gauss,3,30,exp,512,39,14.469712273400136,0.0030354997143149376,17,False,0.0,0
syn_K3_m30_s2_gauss,synthetic,gauss,3,30,exp,512,40,14.469712273400136,0.002809208817780018,17,False,0.0,0
syn_K3_m30_s2_gauss,synthetic,gauss,3,30,exp,512,41,14.469712273400136,0.002839832566678524,17,False,0.0,0
syn_K3_m30_s2_gauss,synthetic,gauss,3,30,exp,512,42,14.469712273400136,0.003172166645526886,17,False,0.0,0
syn_K3_m30_s2_gauss,synthetic,gauss,3,30,exp,512,43,14.469712273400136,0.002871125005185604,17,False,0.0,0
syn_K3_m30_s2_gauss,synthetic,gauss,3,30,exp,512,44,14.469712273400136,0.003010708373039961,17,False,0.0,0
syn_K3_m30_s2_gauss,synthetic,gauss,3,30,exp,512,45,14.469712273400136,0.003034417051821947,17,False,0.0,0
syn_K3_m30_s2_gauss,synthetic,gauss,3,30,exp,512,46,14.469712273400136,0.0029452089220285416,17,False,0.0,0
syn_K3_m30_s2_gauss,synthetic,gauss,3,30,exp,512,47,14.469712273400136,0.003021958749741316,17,False,0.0,0
syn_K3_m30_s2_gauss,synthetic,gauss,3,30,exp,512,48,14.469712273400136,0.00282175000756979,17,False,0.0,0
syn_K3_m30_s2_gauss,synthetic,gauss,3,30,exp,512,49,14.469712273400136,0.003466375172138214,17,False,0.0,0
syn_K3_m30_s2_gauss,synthetic,gauss,3,30,exp,2048,0,14.469712273400136,0.003418292384594679,17,False,0.0,0
syn_K3_m30_s2_gauss,synthetic,gauss,3,30,exp,2048,1,14.469712273400136,0.0032798340544104576,17,False,0.0,0
syn_K3_m30_s2_gauss,synthetic,gauss,3,30,exp,2048,2,14.469712273400136,0.00320674991235137,17,False,0.0,0
syn_K3_m30_s2_gauss,synthetic,gauss,3,30,exp,2048,3,14.469712273400136,0.003111541736871004,17,False,0.0,0
syn_K3_m30_s2_gauss,synthetic,gauss,3,30,exp,2048,4,14.469712273400136,0.003314791712909937,18,False,0.0,0
syn_K3_m30_s2_gauss,synthetic,gauss,3,30,exp,2048,5,14.469712273400136,0.0031767082400619984,17,False,0.0,0
syn_K3_m30_s2_gauss,synthetic,gauss,3,30,exp,2048,6,14.469712273400136,0.0031667910516262054,18,False,0.0,0
syn_K3_m30_s2_gauss,synthetic,gauss,3,30,exp,2048,7,14.469712273400136,0.003543249797075987,17,False,0.0,0
syn_K3_m30_s2_gauss,synthetic,gauss,3,30,exp,2048,8,14.469712273400136,0.0033367080613970757,18,False,0.0,0
syn_K3_m30_s2_gauss,synthetic,gauss,3,30,exp,2048,9,14.469712273400136,0.0035995407961308956,17,False,0.0,0
syn_K3_m30_s2_gauss,synthetic,gauss,3,30,exp,2048,10,14.469712273400136,0.0033571659587323666,17,False,0.0,0
syn_K3_m30_s2_gauss,synthetic,gauss,3,30,exp,2048,11,14.469712273400136,0.003427875228226185,18,False,0.0,0
syn_K3_m30_s2_gauss,synthetic,gauss,3,30,exp,2048,12,14.469712273400136,0.0033624996431171894,17,False,0.0,0
syn_K3_m30_s2_gauss,synthetic,gauss,3,30,exp,2048,13,14.469712273400136,0.003169749863445759,17,False,0.0,0
syn_K3_m30_s2_gauss,synthetic,gauss,3,30,exp,2048,14,14.469712273400136,0.003462041262537241,18,False,0.0,0
syn_K3_m30_s2_gauss,synthetic,gauss,3,30,exp,2048,15,14.469712273400136,0.00312604196369648,17,False,0.0,0
syn_K3_m30_s2_gauss,synthetic,gauss,3,30,exp,2048,16,14.469712273400136,0.003386999946087599,18,False,0.0,0
syn_K3_m30_s2_gauss,synthetic,gauss,3,30,exp,2048,17,14.469712273400136,0.0031552501022815704,17,False,0.0,0
syn_K3_m30_s2_gauss,synthetic,gauss,3,30,exp,2048,18,14.469712273400136,0.003184707835316658,18,False,0.0,0
syn_K3_m30_s2_gauss,synthetic,gauss,3,30,exp,2048,19,14.469712273400136,0.0034400420263409615,18,False,0.0,0
syn_K3_m30_s2_gauss,synthetic,gauss,3,30,exp,2048,20,14.469712273400136,0.003288125153630972,18,False,0.0,0
syn_K3_m30_s2_gauss,synthetic,gauss,3,30,exp,2048,21,14.469712273400136,0.003302500117570162,17,False,0.0,0
syn_K3_m30_s2_gauss,synthetic,gauss,3,30,exp,2048,22,14.469712273400136,0.003492749761790037,17,False,0.0,0
syn_K3_m30_s2_gauss,synthetic,gauss,3,30,exp,2048,23,14.469712273400136,0.0032827076502144337,18,False,0.0,0
syn_K3_m30_s2_gauss,synthetic,gauss,3,30,exp,2048,24,14.469712273400136,0.0033342079259455204,17,False,0.0,0
syn_K3_m30_s2_gauss,synthetic,gauss,3,30,exp,2048,25,14.469712273400136,0.0033849161118268967,18,False,0.0,0
syn_K3_m30_s2_gauss,synthetic,gauss,3,30,exp,2048,26,14.469712273400136,0.0033446657471358776,18,False,0.0,0
syn_K3_m30_s2_gauss,synthetic,gauss,3,30,exp,2048,27,14.469712273400136,0.0033217500895261765,18,False,0.0,0
syn_K3_m30_s2_gauss,synthetic,gauss,3,30,exp,2048,28,14.469712273400136,0.003365625161677599,17,False,0.0,0
syn_K3_m30_s2_gauss,synthetic,gauss,3,30,exp,2048,29,14.469712273400136,0.0033405832946300507,17,False,0.0,0
syn_K3_m30_s2_gauss,synthetic,gauss,3,30,exp,2048,30,14.469712273400136,0.003183999564498663,18,False,0.0,0
syn_K3_m30_s2_gauss,synthetic,gauss,3,30,exp,2048,31,14.469712273400136,0.0033765831030905247,18,False,0.0,0
syn_K3_m30_s2_gauss,synthetic,gauss,3,30,exp,2048,32,14.469712273400136,0.003322875127196312,17,False,0.0,0
syn_K3_m30_s2_gauss,synthetic,gauss,3,30,exp,2048,33,14.469712273400136,0.0031162500381469727,18,False,0.0,0
syn_K3_m30_s2_gauss,synthetic,gauss,3,30,exp,2048,34,14.469712273400136,0.0035097082145512104,18,False,0.0,0
syn_K3_m30_s2_gauss,synthetic,gauss,3,30,exp,2048,35,14.469712273400136,0.0033577498979866505,18,False,0.0,0
syn_K3_m30_s2_gauss,synthetic,gauss,3,30,exp,2048,36,14.469712273400136,0.003332541324198246,17,False,0.0,0
syn_K3_m30_s2_gauss,synthetic,gauss,3,30,exp,2048,37,14.469712273400136,0.003572000190615654,17,False,0.0,0
syn_K3_m30_s2_gauss,synthetic,gauss,3,30,exp,2048,38,14.469712273400136,0.0035152919590473175,17,False,0.0,0
syn_K3_m30_s2_gauss,synthetic,gauss,3,30,exp,2048,39,14.469712273400136,0.0034313336946070194,17,False,0.0,0
syn_K3_m30_s2_gauss,synthetic,gauss,3,30,exp,2048,40,14.469712273400136,0.0033862083218991756,18,False,0.0,0
syn_K3_m30_s2_gauss,synthetic,gauss,3,30,exp,2048,41,14.469712273400136,0.003461875021457672,18,False,0.0,0
syn_K3_m30_s2_gauss,synthetic,gauss,3,30,exp,2048,42,14.469712273400136,0.003106167074292898,17,False,0.0,0
syn_K3_m30_s2_gauss,synthetic,gauss,3,30,exp,2048,43,14.469712273400136,0.003415999934077263,18,False,0.0,0
syn_K3_m30_s2_gauss,synthetic,gauss,3,30,exp,2048,44,14.469712273400136,0.0035547916777431965,18,False,0.0,0
syn_K3_m30_s2_gauss,synthetic,gauss,3,30,exp,2048,45,14.469712273400136,0.0033084172755479813,18,False,0.0,0
syn_K3_m30_s2_gauss,synthetic,gauss,3,30,exp,2048,46,14.469712273400136,0.0033979997970163822,17,False,0.0,0
syn_K3_m30_s2_gauss,synthetic,gauss,3,30,exp,2048,47,14.469712273400136,0.0032695000991225243,18,False,0.0,0
syn_K3_m30_s2_gauss,synthetic,gauss,3,30,exp,2048,48,14.469712273400136,0.0034352922812104225,17,False,0.0,0
syn_K3_m30_s2_gauss,synthetic,gauss,3,30,exp,2048,49,14.469712273400136,0.0035887081176042557,18,False,0.0,0
syn_K3_m30_s2_gauss,synthetic,gauss,3,30,sobol,128,0,14.469712273400136,0.00306320795789361,17,False,0.0,0
syn_K3_m30_s2_gauss,synthetic,gauss,3,30,sobol,128,1,14.469712273400136,0.0030095423571765423,17,False,0.0,0
syn_K3_m30_s2_gauss,synthetic,gauss,3,30,sobol,128,2,14.469712273400136,0.0029445830732584,17,False,0.0,0
syn_K3_m30_s2_gauss,synthetic,gauss,3,30,sobol,128,3,14.469712273400136,0.0031284159049391747,17,False,0.0,0
syn_K3_m30_s2_gauss,synthetic,gauss,3,30,sobol,128,4,14.469712273400136,0.0029569161124527454,17,False,0.0,0
syn_K3_m30_s2_gauss,synthetic,gauss,3,30,sobol,128,5,14.469712273400136,0.0029085418209433556,17,False,0.0,0
syn_K3_m30_s2_gauss,synthetic,gauss,3,30,sobol,128,6,14.469712273400136,0.002954916562885046,17,False,0.0,0
syn_K3_m30_s2_gauss,synthetic,gauss,3,30,sobol,128,7,14.469712273400136,0.0027089579962193966,17,False,0.0,0
syn_K3_m30_s2_gauss,synthetic,gauss,3,30,sobol,128,8,14.469712273400136,0.0028983750380575657,17,False,0.0,0
syn_K3_m30_s2_gauss,synthetic,gauss,3,30,sobol,128,9,14.469712273400136,0.0031057922169566154,17,False,0.0,0
syn_K3_m30_s2_gauss,synthetic,gauss,3,30,sobol,128,10,14.469712273400136,0.0029102079570293427,17,False,0.0,0
syn_K3_m30_s2_gauss,synthetic,gauss,3,30,sobol,128,11,14.469712273400136,0.0032144999131560326,17,False,0.0,0
syn_K3_m30_s2_gauss,synthetic,gauss,3,30,sobol,128,12,14.469712273400136,0.0029542092233896255,17,False,0.0,0
syn_K3_m30_s2_gauss,synthetic,gauss,3,30,sobol,128,13,14.469712273400136,0.0031047919765114784,17,False,0.0,0
syn_K3_m30_s2_gauss,synthetic,gauss,3,30,sobol,128,14,14.469712273400136,0.002989416942000389,17,False,0.0,0
syn_K3_m30_s2_gauss,synthetic,gauss,3,30,sobol,128,15,14.469712273400136,0.002945832908153534,17,False,0.0,0
syn_K3_m30_s2_gauss,synthetic,gauss,3,30,sobol,128,16,14.469712273400136,0.0030627502128481865,17,False,0.0,0
syn_K3_m30_s2_gauss,synthetic,gauss,3,30,sobol,128,17,14.469712273400136,0.0028547076508402824,17,False,0.0,0
syn_K3_m30_s2_gauss,synthetic,gauss,3,30,sobol,128,18,14.469712273400136,0.0030623748898506165,17,False,0.0,0
syn_K3_m30_s2_gauss,synthetic,gauss,3,30,sobol,128,19,14.469712273400136,0.0032997499220073223,17,False,0.0,0
syn_K3_m30_s2_gauss,synthetic,gauss,3,30,sobol,128,20,14.469712273400136,0.0030185841023921967,17,False,0.0,0
syn_K3_m30_s2_gauss,synthetic,gauss,3,30,sobol,128,21,14.469712273400136,0.0031001251190900803,17,False,0.0,0
syn_K3_m30_s2_gauss,synthetic,gauss,3,30,sobol,128,22,14.469712273400136,0.0029003340750932693,17,False,0.0,0
syn_K3_m30_s2_gauss,synthetic,gauss,3,30,sobol,128,23,14.469712273400136,0.003056582994759083,17,False,0.0,0
syn_K3_m30_s2_gauss,synthetic,gauss,3,30,sobol,128,24,14.469712273400136,0.0031281253322958946,17,False,0.0,0
syn_K3_m30_s2_gauss,synthetic,gauss,3,30,sobol,128,25,14.469712273400136,0.0029481668025255203,17,False,0.0,0
syn_K3_m30_s2_gauss,synthetic,gauss,3,30,sobol,128,26,14.469712273400136,0.0029355413280427456,17,False,0.0,0
syn_K3_m30_s2_gauss,synthetic,gauss,3,30,sobol,128,27,14.469712273400136,0.0030678343027830124,17,False,0.0,0
syn_K3_m30_s2_gauss,synthetic,gauss,3,30,sobol,128,28,14.469712273400136,0.0029095825739204884,17,False,0.0,0
syn_K3_m30_s2_gauss,synthetic,gauss,3,30,sobol,128,29,14.469712273400136,0.0028668749146163464,17,False,0.0,0
syn_K3_m30_s2_gauss,synthetic,gauss,3,30,sobol,128,30,14.469712273400136,0.002947041764855385,17,False,0.0,0
syn_K3_m30_s2_gauss,synthetic,gauss,3,30,sobol,128,31,14.469712273400136,0.003003124613314867,17,False,0.0,0
syn_K3_m30_s2_gauss,synthetic,gauss,3,30,sobol,128,32,14.469712273400136,0.0029883752577006817,17,False,0.0,0
syn_K3_m30_s2_gauss,synthetic,gauss,3,30,sobol,128,33,14.469712273400136,0.0029825828969478607,17,False,0.0,0
syn_K3_m30_s2_gauss,synthetic,gauss,3,30,sobol,128,34,14.469712273400136,0.003204084001481533,17,False,0.0,0
syn_K3_m30_s2_gauss,synthetic,gauss,3,30,sobol,128,35,14.469712273400136,0.002924333792179823,17,False,0.0,0
syn_K3_m30_s2_gauss,synthetic,gauss,3,30,sobol,128,36,14.469712273400136,0.003050542436540127,17,False,0.0,0
syn_K3_m30_s2_gauss,synthetic,gauss,3,30,sobol,128,37,14.469712273400136,0.003047583159059286,17,False,0.0,0
syn_K3_m30_s2_gauss,synthetic,gauss,3,30,sobol,128,38,14.469712273400136,0.0028084577061235905,17,False,0.0,0
syn_K3_m30_s2_gauss,synthetic,gauss,3,30,sobol,128,39,14.469712273400136,0.0030988752841949463,17,False,0.0,0
syn_K3_m30_s2_gauss,synthetic,gauss,3,30,sobol,128,40,14.469712273400136,0.0029385830275714397,17,False,0.0,0
syn_K3_m30_s2_gauss,synthetic,gauss,3,30,sobol,128,41,14.469712273400136,0.002993333153426647,17,False,0.0,0
syn_K3_m30_s2_gauss,synthetic,gauss,3,30,sobol,128,42,14.469712273400136,0.0030658328905701637,17,False,0.0,0
syn_K3_m30_s2_gauss,synthetic,gauss,3,30,sobol,128,43,14.469712273400136,0.003053166437894106,17,False,0.0,0
syn_K3_m30_s2_gauss,synthetic,gauss,3,30,sobol,128,44,14.469712273400136,0.002901500090956688,17,False,0.0,0
syn_K3_m30_s2_gauss,synthetic,gauss,3,30,sobol,128,45,14.469712273400136,0.0029718750156462193,17,False,0.0,0
syn_K3_m30_s2_gauss,synthetic,gauss,3,30,sobol,128,46,14.469712273400136,0.003118957858532667,17,False,0.0,0
syn_K3_m30_s2_gauss,synthetic,gauss,3,30,sobol,128,47,14.469712273400136,0.00302145816385746,17,False,0.0,0
syn_K3_m30_s2_gauss,synthetic,gauss,3,30,sobol,128,48,14.469712273400136,0.0027749580331146717,17,False,0.0,0
syn_K3_m30_s2_gauss,synthetic,gauss,3,30,sobol,128,49,14.469712273400136,0.0037724999710917473,17,False,0.0,0
syn_K3_m30_s2_gauss,synthetic,gauss,3,30,sobol,512,0,14.469712273400136,0.002988833002746105,17,False,0.0,0
syn_K3_m30_s2_gauss,synthetic,gauss,3,30,sobol,512,1,14.469712273400136,0.003441167064011097,17,False,0.0,0
syn_K3_m30_s2_gauss,synthetic,gauss,3,30,sobol,512,2,14.469712273400136,0.002867333125323057,17,False,0.0,0
syn_K3_m30_s2_gauss,synthetic,gauss,3,30,sobol,512,3,14.469712273400136,0.0027758749201893806,17,False,0.0,0
syn_K3_m30_s2_gauss,synthetic,gauss,3,30,sobol,512,4,14.469712273400136,0.0034838328137993813,17,False,0.0,0
syn_K3_m30_s2_gauss,synthetic,gauss,3,30,sobol,512,5,14.469712273400136,0.002874332945793867,17,False,0.0,0
syn_K3_m30_s2_gauss,synthetic,gauss,3,30,sobol,512,6,14.469712273400136,0.003057125024497509,17,False,0.0,0
syn_K3_m30_s2_gauss,synthetic,gauss,3,30,sobol,512,7,14.469712273400136,0.0030588749796152115,17,False,0.0,0
syn_K3_m30_s2_gauss,synthetic,gauss,3,30,sobol,512,8,14.469712273400136,0.0028511667624115944,17,False,0.0,0
syn_K3_m30_s2_gauss,synthetic,gauss,3,30,sobol,512,9,14.469712273400136,0.003454832825809717,17,False,0.0,0
syn_K3_m30_s2_gauss,synthetic,gauss,3,30,sobol,512,10,14.469712273400136,0.002908749971538782,17,False,0.0,0
syn_K3_m30_s2_gauss,synthetic,gauss,3,30,sobol,512,11,14.469712273400136,0.0029716668650507927,17,False,0.0,0
syn_K3_m30_s2_gauss,synthetic,gauss,3,30,sobol,512,12,14.469712273400136,0.0031086248345673084,17,False,0.0,0
syn_K3_m30_s2_gauss,synthetic,gauss,3,30,sobol,512,13,14.469712273400136,0.0028292499482631683,17,False,0.0,0
syn_K3_m30_s2_gauss,synthetic,gauss,3,30,sobol,512,14,14.469712273400136,0.0034717503003776073,17,False,0.0,0
syn_K3_m30_s2_gauss,synthetic,gauss,3,30,sobol,512,15,14.469712273400136,0.0030127079226076603,17,False,0.0,0
syn_K3_m30_s2_gauss,synthetic,gauss,3,30,sobol,512,16,14.469712273400136,0.003159500192850828,17,False,0.0,0
syn_K3_m30_s2_gauss,synthetic,gauss,3,30,sobol,512,17,14.469712273400136,0.003185874782502651,17,False,0.0,0
syn_K3_m30_s2_gauss,synthetic,gauss,3,30,sobol,512,18,14.469712273400136,0.0029491251334547997,17,False,0.0,0
syn_K3_m30_s2_gauss,synthetic,gauss,3,30,sobol,512,19,14.469712273400136,0.003197167068719864,17,False,0.0,0
syn_K3_m30_s2_gauss,synthetic,gauss,3,30,sobol,512,20,14.469712273400136,0.0030463342554867268,17,False,0.0,0
syn_K3_m30_s2_gauss,synthetic,gauss,3,30,sobol,512,21,14.469712273400136,0.0031420420855283737,17,False,0.0,0
syn_K3_m30_s2_gauss,synthetic,gauss,3,30,sobol,512,22,14.469712273400136,0.0031510409899055958,17,False,0.0,0
syn_K3_m30_s2_gauss,synthetic,gauss,3,30,sobol,512,23,14.469712273400136,0.0029299170710146427,17,False,0.0,0
syn_K3_m30_s2_gauss,synthetic,gauss,3,30,sobol,512,24,14.469712273400136,0.003056500107049942,17,False,0.0,0
syn_K3_m30_s2_gauss,synthetic,gauss,3,30,sobol,512,25,14.469712273400136,0.0029342500492930412,17,False,0.0,0
syn_K3_m30_s2_gauss,synthetic,gauss,3,30,sobol,512,26,14.469712273400136,0.0032579582184553146,17,False,0.0,0
syn_K3_m30_s2_gauss,synthetic,gauss,3,30,sobol,512,27,14.469712273400136,0.002923875115811825,17,False,0.0,0
syn_K3_m30_s2_gauss,synthetic,gauss,3,30,sobol,512,28,14.469712273400136,0.0027742087841033936,17,False,0.0,0
syn_K3_m30_s2_gauss,synthetic,gauss,3,30,sobol,512,29,14.469712273400136,0.0028469576500356197,17,False,0.0,0
syn_K3_m30_s2_gauss,synthetic,gauss,3,30,sobol,512,30,14.469712273400136,0.002866417169570923,17,False,0.0,0
syn_K3_m30_s2_gauss,synthetic,gauss,3,30,sobol,512,31,14.469712273400136,0.002868582960218191,17,False,0.0,0
syn_K3_m30_s2_gauss,synthetic,gauss,3,30,sobol,512,32,14.469712273400136,0.0031426656059920788,17,False,0.0,0
syn_K3_m30_s2_gauss,synthetic,gauss,3,30,sobol,512,33,14.469712273400136,0.0028922921046614647,17,False,0.0,0
syn_K3_m30_s2_gauss,synthetic,gauss,3,30,sobol,512,34,14.469712273400136,0.003074666950851679,17,False,0.0,0
syn_K3_m30_s2_gauss,synthetic,gauss,3,30,sobol,512,35,14.469712273400136,0.0030371672473847866,17,False,0.0,0
syn_K3_m30_s2_gauss,synthetic,gauss,3,30,sobol,512,36,14.469712273400136,0.0029905829578638077,17,False,0.0,0
syn_K3_m30_s2_gauss,synthetic,gauss,3,30,sobol,512,37,14.469712273400136,0.002966958098113537,17,False,0.0,0
syn_K3_m30_s2_gauss,synthetic,gauss,3,30,sobol,512,38,14.469712273400136,0.0028920001350343227,17,False,0.0,0
syn_K3_m30_s2_gauss,synthetic,gauss,3,30,sobol,512,39,14.469712273400136,0.002956707961857319,17,False,0.0,0
syn_K3_m30_s2_gauss,synthetic,gauss,3,30,sobol,512,40,14.469712273400136,0.0030189589597284794,17,False,0.0,0
syn_K3_m30_s2_gauss,synthetic,gauss,3,30,sobol,512,41,14.469712273400136,0.0029025422409176826,17,False,0.0,0
syn_K3_m30_s2_gauss,synthetic,gauss,3,30,sobol,512,42,14.469712273400136,0.0032287919893860817,17,False,0.0,0
syn_K3_m30_s2_gauss,synthetic,gauss,3,30,sobol,512,43,14.469712273400136,0.002803250215947628,17,False,0.0,0
syn_K3_m30_s2_gauss,synthetic,gauss,3,30,sobol,512,44,14.469712273400136,0.00288491602987051,17,False,0.0,0
syn_K3_m30_s2_gauss,synthetic,gauss,3,30,sobol,512,45,14.469712273400136,0.002995000220835209,17,False,0.0,0
syn_K3_m30_s2_gauss,synthetic,gauss,3,30,sobol,512,46,14.469712273400136,0.0027947500348091125,17,False,0.0,0
syn_K3_m30_s2_gauss,synthetic,gauss,3,30,sobol,512,47,14.469712273400136,0.0028910827822983265,17,False,0.0,0
syn_K3_m30_s2_gauss,synthetic,gauss,3,30,sobol,512,48,14.469712273400136,0.0029738331213593483,17,False,0.0,0
syn_K3_m30_s2_gauss,synthetic,gauss,3,30,sobol,512,49,14.469712273400136,0.0029607918113470078,17,False,0.0,0
syn_K3_m30_s2_gauss,synthetic,gauss,3,30,sobol,2048,0,14.469712273400136,0.003576790913939476,18,False,0.0,0
syn_K3_m30_s2_gauss,synthetic,gauss,3,30,sobol,2048,1,14.469712273400136,0.0034900829195976257,18,False,0.0,0
syn_K3_m30_s2_gauss,synthetic,gauss,3,30,sobol,2048,2,14.469712273400136,0.003537083975970745,18,False,0.0,0
syn_K3_m30_s2_gauss,synthetic,gauss,3,30,sobol,2048,3,14.469712273400136,0.0033861249685287476,18,False,0.0,0
syn_K3_m30_s2_gauss,synthetic,gauss,3,30,sobol,2048,4,14.469712273400136,0.0035894159227609634,18,False,0.0,0
syn_K3_m30_s2_gauss,synthetic,gauss,3,30,sobol,2048,5,14.469712273400136,0.0033714999444782734,18,False,0.0,0
syn_K3_m30_s2_gauss,synthetic,gauss,3,30,sobol,2048,6,14.469712273400136,0.0034377500414848328,18,False,0.0,0
syn_K3_m30_s2_gauss,synthetic,gauss,3,30,sobol,2048,7,14.469712273400136,0.0032942090183496475,18,False,0.0,0
syn_K3_m30_s2_gauss,synthetic,gauss,3,30,sobol,2048,8,14.469712273400136,0.0031970832496881485,18,False,0.0,0
syn_K3_m30_s2_gauss,synthetic,gauss,3,30,sobol,2048,9,14.469712273400136,0.003415958024561405,17,False,0.0,0
syn_K3_m30_s2_gauss,synthetic,gauss,3,30,sobol,2048,10,14.469712273400136,0.0033544576726853848,17,False,0.0,0
syn_K3_m30_s2_gauss,synthetic,gauss,3,30,sobol,2048,11,14.469712273400136,0.0033670421689748764,18,False,0.0,0
syn_K3_m30_s2_gauss,synthetic,gauss,3,30,sobol,2048,12,14.469712273400136,0.0034270002506673336,18,False,0.0,0
syn_K3_m30_s2_gauss,synthetic,gauss,3,30,sobol,2048,13,14.469712273400136,0.003473750315606594,18,False,0.0,0
syn_K3_m30_s2_gauss,synthetic,gauss,3,30,sobol,2048,14,14.469712273400136,0.0034149158746004105,19,False,0.0,0
syn_K3_m30_s2_gauss,synthetic,gauss,3,30,sobol,2048,15,14.469712273400136,0.00337908323854208,18,False,0.0,0
syn_K3_m30_s2_gauss,synthetic,gauss,3,30,sobol,2048,16,14.469712273400136,0.0034232093021273613,18,False,0.0,0
syn_K3_m30_s2_gauss,synthetic,gauss,3,30,sobol,2048,17,14.469712273400136,0.0033367499709129333,18,False,0.0,0
syn_K3_m30_s2_gauss,synthetic,gauss,3,30,sobol,2048,18,14.469712273400136,0.003555040806531906,18,False,0.0,0
syn_K3_m30_s2_gauss,synthetic,gauss,3,30,sobol,2048,19,14.469712273400136,0.00325170811265707,17,False,0.0,0
syn_K3_m30_s2_gauss,synthetic,gauss,3,30,sobol,2048,20,14.469712273400136,0.0033766659907996655,18,False,0.0,0
syn_K3_m30_s2_gauss,synthetic,gauss,3,30,sobol,2048,21,14.469712273400136,0.003291625063866377,18,False,0.0,0
syn_K3_m30_s2_gauss,synthetic,gauss,3,30,sobol,2048,22,14.469712273400136,0.0031526670791208744,18,False,0.0,0
syn_K3_m30_s2_gauss,synthetic,gauss,3,30,sobol,2048,23,14.469712273400136,0.0035431249998509884,18,False,0.0,0
syn_K3_m30_s2_gauss,synthetic,gauss,3,30,sobol,2048,24,14.469712273400136,0.003332416992634535,17,False,0.0,0
syn_K3_m30_s2_gauss,synthetic,gauss,3,30,sobol,2048,25,14.469712273400136,0.003414125181734562,17,False,0.0,0
syn_K3_m30_s2_gauss,synthetic,gauss,3,30,sobol,2048,26,14.469712273400136,0.0034907092340290546,18,False,0.0,0
syn_K3_m30_s2_gauss,synthetic,gauss,3,30,sobol,2048,27,14.469712273400136,0.0033377916552126408,17,False,0.0,0
syn_K3_m30_s2_gauss,synthetic,gauss,3,30,sobol,2048,28,14.469712273400136,0.003441457636654377,18,False,0.0,0
syn_K3_m30_s2_gauss,synthetic,gauss,3,30,sobol,2048,29,14.469712273400136,0.003405165858566761,18,False,0.0,0
syn_K3_m30_s2_gauss,synthetic,gauss,3,30,sobol,2048,30,14.469712273400136,0.0033044172450900078,17,False,0.0,0
syn_K3_m30_s2_gauss,synthetic,gauss,3,30,sobol,2048,31,14.469712273400136,0.00327624985948205,18,False,0.0,0
syn_K3_m30_s2_gauss,synthetic,gauss,3,30,sobol,2048,32,14.469712273400136,0.003335915971547365,18,False,0.0,0
syn_K3_m30_s2_gauss,synthetic,gauss,3,30,sobol,2048,33,14.469712273400136,0.0031775832176208496,17,False,0.0,0
syn_K3_m30_s2_gauss,synthetic,gauss,3,30,sobol,2048,34,14.469712273400136,0.003353792242705822,18,False,0.0,0
syn_K3_m30_s2_gauss,synthetic,gauss,3,30,sobol,2048,35,14.469712273400136,0.0032416670583188534,18,False,0.0,0
syn_K3_m30_s2_gauss,synthetic,gauss,3,30,sobol,2048,36,14.469712273400136,0.0030757919885218143,17,False,0.0,0
syn_K3_m30_s2_gauss,synthetic,gauss,3,30,sobol,2048,37,14.469712273400136,0.0033074580132961273,18,False,0.0,0
syn_K3_m30_s2_gauss,synthetic,gauss,3,30,sobol,2048,38,14.469712273400136,0.0032882089726626873,17,False,0.0,0
syn_K3_m30_s2_gauss,synthetic,gauss,3,30,sobol,2048,39,14.469712273400136,0.0034697079099714756,18,False,0.0,0
syn_K3_m30_s2_gauss,synthetic,gauss,3,30,sobol,2048,40,14.469712273400136,0.0034005003981292248,19,False,0.0,0
syn_K3_m30_s2_gauss,synthetic,gauss,3,30,sobol,2048,41,14.469712273400136,0.003495750017464161,18,False,0.0,0
syn_K3_m30_s2_gauss,synthetic,gauss,3,30,sobol,2048,42,14.469712273400136,0.003272583708167076,17,False,0.0,0
syn_K3_m30_s2_gauss,synthetic,gauss,3,30,sobol,2048,43,14.469712273400136,0.0033806655555963516,18,False,0.0,0
syn_K3_m30_s2_gauss,synthetic,gauss,3,30,sobol,2048,44,14.469712273400136,0.003293875139206648,18,False,0.0,0
syn_K3_m30_s2_gauss,synthetic,gauss,3,30,sobol,2048,45,14.469712273400136,0.0033738333731889725,18,False,0.0,0
syn_K3_m30_s2_gauss,synthetic,gauss,3,30,sobol,2048,46,14.469712273400136,0.0034462916664779186,17,False,0.0,0
syn_K3_m30_s2_gauss,synthetic,gauss,3,30,sobol,2048,47,14.469712273400136,0.0032194163650274277,17,False,0.0,0
syn_K3_m30_s2_gauss,synthetic,gauss,3,30,sobol,2048,48,14.469712273400136,0.003678459208458662,18,False,0.0,0
syn_K3_m30_s2_gauss,synthetic,gauss,3,30,sobol,2048,49,14.469712273400136,0.0034327912144362926,17,False,0.0,0
syn_K3_m200_s0_gauss,synthetic,gauss,3,200,exp,128,0,10.99124743732033,0.012002417352050543,17,False,0.0,0
syn_K3_m200_s0_gauss,synthetic,gauss,3,200,exp,128,1,10.99124743732033,0.012499167118221521,18,False,0.0,0
syn_K3_m200_s0_gauss,synthetic,gauss,3,200,exp,128,2,10.99124743732033,0.012200375087559223,17,False,0.0,0
syn_K3_m200_s0_gauss,synthetic,gauss,3,200,exp,128,3,10.99124743732033,0.01197016704827547,17,False,0.0,0
syn_K3_m200_s0_gauss,synthetic,gauss,3,200,exp,128,4,10.99124743732033,0.01155345793813467,17,False,0.0,0
syn_K3_m200_s0_gauss,synthetic,gauss,3,200,exp,128,5,10.99124743732033,0.011886749882251024,17,False,0.0,0
syn_K3_m200_s0_gauss,synthetic,gauss,3,200,exp,128,6,10.99124743732033,0.011861999984830618,17,False,0.0,0
syn_K3_m200_s0_gauss,synthetic,gauss,3,200,exp,128,7,10.99124743732033,0.011985083110630512,17,False,0.0,0
syn_K3_m200_s0_gauss,synthetic,gauss,3,200,exp,128,8,10.99124743732033,0.011611500289291143,17,False,0.0,0
syn_K3_m200_s0_gauss,synthetic,gauss,3,200,exp,128,9,10.99124743732033,0.012496582698076963,18,False,0.0,0
syn_K3_m200_s0_gauss,synthetic,gauss,3,200,exp,128,10,10.99124743732033,0.011947083286941051,17,False,0.0,0
syn_K3_m200_s0_gauss,synthetic,gauss,3,200,exp,128,11,10.99124743732033,0.012775749899446964,18,False,0.0,0
syn_K3_m200_s0_gauss,synthetic,gauss,3,200,exp,128,12,10.99124743732033,0.012283542193472385,18,False,0.0,0
syn_K3_m200_s0_gauss,synthetic,gauss,3,200,exp,128,13,10.99124743732033,0.01158475037664175,17,False,0.0,0
syn_K3_m200_s0_gauss,synthetic,gauss,3,200,exp,128,14,10.99124743732033,0.01167337503284216,17,False,0.0,0
syn_K3_m200_s0_gauss,synthetic,gauss,3,200,exp,128,15,10.99124743732033,0.012020958121865988,17,False,0.0,0
syn_K3_m200_s0_gauss,synthetic,gauss,3,200,exp,128,16,10.99124743732033,0.012391708325594664,18,False,0.0,0
syn_K3_m200_s0_gauss,synthetic,gauss,3,200,exp,128,17,10.99124743732033,0.011858290992677212,17,False,0.0,0
syn_K3_m200_s0_gauss,synthetic,gauss,3,200,exp,128,18,10.99124743732033,0.011620959267020226,17,False,0.0,0
syn_K3_m200_s0_gauss,synthetic,gauss,3,200,exp,128,19,10.99124743732033,0.011664541903883219,17,False,0.0,0
syn_K3_m200_s0_gauss,synthetic,gauss,3,200,exp,128,20,10.99124743732033,0.012122875079512596,17,False,0.0,0
syn_K3_m200_s0_gauss,synthetic,gauss,3,200,exp,128,21,10.99124743732033,0.011799999978393316,17,False,0.0,0
syn_K3_m200_s0_gauss,synthetic,gauss,3,200,exp,128,22,10.99124743732033,0.01175666693598032,17,False,0.0,0
syn_K3_m200_s0_gauss,synthetic,gauss,3,200,exp,128,23,10.99124743732033,0.011906415689736605,17,False,0.0,0
syn_K3_m200_s0_gauss,synthetic,gauss,3,200,exp,128,24,10.99124743732033,0.011949457693845034,17,False,0.0,0
syn_K3_m200_s0_gauss,synthetic,gauss,3,200,exp,128,25,10.99124743732033,0.011715750209987164,17,False,0.0,0
syn_K3_m200_s0_gauss,synthetic,gauss,3,200,exp,128,26,10.99124743732033,0.01131483307108283,17,False,0.0,0
syn_K3_m200_s0_gauss,synthetic,gauss,3,200,exp,128,27,10.99124743732033,0.012235082685947418,17,False,0.0,0
syn_K3_m200_s0_gauss,synthetic,gauss,3,200,exp,128,28,10.99124743732033,0.012012374587357044,17,False,0.0,0
syn_K3_m200_s0_gauss,synthetic,gauss,3,200,exp,128,29,10.99124743732033,0.011967707891017199,17,False,0.0,0
syn_K3_m200_s0_gauss,synthetic,gauss,3,200,exp,128,30,10.99124743732033,0.01197499968111515,17,False,0.0,0
syn_K3_m200_s0_gauss,synthetic,gauss,3,200,exp,128,31,10.99124743732033,0.012027124874293804,17,False,0.0,0
syn_K3_m200_s0_gauss,synthetic,gauss,3,200,exp,128,32,10.99124743732033,0.01203966699540615,17,False,0.0,0
syn_K3_m200_s0_gauss,synthetic,gauss,3,200,exp,128,33,10.99124743732033,0.012130166869610548,17,False,0.0,0
syn_K3_m200_s0_gauss,synthetic,gauss,3,200,exp,128,34,10.99124743732033,0.012302041985094547,17,False,0.0,0
syn_K3_m200_s0_gauss,synthetic,gauss,3,200,exp,128,35,10.99124743732033,0.011858833022415638,17,False,0.0,0
syn_K3_m200_s0_gauss,synthetic,gauss,3,200,exp,128,36,10.99124743732033,0.01202370785176754,17,False,0.0,0
syn_K3_m200_s0_gauss,synthetic,gauss,3,200,exp,128,37,10.99124743732033,0.012116957921534777,17,False,0.0,0
syn_K3_m200_s0_gauss,synthetic,gauss,3,200,exp,128,38,10.99124743732033,0.011828167364001274,17,False,0.0,0
syn_K3_m200_s0_gauss,synthetic,gauss,3,200,exp,128,39,10.99124743732033,0.012027834076434374,17,False,0.0,0
syn_K3_m200_s0_gauss,synthetic,gauss,3,200,exp,128,40,10.99124743732033,0.012171375099569559,17,False,0.0,0
syn_K3_m200_s0_gauss,synthetic,gauss,3,200,exp,128,41,10.99124743732033,0.011856708209961653,17,False,0.0,0
syn_K3_m200_s0_gauss,synthetic,gauss,3,200,exp,128,42,10.99124743732033,0.011952207889407873,17,False,0.0,0
syn_K3_m200_s0_gauss,synthetic,gauss,3,200,exp,128,43,10.99124743732033,0.01225287513807416,17,False,0.0,0
syn_K3_m200_s0_gauss,synthetic,gauss,3,200,exp,128,44,10.99124743732033,0.011863208841532469,17,False,0.0,0
syn_K3_m200_s0_gauss,synthetic,gauss,3,200,exp,128,45,10.99124743732033,0.012011624872684479,17,False,0.0,0
syn_K3_m200_s0_gauss,synthetic,gauss,3,200,exp,128,46,10.99124743732033,0.011834083124995232,17,False,0.0,0
syn_K3_m200_s0_gauss,synthetic,gauss,3,200,exp,128,47,10.99124743732033,0.012587625067681074,18,False,0.0,0
syn_K3_m200_s0_gauss,synthetic,gauss,3,200,exp,128,48,10.99124743732033,0.012188125401735306,17,False,0.0,0
syn_K3_m200_s0_gauss,synthetic,gauss,3,200,exp,128,49,10.99124743732033,0.012043625116348267,18,False,0.0,0
syn_K3_m200_s0_gauss,synthetic,gauss,3,200,exp,512,0,10.99124743732033,0.0124400001950562,18,False,0.0,0
syn_K3_m200_s0_gauss,synthetic,gauss,3,200,exp,512,1,10.99124743732033,0.0133218327537179,18,False,0.0,0
syn_K3_m200_s0_gauss,synthetic,gauss,3,200,exp,512,2,10.99124743732033,0.013314458075910807,18,False,0.0,0
syn_K3_m200_s0_gauss,synthetic,gauss,3,200,exp,512,3,10.99124743732033,0.012704791966825724,18,False,0.0,0
syn_K3_m200_s0_gauss,synthetic,gauss,3,200,exp,512,4,10.99124743732033,0.013388124760240316,18,False,0.0,0
syn_K3_m200_s0_gauss,synthetic,gauss,3,200,exp,512,5,10.99124743732033,0.012345666997134686,18,False,0.0,0
syn_K3_m200_s0_gauss,synthetic,gauss,3,200,exp,512,6,10.99124743732033,0.012551540974527597,18,False,0.0,0
syn_K3_m200_s0_gauss,synthetic,gauss,3,200,exp,512,7,10.99124743732033,0.012199999764561653,18,False,0.0,0
syn_K3_m200_s0_gauss,synthetic,gauss,3,200,exp,512,8,10.99124743732033,0.012278290931135416,18,False,0.0,0
syn_K3_m200_s0_gauss,synthetic,gauss,3,200,exp,512,9,10.99124743732033,0.012288458179682493,18,False,0.0,0
syn_K3_m200_s0_gauss,synthetic,gauss,3,200,exp,512,10,10.99124743732033,0.012617833912372589,18,False,0.0,0
syn_K3_m200_s0_gauss,synthetic,gauss,3,200,exp,512,11,10.99124743732033,0.012509125284850597,18,False,0.0,0
syn_K3_m200_s0_gauss,synthetic,gauss,3,200,exp,512,12,10.99124743732033,0.012413291726261377,18,False,0.0,0
syn_K3_m200_s0_gauss,synthetic,gauss,3,200,exp,512,13,10.99124743732033,0.012569000013172626,18,False,0.0,0
syn_K3_m200_s0_gauss,synthetic,gauss,3,200,exp,512,14,10.99124743732033,0.013232874684035778,18,False,0.0,0
syn_K3_m200_s0_gauss,synthetic,gauss,3,200,exp,512,15,10.99124743732033,0.012377624865621328,18,False,0.0,0
syn_K3_m200_s0_gauss,synthetic,gauss,3,200,exp,512,16,10.99124743732033,0.013381791766732931,18,False,0.0,0
syn_K3_m200_s0_gauss,synthetic,gauss,3,200,exp,512,17,10.99124743732033,0.01263854093849659,18,False,0.0,0
syn_K3_m200_s0_gauss,synthetic,gauss,3,200,exp,512,18,10.99124743732033,0.013024458196014166,18,False,0.0,0
syn_K3_m200_s0_gauss,synthetic,gauss,3,200,exp,512,19,10.99124743732033,0.01294087478891015,18,False,0.0,0
syn_K3_m200_s0_gauss,synthetic,gauss,3,200,exp,512,20,10.99124743732033,0.012165958061814308,18,False,0.0,0
syn_K3_m200_s0_gauss,synthetic,gauss,3,200,exp,512,21,10.99124743732033,0.012252625077962875,18,False,0.0,0
syn_K3_m200_s0_gauss,synthetic,gauss,3,200,exp,512,22,10.99124743732033,0.012776541989296675,18,False,0.0,0
syn_K3_m200_s0_gauss,synthetic,gauss,3,200,exp,512,23,10.99124743732033,0.012648625299334526,18,False,0.0,0
syn_K3_m200_s0_gauss,synthetic,gauss,3,200,exp,512,24,10.99124743732033,0.01278012478724122,18,False,0.0,0
syn_K3_m200_s0_gauss,synthetic,gauss,3,200,exp,512,25,10.99124743732033,0.012440625112503767,18,False,0.0,0
syn_K3_m200_s0_gauss,synthetic,gauss,3,200,exp,512,26,10.99124743732033,0.012873250059783459,18,False,0.0,0
syn_K3_m200_s0_gauss,synthetic,gauss,3,200,exp,512,27,10.99124743732033,0.012477582786232233,18,False,0.0,0
syn_K3_m200_s0_gauss,synthetic,gauss,3,200,exp,512,28,10.99124743732033,0.012327082920819521,18,False,0.0,0
syn_K3_m200_s0_gauss,synthetic,gauss,3,200,exp,512,29,10.99124743732033,0.012284458614885807,18,False,0.0,0
syn_K3_m200_s0_gauss,synthetic,gauss,3,200,exp,512,30,10.99124743732033,0.0126228341832757,18,False,0.0,0
syn_K3_m200_s0_gauss,synthetic,gauss,3,200,exp,512,31,10.99124743732033,0.012271791696548462,18,False,0.0,0
syn_K3_m200_s0_gauss,synthetic,gauss,3,200,exp,512,32,10.99124743732033,0.012355833780020475,18,False,0.0,0
syn_K3_m200_s0_gauss,synthetic,gauss,3,200,exp,512,33,10.99124743732033,0.012386083137243986,18,False,0.0,0
syn_K3_m200_s0_gauss,synthetic,gauss,3,200,exp,512,34,10.99124743732033,0.012357833329588175,18,False,0.0,0
syn_K3_m200_s0_gauss,synthetic,gauss,3,200,exp,512,35,10.99124743732033,0.012810499873012304,18,False,0.0,0
syn_K3_m200_s0_gauss,synthetic,gauss,3,200,exp,512,36,10.99124743732033,0.012460415717214346,18,False,0.0,0
syn_K3_m200_s0_gauss,synthetic,gauss,3,200,exp,512,37,10.99124743732033,0.01283345790579915,18,False,0.0,0
syn_K3_m200_s0_gauss,synthetic,gauss,3,200,exp,512,38,10.99124743732033,0.012429249938577414,18,False,0.0,0
syn_K3_m200_s0_gauss,synthetic,gauss,3,200,exp,512,39,10.99124743732033,0.012392040807753801,18,False,0.0,0
syn_K3_m200_s0_gauss,synthetic,gauss,3,200,exp,512,40,10.99124743732033,0.01223299978300929,18,False,0.0,0
syn_K3_m200_s0_gauss,synthetic,gauss,3,200,exp,512,41,10.99124743732033,0.012554417364299297,18,False,0.0,0
syn_K3_m200_s0_gauss,synthetic,gauss,3,200,exp,512,42,10.99124743732033,0.01301304204389453,18,False,0.0,0
syn_K3_m200_s0_gauss,synthetic,gauss,3,200,exp,512,43,10.99124743732033,0.01279400009661913,18,False,0.0,0
syn_K3_m200_s0_gauss,synthetic,gauss,3,200,exp,512,44,10.99124743732033,0.012306333053857088,18,False,0.0,0
syn_K3_m200_s0_gauss,synthetic,gauss,3,200,exp,512,45,10.99124743732033,0.01314650010317564,18,False,0.0,0
syn_K3_m200_s0_gauss,synthetic,gauss,3,200,exp,512,46,10.99124743732033,0.013434958178550005,18,False,0.0,0
syn_K3_m200_s0_gauss,synthetic,gauss,3,200,exp,512,47,10.99124743732033,0.012671499978750944,18,False,0.0,0
syn_K3_m200_s0_gauss,synthetic,gauss,3,200,exp,512,48,10.99124743732033,0.012303958181291819,17,False,0.0,0
syn_K3_m200_s0_gauss,synthetic,gauss,3,200,exp,512,49,10.99124743732033,0.012746583670377731,18,False,0.0,0
syn_K3_m200_s0_gauss,synthetic,gauss,3,200,exp,2048,0,10.99124743732033,0.01363470871001482,18,False,0.0,0
syn_K3_m200_s0_gauss,synthetic,gauss,3,200,exp,2048,1,10.99124743732033,0.013138416688889265,18,False,0.0,0
syn_K3_m200_s0_gauss,synthetic,gauss,3,200,exp,2048,2,10.99124743732033,0.013000958133488894,18,False,0.0,0
syn_K3_m200_s0_gauss,synthetic,gauss,3,200,exp,2048,3,10.99124743732033,0.013372709043323994,18,False,0.0,0
syn_K3_m200_s0_gauss,synthetic,gauss,3,200,exp,2048,4,10.99124743732033,0.013150499667972326,18,False,0.0,0
syn_K3_m200_s0_gauss,synthetic,gauss,3,200,exp,2048,5,10.99124743732033,0.013078167103230953,18,False,0.0,0
syn_K3_m200_s0_gauss,synthetic,gauss,3,200,exp,2048,6,10.99124743732033,0.013001625426113605,18,False,0.0,0
syn_K3_m200_s0_gauss,synthetic,gauss,3,200,exp,2048,7,10.99124743732033,0.013309999834746122,18,False,0.0,0
syn_K3_m200_s0_gauss,synthetic,gauss,3,200,exp,2048,8,10.99124743732033,0.013434584252536297,18,False,0.0,0
syn_K3_m200_s0_gauss,synthetic,gauss,3,200,exp,2048,9,10.99124743732033,0.013034166302531958,18,False,0.0,0
syn_K3_m200_s0_gauss,synthetic,gauss,3,200,exp,2048,10,10.99124743732033,0.013288707938045263,18,False,0.0,0
syn_K3_m200_s0_gauss,synthetic,gauss,3,200,exp,2048,11,10.99124743732033,0.01325912494212389,18,False,0.0,0
syn_K3_m200_s0_gauss,synthetic,gauss,3,200,exp,2048,12,10.99124743732033,0.01330579211935401,18,False,0.0,0
syn_K3_m200_s0_gauss,synthetic,gauss,3,200,exp,2048,13,10.99124743732033,0.013217083178460598,18,False,0.0,0
syn_K3_m200_s0_gauss,synthetic,gauss,3,200,exp,2048,14,10.99124743732033,0.013468666933476925,18,False,0.0,0
syn_K3_m200_s0_gauss,synthetic,gauss,3,200,exp,2048,15,10.99124743732033,0.01322916615754366,18,False,0.0,0
syn_K3_m200_s0_gauss,synthetic,gauss,3,200,exp,2048,16,10.99124743732033,0.01313687488436699,18,False,0.0,0
syn_K3_m200_s0_gauss,synthetic,gauss,3,200,exp,2048,17,10.99124743732033,0.013505042064934969,18,False,0.0,0
syn_K3_m200_s0_gauss,synthetic,gauss,3,200,exp,2048,18,10.99124743732033,0.013538874685764313,18,False,0.0,0
syn_K3_m200_s0_gauss,synthetic,gauss,3,200,exp,2048,19,10.99124743732033,0.013179291971027851,18,False,0.0,0
syn_K3_m200_s0_gauss,synthetic,gauss,3,200,exp,2048,20,10.99124743732033,0.013363583944737911,18,False,0.0,0
syn_K3_m200_s0_gauss,synthetic,gauss,3,200,exp,2048,21,10.99124743732033,0.013561500236392021,18,False,0.0,0
syn_K3_m200_s0_gauss,synthetic,gauss,3,200,exp,2048,22,10.99124743732033,0.013345291838049889,18,False,0.0,0
syn_K3_m200_s0_gauss,synthetic,gauss,3,200,exp,2048,23,10.99124743732033,0.013174999970942736,18,False,0.0,0
syn_K3_m200_s0_gauss,synthetic,gauss,3,200,exp,2048,24,10.99124743732033,0.013283499982208014,18,False,0.0,0
syn_K3_m200_s0_gauss,synthetic,gauss,3,200,exp,2048,25,10.99124743732033,0.013072957750409842,18,False,0.0,0
syn_K3_m200_s0_gauss,synthetic,gauss,3,200,exp,2048,26,10.99124743732033,0.013294791337102652,18,False,0.0,0
syn_K3_m200_s0_gauss,synthetic,gauss,3,200,exp,2048,27,10.99124743732033,0.01316858408972621,18,False,0.0,0
syn_K3_m200_s0_gauss,synthetic,gauss,3,200,exp,2048,28,10.99124743732033,0.01341612497344613,18,False,0.0,0
syn_K3_m200_s0_gauss,synthetic,gauss,3,200,exp,2048,29,10.99124743732033,0.01326091680675745,18,False,0.0,0
syn_K3_m200_s0_gauss,synthetic,gauss,3,200,exp,2048,30,10.99124743732033,0.013496208935976028,18,False,0.0,0
syn_K3_m200_s0_gauss,synthetic,gauss,3,200,exp,2048,31,10.99124743732033,0.01312429178506136,18,False,0.0,0
syn_K3_m200_s0_gauss,synthetic,gauss,3,200,exp,2048,32,10.99124743732033,0.013359833043068647,18,False,0.0,0
syn_K3_m200_s0_gauss,synthetic,gauss,3,200,exp,2048,33,10.99124743732033,0.01344333402812481,18,False,0.0,0
syn_K3_m200_s0_gauss,synthetic,gauss,3,200,exp,2048,34,10.99124743732033,0.013105417136102915,18,False,0.0,0
syn_K3_m200_s0_gauss,synthetic,gauss,3,200,exp,2048,35,10.99124743732033,0.013563124928623438,18,False,0.0,0
syn_K3_m200_s0_gauss,synthetic,gauss,3,200,exp,2048,36,10.99124743732033,0.013544084038585424,18,False,0.0,0
syn_K3_m200_s0_gauss,synthetic,gauss,3,200,exp,2048,37,10.99124743732033,0.013211125042289495,18,False,0.0,0
syn_K3_m200_s0_gauss,synthetic,gauss,3,200,exp,2048,38,10.99124743732033,0.013296124991029501,18,False,0.0,0
syn_K3_m200_s0_gauss,synthetic,gauss,3,200,exp,2048,39,10.99124743732033,0.013197666965425014,18,False,0.0,0
syn_K3_m200_s0_gauss,synthetic,gauss,3,200,exp,2048,40,10.99124743732033,0.013226165901869535,18,False,0.0,0
syn_K3_m200_s0_gauss,synthetic,gauss,3,200,exp,2048,41,10.99124743732033,0.013539416715502739,18,False,0.0,0
syn_K3_m200_s0_gauss,synthetic,gauss,3,200,exp,2048,42,10.99124743732033,0.013176791369915009,18,False,0.0,0
syn_K3_m200_s0_gauss,synthetic,gauss,3,200,exp,2048,43,10.99124743732033,0.0133474157191813,18,False,0.0,0
syn_K3_m200_s0_gauss,synthetic,gauss,3,200,exp,2048,44,10.99124743732033,0.013311250135302544,18,False,0.0,0
syn_K3_m200_s0_gauss,synthetic,gauss,3,200,exp,2048,45,10.99124743732033,0.01313483389094472,18,False,0.0,0
syn_K3_m200_s0_gauss,synthetic,gauss,3,200,exp,2048,46,10.99124743732033,0.013165458105504513,18,False,0.0,0
syn_K3_m200_s0_gauss,synthetic,gauss,3,200,exp,2048,47,10.99124743732033,0.013144374825060368,18,False,0.0,0
syn_K3_m200_s0_gauss,synthetic,gauss,3,200,exp,2048,48,10.99124743732033,0.013378290925174952,18,False,0.0,0
syn_K3_m200_s0_gauss,synthetic,gauss,3,200,exp,2048,49,10.99124743732033,0.012862749863415956,18,False,0.0,0
syn_K3_m200_s0_gauss,synthetic,gauss,3,200,sobol,128,0,10.99124743732033,0.012497249990701675,17,False,0.0,0
syn_K3_m200_s0_gauss,synthetic,gauss,3,200,sobol,128,1,10.99124743732033,0.012156415730714798,17,False,0.0,0
syn_K3_m200_s0_gauss,synthetic,gauss,3,200,sobol,128,2,10.99124743732033,0.012125458102673292,17,False,0.0,0
syn_K3_m200_s0_gauss,synthetic,gauss,3,200,sobol,128,3,10.99124743732033,0.011924749705940485,17,False,0.0,0
syn_K3_m200_s0_gauss,synthetic,gauss,3,200,sobol,128,4,10.99124743732033,0.012368500232696533,17,False,0.0,0
syn_K3_m200_s0_gauss,synthetic,gauss,3,200,sobol,128,5,10.99124743732033,0.01258258381858468,17,False,0.0,0
syn_K3_m200_s0_gauss,synthetic,gauss,3,200,sobol,128,6,10.99124743732033,0.01216024998575449,17,False,0.0,0
syn_K3_m200_s0_gauss,synthetic,gauss,3,200,sobol,128,7,10.99124743732033,0.011870082933455706,17,False,0.0,0
syn_K3_m200_s0_gauss,synthetic,gauss,3,200,sobol,128,8,10.99124743732033,0.01181375002488494,17,False,0.0,0
syn_K3_m200_s0_gauss,synthetic,gauss,3,200,sobol,128,9,10.99124743732033,0.01185133308172226,17,False,0.0,0
syn_K3_m200_s0_gauss,synthetic,gauss,3,200,sobol,128,10,10.99124743732033,0.012182292062789202,17,False,0.0,0
syn_K3_m200_s0_gauss,synthetic,gauss,3,200,sobol,128,11,10.99124743732033,0.012216125149279833,17,False,0.0,0
syn_K3_m200_s0_gauss,synthetic,gauss,3,200,sobol,128,12,10.99124743732033,0.012710082810372114,17,False,0.0,0
syn_K3_m200_s0_gauss,synthetic,gauss,3,200,sobol,128,13,10.99124743732033,0.01202904200181365,17,False,0.0,0
syn_K3_m200_s0_gauss,synthetic,gauss,3,200,sobol,128,14,10.99124743732033,0.012397999875247478,17,False,0.0,0
syn_K3_m200_s0_gauss,synthetic,gauss,3,200,sobol,128,15,10.99124743732033,0.012152708135545254,17,False,0.0,0
syn_K3_m200_s0_gauss,synthetic,gauss,3,200,sobol,128,16,10.99124743732033,0.012715999968349934,17,False,0.0,0
syn_K3_m200_s0_gauss,synthetic,gauss,3,200,sobol,128,17,10.99124743732033,0.01200925000011921,17,False,0.0,0
syn_K3_m200_s0_gauss,synthetic,gauss,3,200,sobol,128,18,10.99124743732033,0.012613624799996614,17,False,0.0,0
syn_K3_m200_s0_gauss,synthetic,gauss,3,200,sobol,128,19,10.99124743732033,0.011636750306934118,17,False,0.0,0
syn_K3_m200_s0_gauss,synthetic,gauss,3,200,sobol,128,20,10.99124743732033,0.012492542155086994,17,False,0.0,0
syn_K3_m200_s0_gauss,synthetic,gauss,3,200,sobol,128,21,10.99124743732033,0.011746791657060385,17,False,0.0,0
syn_K3_m200_s0_gauss,synthetic,gauss,3,200,sobol,128,22,10.99124743732033,0.012112167198210955,17,False,0.0,0
syn_K3_m200_s0_gauss,synthetic,gauss,3,200,sobol,128,23,10.99124743732033,0.012035583145916462,17,False,0.0,0
syn_K3_m200_s0_gauss,synthetic,gauss,3,200,sobol,128,24,10.99124743732033,0.012062916997820139,17,False,0.0,0
syn_K3_m200_s0_gauss,synthetic,gauss,3,200,sobol,128,25,10.99124743732033,0.011464041657745838,17,False,0.0,0
syn_K3_m200_s0_gauss,synthetic,gauss,3,200,sobol,128,26,10.99124743732033,0.0117335831746459,17,False,0.0,0
syn_K3_m200_s0_gauss,synthetic,gauss,3,200,sobol,128,27,10.99124743732033,0.011737457942217588,17,False,0.0,0
syn_K3_m200_s0_gauss,synthetic,gauss,3,200,sobol,128,28,10.99124743732033,0.012301625218242407,17,False,0.0,0
syn_K3_m200_s0_gauss,synthetic,gauss,3,200,sobol,128,29,10.99124743732033,0.01249295799061656,18,False,0.0,0
syn_K3_m200_s0_gauss,synthetic,gauss,3,200,sobol,128,30,10.99124743732033,0.011967166792601347,17,False,0.0,0
syn_K3_m200_s0_gauss,synthetic,gauss,3,200,sobol,128,31,10.99124743732033,0.012191334273666143,17,False,0.0,0
syn_K3_m200_s0_gauss,synthetic,gauss,3,200,sobol,128,32,10.99124743732033,0.012401999905705452,17,False,0.0,0
syn_K3_m200_s0_gauss,synthetic,gauss,3,200,sobol,128,33,10.99124743732033,0.012209707871079445,17,False,0.0,0
syn_K3_m200_s0_gauss,synthetic,gauss,3,200,sobol,128,34,10.99124743732033,0.011928583029657602,17,False,0.0,0
syn_K3_m200_s0_gauss,synthetic,gauss,3,200,sobol,128,35,10.99124743732033,0.011812999844551086,17,False,0.0,0
syn_K3_m200_s0_gauss,synthetic,gauss,3,200,sobol,128,36,10.99124743732033,0.012250249739736319,17,False,0.0,0
syn_K3_m200_s0_gauss,synthetic,gauss,3,200,sobol,128,37,10.99124743732033,0.011754540726542473,17,False,0.0,0
syn_K3_m200_s0_gauss,synthetic,gauss,3,200,sobol,128,38,10.99124743732033,0.012277124915271997,17,False,0.0,0
syn_K3_m200_s0_gauss,synthetic,gauss,3,200,sobol,128,39,10.99124743732033,0.012292166706174612,17,False,0.0,0
syn_K3_m200_s0_gauss,synthetic,gauss,3,200,sobol,128,40,10.99124743732033,0.01171837467700243,17,False,0.0,0
syn_K3_m200_s0_gauss,synthetic,gauss,3,200,sobol,128,41,10.99124743732033,0.012114041950553656,17,False,0.0,0
syn_K3_m200_s0_gauss,synthetic,gauss,3,200,sobol,128,42,10.99124743732033,0.011948166880756617,17,False,0.0,0
syn_K3_m200_s0_gauss,synthetic,gauss,3,200,sobol,128,43,10.99124743732033,0.011923166923224926,17,False,0.0,0
syn_K3_m200_s0_gauss,synthetic,gauss,3,200,sobol,128,44,10.99124743732033,0.011767541989684105,17,False,0.0,0
syn_K3_m200_s0_gauss,synthetic,gauss,3,200,sobol,128,45,10.99124743732033,0.011914541944861412,17,False,0.0,0
syn_K3_m200_s0_gauss,synthetic,gauss,3,200,sobol,128,46,10.99124743732033,0.012176708783954382,17,False,0.0,0
syn_K3_m200_s0_gauss,synthetic,gauss,3,200,sobol,128,47,10.99124743732033,0.012110333424061537,17,False,0.0,0
syn_K3_m200_s0_gauss,synthetic,gauss,3,200,sobol,128,48,10.99124743732033,0.012019291054457426,17,False,0.0,0
syn_K3_m200_s0_gauss,synthetic,gauss,3,200,sobol,128,49,10.99124743732033,0.012445666827261448,17,False,0.0,0
syn_K3_m200_s0_gauss,synthetic,gauss,3,200,sobol,512,0,10.99124743732033,0.012612959370017052,18,False,0.0,0
syn_K3_m200_s0_gauss,synthetic,gauss,3,200,sobol,512,1,10.99124743732033,0.012522167060524225,18,False,0.0,0
syn_K3_m200_s0_gauss,synthetic,gauss,3,200,sobol,512,2,10.99124743732033,0.013041167054325342,18,False,0.0,0
syn_K3_m200_s0_gauss,synthetic,gauss,3,200,sobol,512,3,10.99124743732033,0.012962582986801863,18,False,0.0,0
syn_K3_m200_s0_gauss,synthetic,gauss,3,200,sobol,512,4,10.99124743732033,0.012637291103601456,18,False,0.0,0
syn_K3_m200_s0_gauss,synthetic,gauss,3,200,sobol,512,5,10.99124743732033,0.012236292008310556,18,False,0.0,0
syn_K3_m200_s0_gauss,synthetic,gauss,3,200,sobol,512,6,10.99124743732033,0.01272945897653699,18,False,0.0,0
syn_K3_m200_s0_gauss,synthetic,gauss,3,200,sobol,512,7,10.99124743732033,0.012692833319306374,18,False,0.0,0
syn_K3_m200_s0_gauss,synthetic,gauss,3,200,sobol,512,8,10.99124743732033,0.013074374757707119,18,False,0.0,0
syn_K3_m200_s0_gauss,synthetic,gauss,3,200,sobol,512,9,10.99124743732033,0.012687374837696552,18,False,0.0,0
syn_K3_m200_s0_gauss,synthetic,gauss,3,200,sobol,512,10,10.99124743732033,0.01306508295238018,18,False,0.0,0
syn_K3_m200_s0_gauss,synthetic,gauss,3,200,sobol,512,11,10.99124743732033,0.013034208212047815,18,False,0.0,0
syn_K3_m200_s0_gauss,synthetic,gauss,3,200,sobol,512,12,10.99124743732033,0.01288750022649765,18,False,0.0,0
syn_K3_m200_s0_gauss,synthetic,gauss,3,200,sobol,512,13,10.99124743732033,0.012935000006109476,18,False,0.0,0
syn_K3_m200_s0_gauss,synthetic,gauss,3,200,sobol,512,14,10.99124743732033,0.012703000102192163,18,False,0.0,0
syn_K3_m200_s0_gauss,synthetic,gauss,3,200,sobol,512,15,10.99124743732033,0.012829124927520752,18,False,0.0,0
syn_K3_m200_s0_gauss,synthetic,gauss,3,200,sobol,512,16,10.99124743732033,0.012318916153162718,18,False,0.0,0
syn_K3_m200_s0_gauss,synthetic,gauss,3,200,sobol,512,17,10.99124743732033,0.01262950012460351,18,False,0.0,0
syn_K3_m200_s0_gauss,synthetic,gauss,3,200,sobol,512,18,10.99124743732033,0.012907332740724087,18,False,0.0,0
syn_K3_m200_s0_gauss,synthetic,gauss,3,200,sobol,512,19,10.99124743732033,0.012614625040441751,18,False,0.0,0
syn_K3_m200_s0_gauss,synthetic,gauss,3,200,sobol,512,20,10.99124743732033,0.012697416823357344,18,False,0.0,0
syn_K3_m200_s0_gauss,synthetic,gauss,3,200,sobol,512,21,10.99124743732033,0.01239004172384739,18,False,0.0,0
syn_K3_m200_s0_gauss,synthetic,gauss,3,200,sobol,512,22,10.99124743732033,0.012930791359394789,18,False,0.0,0
syn_K3_m200_s0_gauss,synthetic,gauss,3,200,sobol,512,23,10.99124743732033,0.012247666250914335,18,False,0.0,0
syn_K3_m200_s0_gauss,synthetic,gauss,3,200,sobol,512,24,10.99124743732033,0.012818540912121534,18,False,0.0,0
syn_K3_m200_s0_gauss,synthetic,gauss,3,200,sobol,512,25,10.99124743732033,0.012354250065982342,18,False,0.0,0
syn_K3_m200_s0_gauss,synthetic,gauss,3,200,sobol,512,26,10.99124743732033,0.012461083009839058,18,False,0.0,0
syn_K3_m200_s0_gauss,synthetic,gauss,3,200,sobol,512,27,10.99124743732033,0.012372083961963654,18,False,0.0,0
syn_K3_m200_s0_gauss,synthetic,gauss,3,200,sobol,512,28,10.99124743732033,0.012680166866630316,18,False,0.0,0
syn_K3_m200_s0_gauss,synthetic,gauss,3,200,sobol,512,29,10.99124743732033,0.012766750063747168,18,False,0.0,0
syn_K3_m200_s0_gauss,synthetic,gauss,3,200,sobol,512,30,10.99124743732033,0.012773749884217978,18,False,0.0,0
syn_K3_m200_s0_gauss,synthetic,gauss,3,200,sobol,512,31,10.99124743732033,0.013256582897156477,18,False,0.0,0
syn_K3_m200_s0_gauss,synthetic,gauss,3,200,sobol,512,32,10.99124743732033,0.012679625302553177,18,False,0.0,0
syn_K3_m200_s0_gauss,synthetic,gauss,3,200,sobol,512,33,10.99124743732033,0.013143207877874374,18,False,0.0,0
syn_K3_m200_s0_gauss,synthetic,gauss,3,200,sobol,512,34,10.99124743732033,0.012819875031709671,18,False,0.0,0
syn_K3_m200_s0_gauss,synthetic,gauss,3,200,sobol,512,35,10.99124743732033,0.013441624585539103,18,False,0.0,0
syn_K3_m200_s0_gauss,synthetic,gauss,3,200,sobol,512,36,10.99124743732033,0.013049792032688856,18,False,0.0,0
syn_K3_m200_s0_gauss,synthetic,gauss,3,200,sobol,512,37,10.99124743732033,0.012368792202323675,18,False,0.0,0
syn_K3_m200_s0_gauss,synthetic,gauss,3,200,sobol,512,38,10.99124743732033,0.012758083175867796,18,False,0.0,0
syn_K3_m200_s0_gauss,synthetic,gauss,3,200,sobol,512,39,10.99124743732033,0.01276070810854435,18,False,0.0,0
syn_K3_m200_s0_gauss,synthetic,gauss,3,200,sobol,512,40,10.99124743732033,0.012495624832808971,18,False,0.0,0
syn_K3_m200_s0_gauss,synthetic,gauss,3,200,sobol,512,41,10.99124743732033,0.012435583397746086,18,False,0.0,0
syn_K3_m200_s0_gauss,synthetic,gauss,3,200,sobol,512,42,10.99124743732033,0.01217225007712841,18,False,0.0,0
syn_K3_m200_s0_gauss,synthetic,gauss,3,200,sobol,512,43,10.99124743732033,0.012864875141531229,18,False,0.0,0
syn_K3_m200_s0_gauss,synthetic,gauss,3,200,sobol,512,44,10.99124743732033,0.012525000143796206,18,False,0.0,0
syn_K3_m200_s0_gauss,synthetic,gauss,3,200,sobol,512,45,10.99124743732033,0.012570749968290329,18,False,0.0,0
syn_K3_m200_s0_gauss,synthetic,gauss,3,200,sobol,512,46,10.99124743732033,0.012421874795109034,18,False,0.0,0
syn_K3_m200_s0_gauss,synthetic,gauss,3,200,sobol,512,47,10.99124743732033,0.012626249808818102,18,False,0.0,0
syn_K3_m200_s0_gauss,synthetic,gauss,3,200,sobol,512,48,10.99124743732033,0.012237249873578548,18,False,0.0,0
syn_K3_m200_s0_gauss,synthetic,gauss,3,200,sobol,512,49,10.99124743732033,0.012710750102996826,18,False,0.0,0
syn_K3_m200_s0_gauss,synthetic,gauss,3,200,sobol,2048,0,10.99124743732033,0.013005832675844431,18,False,0.0,0
syn_K3_m200_s0_gauss,synthetic,gauss,3,200,sobol,2048,1,10.99124743732033,0.01320979231968522,18,False,0.0,0
syn_K3_m200_s0_gauss,synthetic,gauss,3,200,sobol,2048,2,10.99124743732033,0.013240957632660866,18,False,0.0,0
syn_K3_m200_s0_gauss,synthetic,gauss,3,200,sobol,2048,3,10.99124743732033,0.012857417110353708,18,False,0.0,0
syn_K3_m200_s0_gauss,synthetic,gauss,3,200,sobol,2048,4,10.99124743732033,0.01332270773127675,18,False,0.0,0
syn_K3_m200_s0_gauss,synthetic,gauss,3,200,sobol,2048,5,10.99124743732033,0.013269499875605106,18,False,0.0,0
syn_K3_m200_s0_gauss,synthetic,gauss,3,200,sobol,2048,6,10.99124743732033,0.01319595891982317,18,False,0.0,0
syn_K3_m200_s0_gauss,synthetic,gauss,3,200,sobol,2048,7,10.99124743732033,0.012772959191352129,18,False,0.0,0
syn_K3_m200_s0_gauss,synthetic,gauss,3,200,sobol,2048,8,10.99124743732033,0.013267333153635263,18,False,0.0,0
syn_K3_m200_s0_gauss,synthetic,gauss,3,200,sobol,2048,9,10.99124743732033,0.013342707883566618,18,False,0.0,0
syn_K3_m200_s0_gauss,synthetic,gauss,3,200,sobol,2048,10,10.99124743732033,0.013023792300373316,18,False,0.0,0
syn_K3_m200_s0_gauss,synthetic,gauss,3,200,sobol,2048,11,10.99124743732033,0.01380200032144785,18,False,0.0,0
syn_K3_m200_s0_gauss,synthetic,gauss,3,200,sobol,2048,12,10.99124743732033,0.013304332736879587,18,False,0.0,0
syn_K3_m200_s0_gauss,synthetic,gauss,3,200,sobol,2048,13,10.99124743732033,0.013475666753947735,18,False,0.0,0
syn_K3_m200_s0_gauss,synthetic,gauss,3,200,sobol,2048,14,10.99124743732033,0.013176583219319582,18,False,0.0,0
syn_K3_m200_s0_gauss,synthetic,gauss,3,200,sobol,2048,15,10.99124743732033,0.012747709173709154,18,False,0.0,0
syn_K3_m200_s0_gauss,synthetic,gauss,3,200,sobol,2048,16,10.99124743732033,0.013187458273023367,18,False,0.0,0
syn_K3_m200_s0_gauss,synthetic,gauss,3,200,sobol,2048,17,10.99124743732033,0.013643959071487188,18,False,0.0,0
syn_K3_m200_s0_gauss,synthetic,gauss,3,200,sobol,2048,18,10.99124743732033,0.012756833340972662,18,False,0.0,0
syn_K3_m200_s0_gauss,synthetic,gauss,3,200,sobol,2048,19,10.99124743732033,0.013406000100076199,18,False,0.0,0
syn_K3_m200_s0_gauss,synthetic,gauss,3,200,sobol,2048,20,10.99124743732033,0.013037707656621933,18,False,0.0,0
syn_K3_m200_s0_gauss,synthetic,gauss,3,200,sobol,2048,21,10.99124743732033,0.01338412519544363,18,False,0.0,0
syn_K3_m200_s0_gauss,synthetic,gauss,3,200,sobol,2048,22,10.99124743732033,0.012942833360284567,18,False,0.0,0
syn_K3_m200_s0_gauss,synthetic,gauss,3,200,sobol,2048,23,10.99124743732033,0.013279750011861324,18,False,0.0,0
syn_K3_m200_s0_gauss,synthetic,gauss,3,200,sobol,2048,24,10.99124743732033,0.013125874567776918,18,False,0.0,0
syn_K3_m200_s0_gauss,synthetic,gauss,3,200,sobol,2048,25,10.99124743732033,0.013173250015825033,18,False,0.0,0
syn_K3_m200_s0_gauss,synthetic,gauss,3,200,sobol,2048,26,10.99124743732033,0.013331249821931124,18,False,0.0,0
syn_K3_m200_s0_gauss,synthetic,gauss,3,200,sobol,2048,27,10.99124743732033,0.013473707716912031,18,False,0.0,0
syn_K3_m200_s0_gauss,synthetic,gauss,3,200,sobol,2048,28,10.99124743732033,0.013096957933157682,18,False,0.0,0
syn_K3_m200_s0_gauss,synthetic,gauss,3,200,sobol,2048,29,10.99124743732033,0.013199292123317719,18,False,0.0,0
syn_K3_m200_s0_gauss,synthetic,gauss,3,200,sobol,2048,30,10.99124743732033,0.013185707852244377,18,False,0.0,0
syn_K3_m200_s0_gauss,synthetic,gauss,3,200,sobol,2048,31,10.99124743732033,0.013256208039820194,18,False,0.0,0
syn_K3_m200_s0_gauss,synthetic,gauss,3,200,sobol,2048,32,10.99124743732033,0.01313570886850357,18,False,0.0,0
syn_K3_m200_s0_gauss,synthetic,gauss,3,200,sobol,2048,33,10.99124743732033,0.013336124829947948,18,False,0.0,0
syn_K3_m200_s0_gauss,synthetic,gauss,3,200,sobol,2048,34,10.99124743732033,0.013064625207334757,18,False,0.0,0
syn_K3_m200_s0_gauss,synthetic,gauss,3,200,sobol,2048,35,10.99124743732033,0.013386250007897615,18,False,0.0,0
syn_K3_m200_s0_gauss,synthetic,gauss,3,200,sobol,2048,36,10.99124743732033,0.013289541937410831,18,False,0.0,0
syn_K3_m200_s0_gauss,synthetic,gauss,3,200,sobol,2048,37,10.99124743732033,0.013111207634210587,18,False,0.0,0
syn_K3_m200_s0_gauss,synthetic,gauss,3,200,sobol,2048,38,10.99124743732033,0.01269233413040638,18,False,0.0,0
syn_K3_m200_s0_gauss,synthetic,gauss,3,200,sobol,2048,39,10.99124743732033,0.01343866577371955,18,False,0.0,0
syn_K3_m200_s0_gauss,synthetic,gauss,3,200,sobol,2048,40,10.99124743732033,0.012963125016540289,18,False,0.0,0
syn_K3_m200_s0_gauss,synthetic,gauss,3,200,sobol,2048,41,10.99124743732033,0.012903166934847832,18,False,0.0,0
syn_K3_m200_s0_gauss,synthetic,gauss,3,200,sobol,2048,42,10.99124743732033,0.012754542287439108,18,False,0.0,0
syn_K3_m200_s0_gauss,synthetic,gauss,3,200,sobol,2048,43,10.99124743732033,0.013072125148028135,18,False,0.0,0
syn_K3_m200_s0_gauss,synthetic,gauss,3,200,sobol,2048,44,10.99124743732033,0.012917624786496162,18,False,0.0,0
syn_K3_m200_s0_gauss,synthetic,gauss,3,200,sobol,2048,45,10.99124743732033,0.013407459016889334,18,False,0.0,0
syn_K3_m200_s0_gauss,synthetic,gauss,3,200,sobol,2048,46,10.99124743732033,0.013055082876235247,18,False,0.0,0
syn_K3_m200_s0_gauss,synthetic,gauss,3,200,sobol,2048,47,10.99124743732033,0.013166000135242939,18,False,0.0,0
syn_K3_m200_s0_gauss,synthetic,gauss,3,200,sobol,2048,48,10.99124743732033,0.013225916307419538,18,False,0.0,0
syn_K3_m200_s0_gauss,synthetic,gauss,3,200,sobol,2048,49,10.99124743732033,0.012914791237562895,18,False,0.0,0
syn_K3_m200_s1_cancel,synthetic,cancel,3,200,exp,128,0,0.3172246919003895,0.022178624756634235,33,False,0.02247550936895093,1
syn_K3_m200_s1_cancel,synthetic,cancel,3,200,exp,128,1,0.3397002012678918,0.022524125408381224,33,False,1.4486190025309043e-12,0
syn_K3_m200_s1_cancel,synthetic,cancel,3,200,exp,128,2,0.33970020126932754,0.02229341585189104,33,False,1.2878587085651816e-14,0
syn_K3_m200_s1_cancel,synthetic,cancel,3,200,exp,128,3,0.3397002012423467,0.022966207936406136,34,False,2.699374057613113e-11,0
syn_K3_m200_s1_cancel,synthetic,cancel,3,200,exp,128,4,0.3172246919003895,0.023216333240270615,35,False,0.02247550936895093,1
syn_K3_m200_s1_cancel,synthetic,cancel,3,200,exp,128,5,0.3397002012693404,0.022389584220945835,34,False,0.0,0
syn_K3_m200_s1_cancel,synthetic,cancel,3,200,exp,128,6,0.3397002012692163,0.023168541956692934,35,False,1.241229341530925e-13,0
syn_K3_m200_s1_cancel,synthetic,cancel,3,200,exp,128,7,0.32400270412380405,0.023295124992728233,35,False,0.015697497145536365,1
syn_K3_m200_s1_cancel,synthetic,cancel,3,200,exp,128,8,0.3172246919003895,0.022938000038266182,35,False,0.02247550936895093,1
syn_K3_m200_s1_cancel,synthetic,cancel,3,200,exp,128,9,0.3397002012693332,0.022499416954815388,34,False,7.216449660063518e-15,0
syn_K3_m200_s1_cancel,synthetic,cancel,3,200,exp,128,10,0.33970020126515,0.021748333238065243,32,False,4.190425784145191e-12,0
syn_K3_m200_s1_cancel,synthetic,cancel,3,200,exp,128,11,0.3397002012461028,0.02082145819440484,31,False,2.32376340392193e-11,0
syn_K3_m200_s1_cancel,synthetic,cancel,3,200,exp,128,12,0.33970020121914213,0.02413020795211196,36,False,5.01982899692166e-11,0
syn_K3_m200_s1_cancel,synthetic,cancel,3,200,exp,128,13,0.3172246919003895,0.0227162498049438,35,False,0.02247550936895093,1
syn_K3_m200_s1_cancel,synthetic,cancel,3,200,exp,128,14,0.33970020126666867,0.021568333264440298,32,False,2.6717517087604392e-12,0
syn_K3_m200_s1_cancel,synthetic,cancel,3,200,exp,128,15,0.33970020126799927,0.0220380830578506,32,False,1.341149413747189e-12,0
syn_K3_m200_s1_cancel,synthetic,cancel,3,200,exp,128,16,0.33970020122411904,0.021768500097095966,33,False,4.522138219442695e-11,0
syn_K3_m200_s1_cancel,synthetic,cancel,3,200,exp,128,17,0.3397002012693384,0.021742624696344137,33,False,1.9984014443252818e-15,0
syn_K3_m200_s1_cancel,synthetic,cancel,3,200,exp,128,18,0.33970020126817335,0.025780250318348408,38,False,1.1670664434859646e-12,0
syn_K3_m200_s1_cancel,synthetic,cancel,3,200,exp,128,19,0.3172246919003895,0.019975166767835617,30,False,0.02247550936895093,1
syn_K3_m200_s1_cancel,synthetic,cancel,3,200,exp,128,20,0.3397002012683151,0.023042333777993917,34,False,1.025290963241332e-12,0
syn_K3_m200_s1_cancel,synthetic,cancel,3,200,exp,128,21,0.33970020126777756,0.023893666919320822,35,False,1.5628609517648329e-12,0
syn_K3_m200_s1_cancel,synthetic,cancel,3,200,exp,128,22,0.3397002012685134,0.02407941734418273,35,False,8.270051310432791e-13,0
syn_K3_m200_s1_cancel,synthetic,cancel,3,200,exp,128,23,0.3397002012684138,0.022820915561169386,34,False,9.265921363521556e-13,0
syn_K3_m200_s1_cancel,synthetic,cancel,3,200,exp,128,24,0.3172246919003895,0.024544000159949064,37,False,0.02247550936895093,1
syn_K3_m200_s1_cancel,synthetic,cancel,3,200,exp,128,25,0.3240027117085109,0.02298829099163413,34,False,0.015697489560829503,1
syn_K3_m200_s1_cancel,synthetic,cancel,3,200,exp,128,26,0.3397002012640571,0.02362925000488758,36,False,5.283329329586195e-12,0
syn_K3_m200_s1_cancel,synthetic,cancel,3,200,exp,128,27,0.3397002012693404,0.022944415919482708,34,False,0.0,0
syn_K3_m200_s1_cancel,synthetic,cancel,3,200,exp,128,28,0.3172246919003895,0.0231669582426548,35,False,0.02247550936895093,1
syn_K3_m200_s1_cancel,synthetic,cancel,3,200,exp,128,29,0.3172246919003895,0.02137874998152256,32,False,0.02247550936895093,1
syn_K3_m200_s1_cancel,synthetic,cancel,3,200,exp,128,30,0.3240027117199661,0.02314849989488721,36,False,0.015697489549374333,1
syn_K3_m200_s1_cancel,synthetic,cancel,3,200,exp,128,31,0.33970020126933775,0.0244636251591146,36,False,2.6645352591003757e-15,0
syn_K3_m200_s1_cancel,synthetic,cancel,3,200,exp,128,32,0.3240027063290283,0.02432037517428398,37,False,0.01569749494031214,1
syn_K3_m200_s1_cancel,synthetic,cancel,3,200,exp,128,33,0.3240027117199916,0.024322334211319685,37,False,0.015697489549348798,1
syn_K3_m200_s1_cancel,synthetic,cancel,3,200,exp,128,34,0.3172246919003895,0.023783625103533268,36,False,0.02247550936895093,1
syn_K3_m200_s1_cancel,synthetic,cancel,3,200,exp,128,35,0.33970020125943967,0.023393250070512295,35,False,9.900746889002221e-12,0
syn_K3_m200_s1_cancel,synthetic,cancel,3,200,exp,128,36,0.3172246919003895,0.023569541983306408,36,False,0.02247550936895093,1
syn_K3_m200_s1_cancel,synthetic,cancel,3,200,exp,128,37,0.3397002012680289,0.022010999731719494,33,False,1.3115064589896974e-12,0
syn_K3_m200_s1_cancel,synthetic,cancel,3,200,exp,128,38,0.33970020123340716,0.023213500156998634,35,False,3.593325637041289e-11,0
syn_K3_m200_s1_cancel,synthetic,cancel,3,200,exp,128,39,0.3240027117106903,0.02263491600751877,34,False,0.015697489558650135,1
syn_K3_m200_s1_cancel,synthetic,cancel,3,200,exp,128,40,0.3397002012691859,0.021728374995291233,32,False,1.545430450278218e-13,0
syn_K3_m200_s1_cancel,synthetic,cancel,3,200,exp,128,41,0.32400271167126105,0.022791708819568157,33,False,0.015697489598079373,1
syn_K3_m200_s1_cancel,synthetic,cancel,3,200,exp,128,42,0.3397002012693404,0.023400084115564823,35,False,0.0,0
syn_K3_m200_s1_cancel,synthetic,cancel,3,200,exp,128,43,0.3397001998067718,0.02368266601115465,35,False,1.462568621768412e-09,0
syn_K3_m200_s1_cancel,synthetic,cancel,3,200,exp,128,44,0.3172246919003895,0.020608958322554827,30,False,0.02247550936895093,1
syn_K3_m200_s1_cancel,synthetic,cancel,3,200,exp,128,45,0.3397002012677508,0.023070165887475014,35,False,1.5896173266582991e-12,0
syn_K3_m200_s1_cancel,synthetic,cancel,3,200,exp,128,46,0.3397002012645235,0.02153783291578293,32,False,4.816924636941167e-12,0
syn_K3_m200_s1_cancel,synthetic,cancel,3,200,exp,128,47,0.32400271171911077,0.02240333380177617,34,False,0.01569748955022965,1
syn_K3_m200_s1_cancel,synthetic,cancel,3,200,exp,128,48,0.3240027115447248,0.02367425011470914,35,False,0.0156974897246156,1
syn_K3_m200_s1_cancel,synthetic,cancel,3,200,exp,128,49,0.3240027117199964,0.024703000206500292,37,False,0.015697489549344024,1
syn_K3_m200_s1_cancel,synthetic,cancel,3,200,exp,512,0,0.339700201269337,0.022372624836862087,33,False,3.4416913763379853e-15,0
syn_K3_m200_s1_cancel,synthetic,cancel,3,200,exp,512,1,0.3397002012677319,0.02326041692867875,35,False,1.6084911180769268e-12,0
syn_K3_m200_s1_cancel,synthetic,cancel,3,200,exp,512,2,0.3240027117199964,0.02333979122340679,35,False,0.015697489549344024,1
syn_K3_m200_s1_cancel,synthetic,cancel,3,200,exp,512,3,0.32400271171999406,0.021448624785989523,32,False,0.015697489549346355,1
syn_K3_m200_s1_cancel,synthetic,cancel,3,200,exp,512,4,0.33970020123859557,0.02118541719391942,32,False,3.074485110943215e-11,0
syn_K3_m200_s1_cancel,synthetic,cancel,3,200,exp,512,5,0.3397002012693404,0.02175499964505434,32,False,0.0,0
syn_K3_m200_s1_cancel,synthetic,cancel,3,200,exp,512,6,0.33970020126934,0.02217670902609825,33,False,4.440892098500626e-16,0
syn_K3_m200_s1_cancel,synthetic,cancel,3,200,exp,512,7,0.3397002003966755,0.023887542076408863,34,False,8.726649403101305e-10,0
syn_K3_m200_s1_cancel,synthetic,cancel,3,200,exp,512,8,0.3397002012658298,0.02347883302718401,34,False,3.5106362261672075e-12,0
syn_K3_m200_s1_cancel,synthetic,cancel,3,200,exp,512,9,0.3240027117191979,0.021895375102758408,32,False,0.015697489550142496,1
syn_K3_m200_s1_cancel,synthetic,cancel,3,200,exp,512,10,0.33970020126905864,0.022181082982569933,32,False,2.8177460364986473e-13,0
syn_K3_m200_s1_cancel,synthetic,cancel,3,200,exp,512,11,0.33970020126689904,0.023411749862134457,34,False,2.4413804311507192e-12,0
syn_K3_m200_s1_cancel,synthetic,cancel,3,200,exp,512,12,0.3397002012678081,0.021793833002448082,32,False,1.532329818587641e-12,0
syn_K3_m200_s1_cancel,synthetic,cancel,3,200,exp,512,13,0.3397002012693384,0.023111624643206596,35,False,1.9984014443252818e-15,0
syn_K3_m200_s1_cancel,synthetic,cancel,3,200,exp,512,14,0.33970020126934,0.021317457780241966,31,False,4.440892098500626e-16,0
syn_K3_m200_s1_cancel,synthetic,cancel,3,200,exp,512,15,0.32400271165589034,0.020245958119630814,30,False,0.015697489613450077,1
syn_K3_m200_s1_cancel,synthetic,cancel,3,200,exp,512,16,0.3397002012637166,0.022227666806429625,33,False,5.6238347312387305e-12,0
syn_K3_m200_s1_cancel,synthetic,cancel,3,200,exp,512,17,0.3397002012530035,0.022191583178937435,33,False,1.633693180735918e-11,0
syn_K3_m200_s1_cancel,synthetic,cancel,3,200,exp,512,18,0.33970020126928024,0.02101129200309515,30,False,6.017408793468348e-14,0
syn_K3_m200_s1_cancel,synthetic,cancel,3,200,exp,512,19,0.339700201269339,0.022331250365823507,33,False,1.4432899320127035e-15,0
syn_K3_m200_s1_cancel,synthetic,cancel,3,200,exp,512,20,0.33970020126934,0.0217545828782022,33,False,4.440892098500626e-16,0
syn_K3_m200_s1_cancel,synthetic,cancel,3,200,exp,512,21,0.33970020126387124,0.020494665950536728,30,False,5.469180663908446e-12,0
syn_K3_m200_s1_cancel,synthetic,cancel,3,200,exp,512,22,0.3397002012692303,0.022250832989811897,34,False,1.1013412404281553e-13,0
syn_K3_m200_s1_cancel,synthetic,cancel,3,200,exp,512,23,0.339700201217108,0.02209908375516534,33,False,5.2232440594934815e-11,0
syn_K3_m200_s1_cancel,synthetic,cancel,3,200,exp,512,24,0.33970020126767086,0.02217233320698142,33,False,1.6695533844313104e-12,0
syn_K3_m200_s1_cancel,synthetic,cancel,3,200,exp,512,25,0.339700201269337,0.022566291969269514,34,False,3.4416913763379853e-15,0
syn_K3_m200_s1_cancel,synthetic,cancel,3,200,exp,512,26,0.3240027117199631,0.02349979104474187,33,False,0.01569748954937733,1
syn_K3_m200_s1_cancel,synthetic,cancel,3,200,exp,512,27,0.33970020126925615,0.02396920882165432,36,False,8.426592756904938e-14,0
syn_K3_m200_s1_cancel,synthetic,cancel,3,200,exp,512,28,0.3397002012463204,0.022172790952026844,33,False,2.302003032639277e-11,0
syn_K3_m200_s1_cancel,synthetic,cancel,3,200,exp,512,29,0.3397002012688949,0.020846624858677387,31,False,4.455324997820753e-13,0
syn_K3_m200_s1_cancel,synthetic,cancel,3,200,exp,512,30,0.3397002012693394,0.02141229109838605,32,False,9.992007221626409e-16,0
syn_K3_m200_s1_cancel,synthetic,cancel,3,200,exp,512,31,0.3240027117199924,0.02109462535008788,30,False,0.01569748954934802,1
syn_K3_m200_s1_cancel,synthetic,cancel,3,200,exp,512,32,0.3397002012689616,0.021294124890118837,31,False,3.788080960021034e-13,0
syn_K3_m200_s1_cancel,synthetic,cancel,3,200,exp,512,33,0.33970020126933487,0.021159584168344736,31,False,5.551115123125783e-15,0
syn_K3_m200_s1_cancel,synthetic,cancel,3,200,exp,512,34,0.33970020126933054,0.022264291066676378,34,False,9.880984919163893e-15,0
syn_K3_m200_s1_cancel,synthetic,cancel,3,200,exp,512,35,0.33970020086744923,0.019916458055377007,29,False,4.018911869962949e-10,0
syn_K3_m200_s1_cancel,synthetic,cancel,3,200,exp,512,36,0.33970020126930134,0.02231875015422702,34,False,3.907985046680551e-14,0
syn_K3_m200_s1_cancel,synthetic,cancel,3,200,exp,512,37,0.3397002012692759,0.02065087528899312,31,False,6.45039577307216e-14,0
syn_K3_m200_s1_cancel,synthetic,cancel,3,200,exp,512,38,0.339700201269279,0.021792666986584663,32,False,6.139533326177116e-14,0
syn_K3_m200_s1_cancel,synthetic,cancel,3,200,exp,512,39,0.3397002012693283,0.022392291110008955,34,False,1.2101430968414206e-14,0
syn_K3_m200_s1_cancel,synthetic,cancel,3,200,exp,512,40,0.3397002012683651,0.022557207848876715,33,False,9.753309271332e-13,0
syn_K3_m200_s1_cancel,synthetic,cancel,3,200,exp,512,41,0.3397002012683753,0.020422499626874924,31,False,9.651168753066486e-13,0
syn_K3_m200_s1_cancel,synthetic,cancel,3,200,exp,512,42,0.339700201265718,0.021887667011469603,32,False,3.6224356847469608e-12,0
syn_K3_m200_s1_cancel,synthetic,cancel,3,200,exp,512,43,0.3240027114949695,0.02181708300486207,32,False,0.01569748977437091,1
syn_K3_m200_s1_cancel,synthetic,cancel,3,200,exp,512,44,0.33970020126850686,0.02265604166314006,33,False,8.335554468885675e-13,0
syn_K3_m200_s1_cancel,synthetic,cancel,3,200,exp,512,45,0.3397001946708612,0.020830917172133923,30,False,6.598479207475805e-09,0
syn_K3_m200_s1_cancel,synthetic,cancel,3,200,exp,512,46,0.339700201268729,0.02137912530452013,31,False,6.113998196610737e-13,0
syn_K3_m200_s1_cancel,synthetic,cancel,3,200,exp,512,47,0.3240027103225055,0.02143712481483817,31,False,0.015697490946834924,1
syn_K3_m200_s1_cancel,synthetic,cancel,3,200,exp,512,48,0.33970020126793377,0.021534291096031666,30,False,1.4066525722000733e-12,0
syn_K3_m200_s1_cancel,synthetic,cancel,3,200,exp,512,49,0.33970020126926503,0.021066958084702492,31,False,7.538414337204813e-14,0
syn_K3_m200_s1_cancel,synthetic,cancel,3,200,exp,2048,0,0.33970020126934,0.02265450032427907,32,False,4.440892098500626e-16,0
syn_K3_m200_s1_cancel,synthetic,cancel,3,200,exp,2048,1,0.33970020126931144,0.02214075019583106,32,False,2.8976820942716586e-14,0
syn_K3_m200_s1_cancel,synthetic,cancel,3,200,exp,2048,2,0.3397002012684197,0.021418541204184294,30,False,9.207079543216423e-13,0
syn_K3_m200_s1_cancel,synthetic,cancel,3,200,exp,2048,3,0.3397002012685112,0.021361915860325098,30,False,8.292255770925294e-13,0
syn_K3_m200_s1_cancel,synthetic,cancel,3,200,exp,2048,4,0.33970020126934,0.022722875233739614,33,False,4.440892098500626e-16,0
syn_K3_m200_s1_cancel,synthetic,cancel,3,200,exp,2048,5,0.339700201269018,0.020321458112448454,29,False,3.2240876635114546e-13,0
syn_K3_m200_s1_cancel,synthetic,cancel,3,200,exp,2048,6,0.33970020126847034,0.02176079200580716,31,False,8.700817843987352e-13,0
syn_K3_m200_s1_cancel,synthetic,cancel,3,200,exp,2048,7,0.3397002012693394,0.022988833021372557,33,False,9.992007221626409e-16,0
syn_K3_m200_s1_cancel,synthetic,cancel,3,200,exp,2048,8,0.33970020126934,0.02186099998652935,32,False,4.440892098500626e-16,0
syn_K3_m200_s1_cancel,synthetic,cancel,3,200,exp,2048,9,0.33970020123036915,0.021673666778951883,31,False,3.897127065499717e-11,0
syn_K3_m200_s1_cancel,synthetic,cancel,3,200,exp,2048,10,0.33970020126934,0.02216812502592802,32,False,4.440892098500626e-16,0
syn_K3_m200_s1_cancel,synthetic,cancel,3,200,exp,2048,11,0.33970020126933775,0.021915500052273273,31,False,2.6645352591003757e-15,0
syn_K3_m200_s1_cancel,synthetic,cancel,3,200,exp,2048,12,0.33970020126842326,0.021836374886333942,32,False,9.171552406428418e-13,0
syn_K3_m200_s1_cancel,synthetic,cancel,3,200,exp,2048,13,0.3397001994996338,0.021479459013789892,31,False,1.7697066034827458e-09,0
syn_K3_m200_s1_cancel,synthetic,cancel,3,200,exp,2048,14,0.3397002012684167,0.022439416963607073,32,False,9.237055564881302e-13,0
syn_K3_m200_s1_cancel,synthetic,cancel,3,200,exp,2048,15,0.3397002012693404,0.02169504202902317,31,False,0.0,0
syn_K3_m200_s1_cancel,synthetic,cancel,3,200,exp,2048,16,0.33970020126777534,0.02263112459331751,33,False,1.5650813978140832e-12,0
syn_K3_m200_s1_cancel,synthetic,cancel,3,200,exp,2048,17,0.3397002012683741,0.021788124926388264,31,False,9.663381206337363e-13,0
syn_K3_m200_s1_cancel,synthetic,cancel,3,200,exp,2048,18,0.3397002012693202,0.021384708117693663,31,False,2.020605904817785e-14,0
syn_K3_m200_s1_cancel,synthetic,cancel,3,200,exp,2048,19,0.33970020126933487,0.02255166694521904,33,False,5.551115123125783e-15,0
syn_K3_m200_s1_cancel,synthetic,cancel,3,200,exp,2048,20,0.33970020126781386,0.02096566604450345,31,False,1.5265566588595902e-12,0
syn_K3_m200_s1_cancel,synthetic,cancel,3,200,exp,2048,21,0.3397002012693404,0.02300770813599229,33,False,0.0,0
syn_K3_m200_s1_cancel,synthetic,cancel,3,200,exp,2048,22,0.33970020126934,0.022229875437915325,32,False,4.440892098500626e-16,0
syn_K3_m200_s1_cancel,synthetic,cancel,3,200,exp,2048,23,0.33970020126926725,0.023363042157143354,33,False,7.316369732279782e-14,0
syn_K3_m200_s1_cancel,synthetic,cancel,3,200,exp,2048,24,0.33970020126932376,0.023230042308568954,33,False,1.6653345369377348e-14,0
syn_K3_m200_s1_cancel,synthetic,cancel,3,200,exp,2048,25,0.339700201269339,0.022004457656294107,31,False,1.4432899320127035e-15,0
syn_K3_m200_s1_cancel,synthetic,cancel,3,200,exp,2048,26,0.3397002012660957,0.021545375231653452,31,False,3.2447378117694825e-12,0
syn_K3_m200_s1_cancel,synthetic,cancel,3,200,exp,2048,27,0.3397002012693404,0.02268737507984042,33,False,0.0,0
syn_K3_m200_s1_cancel,synthetic,cancel,3,200,exp,2048,28,0.33970020126934,0.02138754166662693,31,False,4.440892098500626e-16,0
syn_K3_m200_s1_cancel,synthetic,cancel,3,200,exp,2048,29,0.33970020125724043,0.023633666802197695,34,False,1.2099987678482194e-11,0
syn_K3_m200_s1_cancel,synthetic,cancel,3,200,exp,2048,30,0.33970020126673417,0.020913667045533657,30,False,2.606248550307555e-12,0
syn_K3_m200_s1_cancel,synthetic,cancel,3,200,exp,2048,31,0.3397002012693108,0.023357708007097244,34,False,2.964295475749168e-14,0
syn_K3_m200_s1_cancel,synthetic,cancel,3,200,exp,2048,32,0.3397002012691277,0.022246667183935642,32,False,2.1271873151818e-13,0
syn_K3_m200_s1_cancel,synthetic,cancel,3,200,exp,2048,33,0.33970020126917644,0.02190783293917775,31,False,1.6397994073713562e-13,0
syn_K3_m200_s1_cancel,synthetic,cancel,3,200,exp,2048,34,0.33970020126934,0.023781208787113428,34,False,4.440892098500626e-16,0
syn_K3_m200_s1_cancel,synthetic,cancel,3,200,exp,2048,35,0.3397002012693404,0.020214082673192024,29,False,0.0,0
syn_K3_m200_s1_cancel,synthetic,cancel,3,200,exp,2048,36,0.3397002012693341,0.021357417106628418,31,False,6.328271240363392e-15,0
syn_K3_m200_s1_cancel,synthetic,cancel,3,200,exp,2048,37,0.3397002012693404,0.02218141732737422,32,False,0.0,0
syn_K3_m200_s1_cancel,synthetic,cancel,3,200,exp,2048,38,0.33970020126924194,0.022440125234425068,33,False,9.847678228425139e-14,0
syn_K3_m200_s1_cancel,synthetic,cancel,3,200,exp,2048,39,0.33970019249810957,0.022939749993383884,33,False,8.771230852744338e-09,0
syn_K3_m200_s1_cancel,synthetic,cancel,3,200,exp,2048,40,0.3397002012693384,0.022727624978870153,33,False,1.9984014443252818e-15,0
syn_K3_m200_s1_cancel,synthetic,cancel,3,200,exp,2048,41,0.33970020126934,0.023195750080049038,33,False,4.440892098500626e-16,0
syn_K3_m200_s1_cancel,synthetic,cancel,3,200,exp,2048,42,0.3397002012691265,0.023691207636147738,34,False,2.1393997684526767e-13,0
syn_K3_m200_s1_cancel,synthetic,cancel,3,200,exp,2048,43,0.33970020126932476,0.022093582898378372,31,False,1.5654144647214707e-14,0
syn_K3_m200_s1_cancel,synthetic,cancel,3,200,exp,2048,44,0.33970020126934,0.023356416262686253,34,False,4.440892098500626e-16,0
syn_K3_m200_s1_cancel,synthetic,cancel,3,200,exp,2048,45,0.33970019850401,0.021440625190734863,31,False,2.7653304091046493e-09,0
syn_K3_m200_s1_cancel,synthetic,cancel,3,200,exp,2048,46,0.33970020073256013,0.021048083901405334,30,False,5.367802868860849e-10,0
syn_K3_m200_s1_cancel,synthetic,cancel,3,200,exp,2048,47,0.3397002012693404,0.02325124992057681,34,False,0.0,0
syn_K3_m200_s1_cancel,synthetic,cancel,3,200,exp,2048,48,0.3397002012692093,0.021849332842975855,32,False,1.31117339208231e-13,0
syn_K3_m200_s1_cancel,synthetic,cancel,3,200,exp,2048,49,0.3397002012693202,0.022377459332346916,32,False,2.020605904817785e-14,0
syn_K3_m200_s1_cancel,synthetic,cancel,3,200,sobol,128,0,0.339700201257756,0.022681749891489744,34,False,1.1584400105846271e-11,0
syn_K3_m200_s1_cancel,synthetic,cancel,3,200,sobol,128,1,0.32400271083993704,0.025221291929483414,38,False,0.015697490429403382,1
syn_K3_m200_s1_cancel,synthetic,cancel,3,200,sobol,128,2,0.324002711613266,0.023846415802836418,36,False,0.015697489656074426,1
syn_K3_m200_s1_cancel,synthetic,cancel,3,200,sobol,128,3,0.33970020109103327,0.023948125075548887,36,False,1.7830714682531834e-10,0
syn_K3_m200_s1_cancel,synthetic,cancel,3,200,sobol,128,4,0.32400271170676864,0.023115749936550856,35,False,0.015697489562571776,1
syn_K3_m200_s1_cancel,synthetic,cancel,3,200,sobol,128,5,0.324002711705343,0.022497625090181828,33,False,0.015697489563997413,1
syn_K3_m200_s1_cancel,synthetic,cancel,3,200,sobol,128,6,0.3172246919003895,0.02325874986127019,34,False,0.02247550936895093,1
syn_K3_m200_s1_cancel,synthetic,cancel,3,200,sobol,128,7,0.33970020126913125,0.022657208144664764,33,False,2.091660178393795e-13,0
syn_K3_m200_s1_cancel,synthetic,cancel,3,200,sobol,128,8,0.32400271154865723,0.02357908384874463,34,False,0.01569748972068319,1
syn_K3_m200_s1_cancel,synthetic,cancel,3,200,sobol,128,9,0.33970020054320227,0.024470459204167128,36,False,7.261381496093122e-10,0
syn_K3_m200_s1_cancel,synthetic,cancel,3,200,sobol,128,10,0.3240027117199361,0.02498758304864168,38,False,0.01569748954940431,1
syn_K3_m200_s1_cancel,synthetic,cancel,3,200,sobol,128,11,0.32400271132572633,0.022245250176638365,33,False,0.015697489943614085,1
syn_K3_m200_s1_cancel,synthetic,cancel,3,200,sobol,128,12,0.3172246919003895,0.021145000122487545,31,False,0.02247550936895093,1
syn_K3_m200_s1_cancel,synthetic,cancel,3,200,sobol,128,13,0.33970020126932254,0.024916041176766157,37,False,1.787459069646502e-14,0
syn_K3_m200_s1_cancel,synthetic,cancel,3,200,sobol,128,14,0.33970020126925715,0.022683165967464447,34,False,8.326672684688674e-14,0
syn_K3_m200_s1_cancel,synthetic,cancel,3,200,sobol,128,15,0.3397002010064937,0.023612374905496836,35,False,2.628467443699378e-10,0
syn_K3_m200_s1_cancel,synthetic,cancel,3,200,sobol,128,16,0.3172246919003895,0.023383958265185356,35,False,0.02247550936895093,1
syn_K3_m200_s1_cancel,synthetic,cancel,3,200,sobol,128,17,0.3172246919003895,0.022378624882549047,33,False,0.02247550936895093,1
syn_K3_m200_s1_cancel,synthetic,cancel,3,200,sobol,128,18,0.3397002012584185,0.02318708272650838,34,False,1.092193002705244e-11,0
syn_K3_m200_s1_cancel,synthetic,cancel,3,200,sobol,128,19,0.3240027117199964,0.020963374990969896,32,False,0.015697489549344024,1
syn_K3_m200_s1_cancel,synthetic,cancel,3,200,sobol,128,20,0.3397002012693404,0.022333416622132063,34,False,0.0,0
syn_K3_m200_s1_cancel,synthetic,cancel,3,200,sobol,128,21,0.32400271171715544,0.021895582787692547,33,False,0.015697489552184973,1
syn_K3_m200_s1_cancel,synthetic,cancel,3,200,sobol,128,22,0.33970019340347546,0.0228701657615602,34,False,7.865864959377689e-09,0
syn_K3_m200_s1_cancel,synthetic,cancel,3,200,sobol,128,23,0.3397002011275796,0.02158904168754816,33,False,1.4176082530070744e-10,0
syn_K3_m200_s1_cancel,synthetic,cancel,3,200,sobol,128,24,0.3240027117199864,0.023990999907255173,36,False,0.015697489549354016,1
syn_K3_m200_s1_cancel,synthetic,cancel,3,200,sobol,128,25,0.33970020124697986,0.02258879179134965,34,False,2.2360557849765428e-11,0
syn_K3_m200_s1_cancel,synthetic,cancel,3,200,sobol,128,26,0.33970020126779643,0.023848250042647123,36,False,1.5439871603462052e-12,0
syn_K3_m200_s1_cancel,synthetic,cancel,3,200,sobol,128,27,0.3397002012689847,0.021702291909605265,33,False,3.5571545708990016e-13,0
syn_K3_m200_s1_cancel,synthetic,cancel,3,200,sobol,128,28,0.3172246919003895,0.0235899998806417,35,False,0.02247550936895093,1
syn_K3_m200_s1_cancel,synthetic,cancel,3,200,sobol,128,29,0.33970020100957754,0.020289999898523092,30,False,2.5976287787443653e-10,0
syn_K3_m200_s1_cancel,synthetic,cancel,3,200,sobol,128,30,0.3397002012688838,0.024076624773442745,36,False,4.566347300283269e-13,0
syn_K3_m200_s1_cancel,synthetic,cancel,3,200,sobol,128,31,0.33970020126934,0.024132917169481516,36,False,4.440892098500626e-16,0
syn_K3_m200_s1_cancel,synthetic,cancel,3,200,sobol,128,32,0.339700201269296,0.021112625021487474,31,False,4.440892098500626e-14,0
syn_K3_m200_s1_cancel,synthetic,cancel,3,200,sobol,128,33,0.33970020123484856,0.0231415000744164,35,False,3.449185381754205e-11,0
syn_K3_m200_s1_cancel,synthetic,cancel,3,200,sobol,128,34,0.3397002012692615,0.022298249881714582,33,False,7.893685705084863e-14,0
syn_K3_m200_s1_cancel,synthetic,cancel,3,200,sobol,128,35,0.3397002012693353,0.02233941573649645,32,False,5.10702591327572e-15,0
syn_K3_m200_s1_cancel,synthetic,cancel,3,200,sobol,128,36,0.33970020126920564,0.02198870899155736,33,False,1.34781075189494e-13,0
syn_K3_m200_s1_cancel,synthetic,cancel,3,200,sobol,128,37,0.3240027109325766,0.020839249715209007,31,False,0.01569749033676382,1
syn_K3_m200_s1_cancel,synthetic,cancel,3,200,sobol,128,38,0.3397002012693404,0.022582917008548975,34,False,0.0,0
syn_K3_m200_s1_cancel,synthetic,cancel,3,200,sobol,128,39,0.33970020126798095,0.022662959061563015,34,False,1.3594680936535042e-12,0
syn_K3_m200_s1_cancel,synthetic,cancel,3,200,sobol,128,40,0.3397002012677728,0.02407174976542592,36,False,1.567634910770721e-12,0
syn_K3_m200_s1_cancel,synthetic,cancel,3,200,sobol,128,41,0.3397002009554573,0.022950457874685526,34,False,3.1388314170044396e-10,0
syn_K3_m200_s1_cancel,synthetic,cancel,3,200,sobol,128,42,0.33970020126934,0.021342209074646235,32,False,4.440892098500626e-16,0
syn_K3_m200_s1_cancel,synthetic,cancel,3,200,sobol,128,43,0.3397002012684568,0.020650084130465984,31,False,8.836265052991621e-13,0
syn_K3_m200_s1_cancel,synthetic,cancel,3,200,sobol,128,44,0.3397002012683449,0.023318958934396505,35,False,9.955369861813779e-13,0
syn_K3_m200_s1_cancel,synthetic,cancel,3,200,sobol,128,45,0.33970020126907696,0.022956624627113342,34,False,2.6345592374354965e-13,0
syn_K3_m200_s1_cancel,synthetic,cancel,3,200,sobol,128,46,0.33970020126898526,0.022725332994014025,34,False,3.551603455775876e-13,0
syn_K3_m200_s1_cancel,synthetic,cancel,3,200,sobol,128,47,0.3172246919003895,0.024461790919303894,37,False,0.02247550936895093,1
syn_K3_m200_s1_cancel,synthetic,cancel,3,200,sobol,128,48,0.3397002012327086,0.02231362508609891,34,False,3.663180869750704e-11,0
syn_K3_m200_s1_cancel,synthetic,cancel,3,200,sobol,128,49,0.3172246919003895,0.022597167175263166,34,False,0.02247550936895093,1
syn_K3_m200_s1_cancel,synthetic,cancel,3,200,sobol,512,0,0.3397001991714841,0.02052579214796424,30,False,2.097856333094228e-09,0
syn_K3_m200_s1_cancel,synthetic,cancel,3,200,sobol,512,1,0.339700201269337,0.02190670883283019,33,False,3.4416913763379853e-15,0
syn_K3_m200_s1_cancel,synthetic,cancel,3,200,sobol,512,2,0.33970019499805026,0.02292104111984372,34,False,6.271290153847531e-09,0
syn_K3_m200_s1_cancel,synthetic,cancel,3,200,sobol,512,3,0.3397002012692839,0.021369708236306906,32,False,5.651035195342047e-14,0
syn_K3_m200_s1_cancel,synthetic,cancel,3,200,sobol,512,4,0.33970020126855105,0.022092499770224094,33,False,7.893685705084863e-13,0
syn_K3_m200_s1_cancel,synthetic,cancel,3,200,sobol,512,5,0.33970020126929257,0.022409332916140556,34,False,4.785061236134425e-14,0
syn_K3_m200_s1_cancel,synthetic,cancel,3,200,sobol,512,6,0.33970020126933054,0.022769332863390446,34,False,9.880984919163893e-15,0
syn_K3_m200_s1_cancel,synthetic,cancel,3,200,sobol,512,7,0.3397002012685518,0.02158920792862773,32,False,7.885914143912487e-13,0
syn_K3_m200_s1_cancel,synthetic,cancel,3,200,sobol,512,8,0.3397002012693404,0.020553292240947485,30,False,0.0,0
syn_K3_m200_s1_cancel,synthetic,cancel,3,200,sobol,512,9,0.33970020126933265,0.0227763750590384,34,False,7.771561172376096e-15,0
syn_K3_m200_s1_cancel,synthetic,cancel,3,200,sobol,512,10,0.3397002012693291,0.02340954216197133,35,False,1.1324274851176597e-14,0
syn_K3_m200_s1_cancel,synthetic,cancel,3,200,sobol,512,11,0.3397002012693283,0.02087104134261608,31,False,1.2101430968414206e-14,0
syn_K3_m200_s1_cancel,synthetic,cancel,3,200,sobol,512,12,0.33970020126934,0.02327379211783409,35,False,4.440892098500626e-16,0
syn_K3_m200_s1_cancel,synthetic,cancel,3,200,sobol,512,13,0.3397002012693189,0.023808333091437817,36,False,2.1538326677728037e-14,0
syn_K3_m200_s1_cancel,synthetic,cancel,3,200,sobol,512,14,0.3397002012692514,0.021382666658610106,33,False,8.903988657493755e-14,0
syn_K3_m200_s1_cancel,synthetic,cancel,3,200,sobol,512,15,0.33970020126693534,0.02149295900017023,32,False,2.4050761382454766e-12,0
syn_K3_m200_s1_cancel,synthetic,cancel,3,200,sobol,512,16,0.3397001977755658,0.0221408330835402,30,False,3.4937746029584105e-09,0
syn_K3_m200_s1_cancel,synthetic,cancel,3,200,sobol,512,17,0.33970020126931744,0.03918479196727276,33,False,2.298161660974074e-14,0
syn_K3_m200_s1_cancel,synthetic,cancel,3,200,sobol,512,18,0.339700201269339,0.02488249959424138,31,False,1.4432899320127035e-15,0
syn_K3_m200_s1_cancel,synthetic,cancel,3,200,sobol,512,19,0.3397002012693159,0.022706124931573868,34,False,2.453592884421596e-14,0
syn_K3_m200_s1_cancel,synthetic,cancel,3,200,sobol,512,20,0.3240027109590521,0.02200504159554839,33,False,0.01569749031028833,1
syn_K3_m200_s1_cancel,synthetic,cancel,3,200,sobol,512,21,0.3397002012693404,0.0217120423913002,32,False,0.0,0
syn_K3_m200_s1_cancel,synthetic,cancel,3,200,sobol,512,22,0.339700201269339,0.02096937457099557,32,False,1.4432899320127035e-15,0
syn_K3_m200_s1_cancel,synthetic,cancel,3,200,sobol,512,23,0.339700201269331,0.02237100014463067,33,False,9.43689570931383e-15,0
syn_K3_m200_s1_cancel,synthetic,cancel,3,200,sobol,512,24,0.3397002012693404,0.02093558292835951,32,False,0.0,0
syn_K3_m200_s1_cancel,synthetic,cancel,3,200,sobol,512,25,0.33970020126931,0.02203108323737979,33,False,3.042011087472929e-14,0
syn_K3_m200_s1_cancel,synthetic,cancel,3,200,sobol,512,26,0.33970020126836,0.022314665839076042,34,False,9.804379530464757e-13,0
syn_K3_m200_s1_cancel,synthetic,cancel,3,200,sobol,512,27,0.3397002012653717,0.023531333077698946,35,False,3.968714246127547e-12,0
syn_K3_m200_s1_cancel,synthetic,cancel,3,200,sobol,512,28,0.3397002012673731,0.022878082934767008,34,False,1.9673151996357774e-12,0
syn_K3_m200_s1_cancel,synthetic,cancel,3,200,sobol,512,29,0.324002711719114,0.023105208296328783,35,False,0.01569748955022643,1
syn_K3_m200_s1_cancel,synthetic,cancel,3,200,sobol,512,30,0.33970020126934,0.023052332922816277,35,False,4.440892098500626e-16,0
syn_K3_m200_s1_cancel,synthetic,cancel,3,200,sobol,512,31,0.33970020126934,0.021586999762803316,32,False,4.440892098500626e-16,0
syn_K3_m200_s1_cancel,synthetic,cancel,3,200,sobol,512,32,0.3397002012693404,0.02169416705146432,33,False,0.0,0
syn_K3_m200_s1_cancel,synthetic,cancel,3,200,sobol,512,33,0.3240027112559505,0.02222995785996318,33,False,0.015697490013389936,1
syn_K3_m200_s1_cancel,synthetic,cancel,3,200,sobol,512,34,0.33970020126924627,0.021660250145941973,32,False,9.414691248821327e-14,0
syn_K3_m200_s1_cancel,synthetic,cancel,3,200,sobol,512,35,0.3397002012693353,0.021295832935720682,32,False,5.10702591327572e-15,0
syn_K3_m200_s1_cancel,synthetic,cancel,3,200,sobol,512,36,0.3397002012693404,0.023376333061605692,34,False,0.0,0
syn_K3_m200_s1_cancel,synthetic,cancel,3,200,sobol,512,37,0.3397002012691581,0.02353566698729992,34,False,1.822986206434507e-13,0
syn_K3_m200_s1_cancel,synthetic,cancel,3,200,sobol,512,38,0.3397002012693404,0.022382499650120735,33,False,0.0,0
syn_K3_m200_s1_cancel,synthetic,cancel,3,200,sobol,512,39,0.3397002012685716,0.022640707902610302,34,False,7.688294445529209e-13,0
syn_K3_m200_s1_cancel,synthetic,cancel,3,200,sobol,512,40,0.3397002012693291,0.021513208746910095,32,False,1.1324274851176597e-14,0
syn_K3_m200_s1_cancel,synthetic,cancel,3,200,sobol,512,41,0.33970020126934,0.021604749839752913,32,False,4.440892098500626e-16,0
syn_K3_m200_s1_cancel,synthetic,cancel,3,200,sobol,512,42,0.33970020125121614,0.021149749867618084,31,False,1.8124279854703218e-11,0
syn_K3_m200_s1_cancel,synthetic,cancel,3,200,sobol,512,43,0.3397002012690472,0.021719916723668575,32,False,2.9320990080350384e-13,0
syn_K3_m200_s1_cancel,synthetic,cancel,3,200,sobol,512,44,0.3397002012626261,0.022280541714280844,33,False,6.714295786025559e-12,0
syn_K3_m200_s1_cancel,synthetic,cancel,3,200,sobol,512,45,0.33970020125908296,0.020723499823361635,31,False,1.0257461546814284e-11,0
syn_K3_m200_s1_cancel,synthetic,cancel,3,200,sobol,512,46,0.32400271171981765,0.019691333174705505,29,False,0.01569748954952277,1
syn_K3_m200_s1_cancel,synthetic,cancel,3,200,sobol,512,47,0.339700201268891,0.021236333064734936,32,False,4.4941828036826337e-13,0
syn_K3_m200_s1_cancel,synthetic,cancel,3,200,sobol,512,48,0.3397002012688949,0.021313208155333996,32,False,4.455324997820753e-13,0
syn_K3_m200_s1_cancel,synthetic,cancel,3,200,sobol,512,49,0.3397002012693404,0.02401662478223443,36,False,0.0,0
syn_K3_m200_s1_cancel,synthetic,cancel,3,200,sobol,2048,0,0.3397002012664615,0.022404207848012447,32,False,2.8789193251554934e-12,0
syn_K3_m200_s1_cancel,synthetic,cancel,3,200,sobol,2048,1,0.3397002012693404,0.021782124880701303,32,False,0.0,0
syn_K3_m200_s1_cancel,synthetic,cancel,3,200,sobol,2048,2,0.33970020126932254,0.02247950015589595,33,False,1.787459069646502e-14,0
syn_K3_m200_s1_cancel,synthetic,cancel,3,200,sobol,2048,3,0.33970020126929124,0.023161124903708696,33,False,4.9182879990894435e-14,0
syn_K3_m200_s1_cancel,synthetic,cancel,3,200,sobol,2048,4,0.33970020126934,0.02179724955931306,32,False,4.440892098500626e-16,0
syn_K3_m200_s1_cancel,synthetic,cancel,3,200,sobol,2048,5,0.33970020126917333,0.02274595806375146,33,False,1.6708856520608606e-13,0
syn_K3_m200_s1_cancel,synthetic,cancel,3,200,sobol,2048,6,0.33970020126934,0.023969541769474745,35,False,4.440892098500626e-16,0
syn_K3_m200_s1_cancel,synthetic,cancel,3,200,sobol,2048,7,0.3397002012689543,0.02184425015002489,32,False,3.8613556796462944e-13,0
syn_K3_m200_s1_cancel,synthetic,cancel,3,200,sobol,2048,8,0.33970020126918943,0.023235542234033346,35,False,1.509903313490213e-13,0
syn_K3_m200_s1_cancel,synthetic,cancel,3,200,sobol,2048,9,0.33970020126934,0.023584875278174877,34,False,4.440892098500626e-16,0
syn_K3_m200_s1_cancel,synthetic,cancel,3,200,sobol,2048,10,0.3397002012693384,0.021485458128154278,32,False,1.9984014443252818e-15,0
syn_K3_m200_s1_cancel,synthetic,cancel,3,200,sobol,2048,11,0.3397002012692615,0.022802916821092367,33,False,7.893685705084863e-14,0
syn_K3_m200_s1_cancel,synthetic,cancel,3,200,sobol,2048,12,0.33970020126934,0.021684500388801098,31,False,4.440892098500626e-16,0
syn_K3_m200_s1_cancel,synthetic,cancel,3,200,sobol,2048,13,0.3397002012689391,0.021908541209995747,32,False,4.013456234019941e-13,0
syn_K3_m200_s1_cancel,synthetic,cancel,3,200,sobol,2048,14,0.3397002012685437,0.023555874824523926,34,False,7.966960424710123e-13,0
syn_K3_m200_s1_cancel,synthetic,cancel,3,200,sobol,2048,15,0.3397001958132795,0.020414333324879408,29,False,5.456060936381846e-09,0
syn_K3_m200_s1_cancel,synthetic,cancel,3,200,sobol,2048,16,0.3397002012693404,0.021573792211711407,31,False,0.0,0
syn_K3_m200_s1_cancel,synthetic,cancel,3,200,sobol,2048,17,0.3397002012468783,0.02031166711822152,29,False,2.246214325651863e-11,0
syn_K3_m200_s1_cancel,synthetic,cancel,3,200,sobol,2048,18,0.33970020124681377,0.021652208175510168,32,False,2.252664721424935e-11,0
syn_K3_m200_s1_cancel,synthetic,cancel,3,200,sobol,2048,19,0.339700201269339,0.022547874599695206,33,False,1.4432899320127035e-15,0
syn_K3_m200_s1_cancel,synthetic,cancel,3,200,sobol,2048,20,0.33970020126933775,0.023606583010405302,35,False,2.6645352591003757e-15,0
syn_K3_m200_s1_cancel,synthetic,cancel,3,200,sobol,2048,21,0.3397002012689978,0.02139120828360319,31,False,3.426148253993233e-13,0
syn_K3_m200_s1_cancel,synthetic,cancel,3,200,sobol,2048,22,0.339700199893334,0.02117191581055522,31,False,1.3760064199175304e-09,0
syn_K3_m200_s1_cancel,synthetic,cancel,3,200,sobol,2048,23,0.339700201269034,0.021517375018447638,31,False,3.064215547965432e-13,0
syn_K3_m200_s1_cancel,synthetic,cancel,3,200,sobol,2048,24,0.3397002012693332,0.021596624981611967,32,False,7.216449660063518e-15,0
syn_K3_m200_s1_cancel,synthetic,cancel,3,200,sobol,2048,25,0.33970020126934,0.02223891718313098,32,False,4.440892098500626e-16,0
syn_K3_m200_s1_cancel,synthetic,cancel,3,200,sobol,2048,26,0.33970020126851264,0.023850792087614536,35,False,8.277822871605167e-13,0
syn_K3_m200_s1_cancel,synthetic,cancel,3,200,sobol,2048,27,0.3397002012693404,0.021423417143523693,31,False,0.0,0
syn_K3_m200_s1_cancel,synthetic,cancel,3,200,sobol,2048,28,0.33970020126918943,0.019028167240321636,27,False,1.509903313490213e-13,0
syn_K3_m200_s1_cancel,synthetic,cancel,3,200,sobol,2048,29,0.33970020126781986,0.021999875083565712,32,False,1.5205614545266144e-12,0
syn_K3_m200_s1_cancel,synthetic,cancel,3,200,sobol,2048,30,0.33970019522684003,0.021210750099271536,31,False,6.042500388936389e-09,0
syn_K3_m200_s1_cancel,synthetic,cancel,3,200,sobol,2048,31,0.3397002012686704,0.022610582876950502,33,False,6.70019595361282e-13,0
syn_K3_m200_s1_cancel,synthetic,cancel,3,200,sobol,2048,32,0.3397001999846275,0.023447792045772076,33,False,1.2847128916249062e-09,0
syn_K3_m200_s1_cancel,synthetic,cancel,3,200,sobol,2048,33,0.33970020126934,0.022356417030096054,32,False,4.440892098500626e-16,0
syn_K3_m200_s1_cancel,synthetic,cancel,3,200,sobol,2048,34,0.3397002012693283,0.02286458294838667,33,False,1.2101430968414206e-14,0
syn_K3_m200_s1_cancel,synthetic,cancel,3,200,sobol,2048,35,0.3397001962151941,0.021030666306614876,30,False,5.054146323679731e-09,0
syn_K3_m200_s1_cancel,synthetic,cancel,3,200,sobol,2048,36,0.33970020126932476,0.024228499736636877,35,False,1.5654144647214707e-14,0
syn_K3_m200_s1_cancel,synthetic,cancel,3,200,sobol,2048,37,0.339700201269339,0.021665541920810938,32,False,1.4432899320127035e-15,0
syn_K3_m200_s1_cancel,synthetic,cancel,3,200,sobol,2048,38,0.3397002012693404,0.023698708042502403,34,False,0.0,0
syn_K3_m200_s1_cancel,synthetic,cancel,3,200,sobol,2048,39,0.339700201269331,0.023703332990407944,34,False,9.43689570931383e-15,0
syn_K3_m200_s1_cancel,synthetic,cancel,3,200,sobol,2048,40,0.3397002012693404,0.023328667040914297,34,False,0.0,0
syn_K3_m200_s1_cancel,synthetic,cancel,3,200,sobol,2048,41,0.3397002012679876,0.02314712479710579,33,False,1.3528067555057532e-12,0
syn_K3_m200_s1_cancel,synthetic,cancel,3,200,sobol,2048,42,0.3397002012685155,0.020649374928325415,29,False,8.248957072964913e-13,0
syn_K3_m200_s1_cancel,synthetic,cancel,3,200,sobol,2048,43,0.33970020126893596,0.021802041679620743,31,False,4.0445424787094453e-13,0
syn_K3_m200_s1_cancel,synthetic,cancel,3,200,sobol,2048,44,0.3397002012684551,0.023529167287051678,33,False,8.852918398360998e-13,0
syn_K3_m200_s1_cancel,synthetic,cancel,3,200,sobol,2048,45,0.3397002012693404,0.023209125269204378,33,False,0.0,0
syn_K3_m200_s1_cancel,synthetic,cancel,3,200,sobol,2048,46,0.33970020126934,0.021651540882885456,31,False,4.440892098500626e-16,0
syn_K3_m200_s1_cancel,synthetic,cancel,3,200,sobol,2048,47,0.3397002012693384,0.022372707724571228,32,False,1.9984014443252818e-15,0
syn_K3_m200_s1_cancel,synthetic,cancel,3,200,sobol,2048,48,0.3397002012686602,0.02305387519299984,33,False,6.802336471878334e-13,0
syn_K3_m200_s1_cancel,synthetic,cancel,3,200,sobol,2048,49,0.33970020126826916,0.02313616592437029,33,False,1.0712541964608135e-12,0
syn_K3_m200_s2_gauss,synthetic,gauss,3,200,exp,128,0,11.045793790506343,0.015741582959890366,23,False,0.0,0
syn_K3_m200_s2_gauss,synthetic,gauss,3,200,exp,128,1,11.045793790506343,0.0130516248755157,19,False,0.0,0
syn_K3_m200_s2_gauss,synthetic,gauss,3,200,exp,128,2,11.045793790506343,0.013204041868448257,19,False,0.0,0
syn_K3_m200_s2_gauss,synthetic,gauss,3,200,exp,128,3,11.045793790506343,0.014280083123594522,21,False,0.0,0
syn_K3_m200_s2_gauss,synthetic,gauss,3,200,exp,128,4,11.045793790506343,0.01421591592952609,21,False,0.0,0
syn_K3_m200_s2_gauss,synthetic,gauss,3,200,exp,128,5,11.045793790506343,0.012693959288299084,18,False,0.0,0
syn_K3_m200_s2_gauss,synthetic,gauss,3,200,exp,128,6,11.045793790506343,0.015572791919112206,23,False,0.0,0
syn_K3_m200_s2_gauss,synthetic,gauss,3,200,exp,128,7,11.045793790506343,0.014490167144685984,21,False,0.0,0
syn_K3_m200_s2_gauss,synthetic,gauss,3,200,exp,128,8,11.045793790506343,0.017541375011205673,27,False,0.0,0
syn_K3_m200_s2_gauss,synthetic,gauss,3,200,exp,128,9,11.045793790506343,0.01314583420753479,19,False,0.0,0
syn_K3_m200_s2_gauss,synthetic,gauss,3,200,exp,128,10,11.045793790506343,0.012691083364188671,18,False,0.0,0
syn_K3_m200_s2_gauss,synthetic,gauss,3,200,exp,128,11,11.045793790506343,0.013331625144928694,19,False,0.0,0
syn_K3_m200_s2_gauss,synthetic,gauss,3,200,exp,128,12,11.045793790506343,0.012738540768623352,18,False,0.0,0
syn_K3_m200_s2_gauss,synthetic,gauss,3,200,exp,128,13,11.045793790506343,0.016479541081935167,23,False,0.0,0
syn_K3_m200_s2_gauss,synthetic,gauss,3,200,exp,128,14,11.045793790506343,0.01743962522596121,25,False,0.0,0
syn_K3_m200_s2_gauss,synthetic,gauss,3,200,exp,128,15,11.045793790506343,0.012140749953687191,17,False,0.0,0
syn_K3_m200_s2_gauss,synthetic,gauss,3,200,exp,128,16,11.045793790506343,0.01188362529501319,17,False,0.0,0
syn_K3_m200_s2_gauss,synthetic,gauss,3,200,exp,128,17,11.045793790506343,0.013773499988019466,19,False,0.0,0
syn_K3_m200_s2_gauss,synthetic,gauss,3,200,exp,128,18,11.045793790506343,0.013832082971930504,19,False,0.0,0
syn_K3_m200_s2_gauss,synthetic,gauss,3,200,exp,128,19,11.045793790506343,0.014214083086699247,21,False,0.0,0
syn_K3_m200_s2_gauss,synthetic,gauss,3,200,exp,128,20,11.045793790506343,0.013954624999314547,21,False,0.0,0
syn_K3_m200_s2_gauss,synthetic,gauss,3,200,exp,128,21,11.045793790506343,0.013423583004623652,19,False,0.0,0
syn_K3_m200_s2_gauss,synthetic,gauss,3,200,exp,128,22,11.045793790506343,0.01582554168999195,24,False,0.0,0
syn_K3_m200_s2_gauss,synthetic,gauss,3,200,exp,128,23,11.045793790506343,0.01699162507429719,26,False,0.0,0
syn_K3_m200_s2_gauss,synthetic,gauss,3,200,exp,128,24,11.045793790506343,0.014728374779224396,22,False,0.0,0
syn_K3_m200_s2_gauss,synthetic,gauss,3,200,exp,128,25,11.045793790506343,0.016935958061367273,26,False,0.0,0
syn_K3_m200_s2_gauss,synthetic,gauss,3,200,exp,128,26,11.045793790506343,0.015204875264316797,22,False,0.0,0
syn_K3_m200_s2_gauss,synthetic,gauss,3,200,exp,128,27,11.045793790506343,0.014843083918094635,21,False,0.0,0
syn_K3_m200_s2_gauss,synthetic,gauss,3,200,exp,128,28,11.045793790506343,0.01544004213064909,21,False,0.0,0
syn_K3_m200_s2_gauss,synthetic,gauss,3,200,exp,128,29,11.045793790506343,0.015021791215986013,21,False,0.0,0
syn_K3_m200_s2_gauss,synthetic,gauss,3,200,exp,128,30,11.045793790506343,0.01316391583532095,18,False,0.0,0
syn_K3_m200_s2_gauss,synthetic,gauss,3,200,exp,128,31,11.045793790506343,0.014547040686011314,21,False,0.0,0
syn_K3_m200_s2_gauss,synthetic,gauss,3,200,exp,128,32,11.045793790506343,0.01340370811522007,19,False,0.0,0
syn_K3_m200_s2_gauss,synthetic,gauss,3,200,exp,128,33,11.045793790506343,0.014008165802806616,20,False,0.0,0
syn_K3_m200_s2_gauss,synthetic,gauss,3,200,exp,128,34,11.045793790506343,0.012526457663625479,17,False,0.0,0
syn_K3_m200_s2_gauss,synthetic,gauss,3,200,exp,128,35,11.045793790506343,0.013647791929543018,20,False,0.0,0
syn_K3_m200_s2_gauss,synthetic,gauss,3,200,exp,128,36,11.045793790506343,0.015185958240181208,23,False,0.0,0
syn_K3_m200_s2_gauss,synthetic,gauss,3,200,exp,128,37,11.045793790506343,0.012202625162899494,17,False,0.0,0
syn_K3_m200_s2_gauss,synthetic,gauss,3,200,exp,128,38,11.045793790506343,0.01301558269187808,19,False,0.0,0
syn_K3_m200_s2_gauss,synthetic,gauss,3,200,exp,128,39,11.045793790506343,0.013766458723694086,20,False,0.0,0
syn_K3_m200_s2_gauss,synthetic,gauss,3,200,exp,128,40,11.045793790506343,0.016127499751746655,23,False,0.0,0
syn_K3_m200_s2_gauss,synthetic,gauss,3,200,exp,128,41,11.045793790506343,0.013783084228634834,20,False,0.0,0
syn_K3_m200_s2_gauss,synthetic,gauss,3,200,exp,128,42,11.045793790506343,0.01659754104912281,25,False,0.0,0
syn_K3_m200_s2_gauss,synthetic,gauss,3,200,exp,128,43,11.045793790506343,0.013155749998986721,19,False,0.0,0
syn_K3_m200_s2_gauss,synthetic,gauss,3,200,exp,128,44,11.045793790506343,0.011761708650738001,17,False,0.0,0
syn_K3_m200_s2_gauss,synthetic,gauss,3,200,exp,128,45,11.045793790506343,0.01369304209947586,20,False,0.0,0
syn_K3_m200_s2_gauss,synthetic,gauss,3,200,exp,128,46,11.045793790506343,0.014286207966506481,21,False,0.0,0
syn_K3_m200_s2_gauss,synthetic,gauss,3,200,exp,128,47,11.045793790506343,0.015537500381469727,22,False,0.0,0
syn_K3_m200_s2_gauss,synthetic,gauss,3,200,exp,128,48,11.045793790506343,0.013991042040288448,20,False,0.0,0
syn_K3_m200_s2_gauss,synthetic,gauss,3,200,exp,128,49,11.045793790506343,0.014694292098283768,22,False,0.0,0
syn_K3_m200_s2_gauss,synthetic,gauss,3,200,exp,512,0,11.045793790506343,0.011666708160191774,17,False,0.0,0
syn_K3_m200_s2_gauss,synthetic,gauss,3,200,exp,512,1,11.045793790506343,0.01216683303937316,18,False,0.0,0
syn_K3_m200_s2_gauss,synthetic,gauss,3,200,exp,512,2,11.045793790506343,0.013070833869278431,18,False,0.0,0
syn_K3_m200_s2_gauss,synthetic,gauss,3,200,exp,512,3,11.045793790506343,0.01344266626983881,19,False,0.0,0
syn_K3_m200_s2_gauss,synthetic,gauss,3,200,exp,512,4,11.045793790506343,0.012145291548222303,17,False,0.0,0
syn_K3_m200_s2_gauss,synthetic,gauss,3,200,exp,512,5,11.045793790506343,0.012088084127753973,17,False,0.0,0
syn_K3_m200_s2_gauss,synthetic,gauss,3,200,exp,512,6,11.045793790506343,0.012151708826422691,17,False,0.0,0
syn_K3_m200_s2_gauss,synthetic,gauss,3,200,exp,512,7,11.045793790506343,0.011827874928712845,17,False,0.0,0
syn_K3_m200_s2_gauss,synthetic,gauss,3,200,exp,512,8,11.045793790506343,0.012589499820023775,18,False,0.0,0
syn_K3_m200_s2_gauss,synthetic,gauss,3,200,exp,512,9,11.045793790506343,0.012850417289882898,18,False,0.0,0
syn_K3_m200_s2_gauss,synthetic,gauss,3,200,exp,512,10,11.045793790506343,0.013155708089470863,19,False,0.0,0
syn_K3_m200_s2_gauss,synthetic,gauss,3,200,exp,512,11,11.045793790506343,0.012836750131100416,17,False,0.0,0
syn_K3_m200_s2_gauss,synthetic,gauss,3,200,exp,512,12,11.045793790506343,0.012943999841809273,18,False,0.0,0
syn_K3_m200_s2_gauss,synthetic,gauss,3,200,exp,512,13,11.045793790506343,0.014405792113393545,20,False,0.0,0
syn_K3_m200_s2_gauss,synthetic,gauss,3,200,exp,512,14,11.045793790506343,0.012755374889820814,18,False,0.0,0
syn_K3_m200_s2_gauss,synthetic,gauss,3,200,exp,512,15,11.045793790506343,0.012752624694257975,18,False,0.0,0
syn_K3_m200_s2_gauss,synthetic,gauss,3,200,exp,512,16,11.045793790506343,0.01247833389788866,18,False,0.0,0
syn_K3_m200_s2_gauss,synthetic,gauss,3,200,exp,512,17,11.045793790506343,0.012556375004351139,18,False,0.0,0
syn_K3_m200_s2_gauss,synthetic,gauss,3,200,exp,512,18,11.045793790506343,0.013246874790638685,19,False,0.0,0
syn_K3_m200_s2_gauss,synthetic,gauss,3,200,exp,512,19,11.045793790506343,0.01175908325240016,17,False,0.0,0
syn_K3_m200_s2_gauss,synthetic,gauss,3,200,exp,512,20,11.045793790506343,0.012306875083595514,18,False,0.0,0
syn_K3_m200_s2_gauss,synthetic,gauss,3,200,exp,512,21,11.045793790506343,0.013340292032808065,19,False,0.0,0
syn_K3_m200_s2_gauss,synthetic,gauss,3,200,exp,512,22,11.045793790506343,0.012723291758447886,18,False,0.0,0
syn_K3_m200_s2_gauss,synthetic,gauss,3,200,exp,512,23,11.045793790506343,0.012261041905730963,18,False,0.0,0
syn_K3_m200_s2_gauss,synthetic,gauss,3,200,exp,512,24,11.045793790506343,0.012589875143021345,18,False,0.0,0
syn_K3_m200_s2_gauss,synthetic,gauss,3,200,exp,512,25,11.045793790506343,0.012268291786313057,17,False,0.0,0
syn_K3_m200_s2_gauss,synthetic,gauss,3,200,exp,512,26,11.045793790506343,0.012800666969269514,18,False,0.0,0
syn_K3_m200_s2_gauss,synthetic,gauss,3,200,exp,512,27,11.045793790506343,0.012387291993945837,18,False,0.0,0
syn_K3_m200_s2_gauss,synthetic,gauss,3,200,exp,512,28,11.045793790506343,0.013783665839582682,20,False,0.0,0
syn_K3_m200_s2_gauss,synthetic,gauss,3,200,exp,512,29,11.045793790506343,0.012680834159255028,18,False,0.0,0
syn_K3_m200_s2_gauss,synthetic,gauss,3,200,exp,512,30,11.045793790506343,0.0142707503400743,20,False,0.0,0
syn_K3_m200_s2_gauss,synthetic,gauss,3,200,exp,512,31,11.045793790506343,0.01348058320581913,19,False,0.0,0
syn_K3_m200_s2_gauss,synthetic,gauss,3,200,exp,512,32,11.045793790506343,0.011821375228464603,17,False,0.0,0
syn_K3_m200_s2_gauss,synthetic,gauss,3,200,exp,512,33,11.045793790506343,0.013741082977503538,20,False,0.0,0
syn_K3_m200_s2_gauss,synthetic,gauss,3,200,exp,512,34,11.045793790506343,0.013853957876563072,20,False,0.0,0
syn_K3_m200_s2_gauss,synthetic,gauss,3,200,exp,512,35,11.045793790506343,0.012270250357687473,18,False,0.0,0
syn_K3_m200_s2_gauss,synthetic,gauss,3,200,exp,512,36,11.045793790506343,0.013833499979227781,20,False,0.0,0
syn_K3_m200_s2_gauss,synthetic,gauss,3,200,exp,512,37,11.045793790506343,0.014383041765540838,21,False,0.0,0
syn_K3_m200_s2_gauss,synthetic,gauss,3,200,exp,512,38,11.045793790506343,0.013109167106449604,19,False,0.0,0
syn_K3_m200_s2_gauss,synthetic,gauss,3,200,exp,512,39,11.045793790506343,0.012646208051592112,18,False,0.0,0
syn_K3_m200_s2_gauss,synthetic,gauss,3,200,exp,512,40,11.045793790506343,0.013097124639898539,18,False,0.0,0
syn_K3_m200_s2_gauss,synthetic,gauss,3,200,exp,512,41,11.045793790506343,0.012537542264908552,18,False,0.0,0
syn_K3_m200_s2_gauss,synthetic,gauss,3,200,exp,512,42,11.045793790506343,0.011807000264525414,17,False,0.0,0
syn_K3_m200_s2_gauss,synthetic,gauss,3,200,exp,512,43,11.045793790506343,0.0137446247972548,20,False,0.0,0
syn_K3_m200_s2_gauss,synthetic,gauss,3,200,exp,512,44,11.045793790506343,0.012226083315908909,17,False,0.0,0
syn_K3_m200_s2_gauss,synthetic,gauss,3,200,exp,512,45,11.045793790506343,0.01251029223203659,18,False,0.0,0
syn_K3_m200_s2_gauss,synthetic,gauss,3,200,exp,512,46,11.045793790506343,0.01220858283340931,18,False,0.0,0
syn_K3_m200_s2_gauss,synthetic,gauss,3,200,exp,512,47,11.045793790506343,0.011758583132177591,17,False,0.0,0
syn_K3_m200_s2_gauss,synthetic,gauss,3,200,exp,512,48,11.045793790506343,0.012489582877606153,18,False,0.0,0
syn_K3_m200_s2_gauss,synthetic,gauss,3,200,exp,512,49,11.045793790506343,0.012129792012274265,17,False,0.0,0
syn_K3_m200_s2_gauss,synthetic,gauss,3,200,exp,2048,0,11.045793790506343,0.012382292188704014,17,False,0.0,0
syn_K3_m200_s2_gauss,synthetic,gauss,3,200,exp,2048,1,11.045793790506343,0.01225337479263544,17,False,0.0,0
syn_K3_m200_s2_gauss,synthetic,gauss,3,200,exp,2048,2,11.045793790506343,0.012406334280967712,17,False,0.0,0
syn_K3_m200_s2_gauss,synthetic,gauss,3,200,exp,2048,3,11.045793790506343,0.012336957734078169,17,False,0.0,0
syn_K3_m200_s2_gauss,synthetic,gauss,3,200,exp,2048,4,11.045793790506343,0.012114624958485365,17,False,0.0,0
syn_K3_m200_s2_gauss,synthetic,gauss,3,200,exp,2048,5,11.045793790506343,0.013141667004674673,18,False,0.0,0
syn_K3_m200_s2_gauss,synthetic,gauss,3,200,exp,2048,6,11.045793790506343,0.012062666937708855,17,False,0.0,0
syn_K3_m200_s2_gauss,synthetic,gauss,3,200,exp,2048,7,11.045793790506343,0.012665541842579842,17,False,0.0,0
syn_K3_m200_s2_gauss,synthetic,gauss,3,200,exp,2048,8,11.045793790506343,0.01298595778644085,18,False,0.0,0
syn_K3_m200_s2_gauss,synthetic,gauss,3,200,exp,2048,9,11.045793790506343,0.012667332775890827,17,False,0.0,0
syn_K3_m200_s2_gauss,synthetic,gauss,3,200,exp,2048,10,11.045793790506343,0.012454916257411242,17,False,0.0,0
syn_K3_m200_s2_gauss,synthetic,gauss,3,200,exp,2048,11,11.045793790506343,0.012758791912347078,17,False,0.0,0
syn_K3_m200_s2_gauss,synthetic,gauss,3,200,exp,2048,12,11.045793790506343,0.012168124783784151,17,False,0.0,0
syn_K3_m200_s2_gauss,synthetic,gauss,3,200,exp,2048,13,11.045793790506343,0.012362750247120857,17,False,0.0,0
syn_K3_m200_s2_gauss,synthetic,gauss,3,200,exp,2048,14,11.045793790506343,0.012334334198385477,17,False,0.0,0
syn_K3_m200_s2_gauss,synthetic,gauss,3,200,exp,2048,15,11.045793790506343,0.012917499989271164,18,False,0.0,0
syn_K3_m200_s2_gauss,synthetic,gauss,3,200,exp,2048,16,11.045793790506343,0.012656375300139189,18,False,0.0,0
syn_K3_m200_s2_gauss,synthetic,gauss,3,200,exp,2048,17,11.045793790506343,0.012240416835993528,17,False,0.0,0
syn_K3_m200_s2_gauss,synthetic,gauss,3,200,exp,2048,18,11.045793790506343,0.012219042051583529,17,False,0.0,0
syn_K3_m200_s2_gauss,synthetic,gauss,3,200,exp,2048,19,11.045793790506343,0.012864834163337946,17,False,0.0,0
syn_K3_m200_s2_gauss,synthetic,gauss,3,200,exp,2048,20,11.045793790506343,0.012862208765000105,18,False,0.0,0
syn_K3_m200_s2_gauss,synthetic,gauss,3,200,exp,2048,21,11.045793790506343,0.012725749984383583,17,False,0.0,0
syn_K3_m200_s2_gauss,synthetic,gauss,3,200,exp,2048,22,11.045793790506343,0.012166958767920732,17,False,0.0,0
syn_K3_m200_s2_gauss,synthetic,gauss,3,200,exp,2048,23,11.045793790506343,0.012576792389154434,17,False,0.0,0
syn_K3_m200_s2_gauss,synthetic,gauss,3,200,exp,2048,24,11.045793790506343,0.012635583989322186,17,False,0.0,0
syn_K3_m200_s2_gauss,synthetic,gauss,3,200,exp,2048,25,11.045793790506343,0.01221516728401184,17,False,0.0,0
syn_K3_m200_s2_gauss,synthetic,gauss,3,200,exp,2048,26,11.045793790506343,0.012092832941561937,17,False,0.0,0
syn_K3_m200_s2_gauss,synthetic,gauss,3,200,exp,2048,27,11.045793790506343,0.012192167341709137,17,False,0.0,0
syn_K3_m200_s2_gauss,synthetic,gauss,3,200,exp,2048,28,11.045793790506343,0.012438000179827213,17,False,0.0,0
syn_K3_m200_s2_gauss,synthetic,gauss,3,200,exp,2048,29,11.045793790506343,0.013184458017349243,18,False,0.0,0
syn_K3_m200_s2_gauss,synthetic,gauss,3,200,exp,2048,30,11.045793790506343,0.012118208222091198,17,False,0.0,0
syn_K3_m200_s2_gauss,synthetic,gauss,3,200,exp,2048,31,11.045793790506343,0.012912875041365623,18,False,0.0,0
syn_K3_m200_s2_gauss,synthetic,gauss,3,200,exp,2048,32,11.045793790506343,0.01246875012293458,17,False,0.0,0
syn_K3_m200_s2_gauss,synthetic,gauss,3,200,exp,2048,33,11.045793790506343,0.012575790751725435,17,False,0.0,0
syn_K3_m200_s2_gauss,synthetic,gauss,3,200,exp,2048,34,11.045793790506343,0.012193209026008844,17,False,0.0,0
syn_K3_m200_s2_gauss,synthetic,gauss,3,200,exp,2048,35,11.045793790506343,0.012409208808094263,17,False,0.0,0
syn_K3_m200_s2_gauss,synthetic,gauss,3,200,exp,2048,36,11.045793790506343,0.013122791890054941,18,False,0.0,0
syn_K3_m200_s2_gauss,synthetic,gauss,3,200,exp,2048,37,11.045793790506343,0.0124144172295928,17,False,0.0,0
syn_K3_m200_s2_gauss,synthetic,gauss,3,200,exp,2048,38,11.045793790506343,0.012017000000923872,17,False,0.0,0
syn_K3_m200_s2_gauss,synthetic,gauss,3,200,exp,2048,39,11.045793790506343,0.014684875030070543,18,False,0.0,0
syn_K3_m200_s2_gauss,synthetic,gauss,3,200,exp,2048,40,11.045793790506343,0.013206208124756813,17,False,0.0,0
syn_K3_m200_s2_gauss,synthetic,gauss,3,200,exp,2048,41,11.045793790506343,0.012507167179137468,17,False,0.0,0
syn_K3_m200_s2_gauss,synthetic,gauss,3,200,exp,2048,42,11.045793790506343,0.013287666719406843,17,False,0.0,0
syn_K3_m200_s2_gauss,synthetic,gauss,3,200,exp,2048,43,11.045793790506343,0.01256462512537837,17,False,0.0,0
syn_K3_m200_s2_gauss,synthetic,gauss,3,200,exp,2048,44,11.045793790506343,0.013613749761134386,18,False,0.0,0
syn_K3_m200_s2_gauss,synthetic,gauss,3,200,exp,2048,45,11.045793790506343,0.012730707880109549,17,False,0.0,0
syn_K3_m200_s2_gauss,synthetic,gauss,3,200,exp,2048,46,11.045793790506343,0.01271733408793807,18,False,0.0,0
syn_K3_m200_s2_gauss,synthetic,gauss,3,200,exp,2048,47,11.045793790506343,0.012545707635581493,18,False,0.0,0
syn_K3_m200_s2_gauss,synthetic,gauss,3,200,exp,2048,48,11.045793790506343,0.013014041818678379,18,False,0.0,0
syn_K3_m200_s2_gauss,synthetic,gauss,3,200,exp,2048,49,11.045793790506343,0.012733709067106247,17,False,0.0,0
syn_K3_m200_s2_gauss,synthetic,gauss,3,200,sobol,128,0,11.045793790506343,0.013024417217820883,19,False,0.0,0
syn_K3_m200_s2_gauss,synthetic,gauss,3,200,sobol,128,1,11.045793790506343,0.014341624919325113,21,False,0.0,0
syn_K3_m200_s2_gauss,synthetic,gauss,3,200,sobol,128,2,11.045793790506343,0.013227041810750961,19,False,0.0,0
syn_K3_m200_s2_gauss,synthetic,gauss,3,200,sobol,128,3,11.045793790506343,0.01204420905560255,17,False,0.0,0
syn_K3_m200_s2_gauss,synthetic,gauss,3,200,sobol,128,4,11.045793790506343,0.013270624913275242,19,False,0.0,0
syn_K3_m200_s2_gauss,synthetic,gauss,3,200,sobol,128,5,11.045793790506343,0.014590125065296888,21,False,0.0,0
syn_K3_m200_s2_gauss,synthetic,gauss,3,200,sobol,128,6,11.045793790506343,0.012429291848093271,17,False,0.0,0
syn_K3_m200_s2_gauss,synthetic,gauss,3,200,sobol,128,7,11.045793790506343,0.014776959083974361,22,False,0.0,0
syn_K3_m200_s2_gauss,synthetic,gauss,3,200,sobol,128,8,11.045793790506343,0.013698083814233541,19,False,0.0,0
syn_K3_m200_s2_gauss,synthetic,gauss,3,200,sobol,128,9,11.045793790506343,0.012303541880100965,17,False,0.0,0
syn_K3_m200_s2_gauss,synthetic,gauss,3,200,sobol,128,10,11.045793790506343,0.013249875046312809,19,False,0.0,0
syn_K3_m200_s2_gauss,synthetic,gauss,3,200,sobol,128,11,11.045793790506343,0.011979958042502403,17,False,0.0,0
syn_K3_m200_s2_gauss,synthetic,gauss,3,200,sobol,128,12,11.045793790506343,0.013699667062610388,20,False,0.0,0
syn_K3_m200_s2_gauss,synthetic,gauss,3,200,sobol,128,13,11.045793790506343,0.02787637524306774,20,False,0.0,0
syn_K3_m200_s2_gauss,synthetic,gauss,3,200,sobol,128,14,11.045793790506343,0.022907542064785957,19,False,0.0,0
syn_K3_m200_s2_gauss,synthetic,gauss,3,200,sobol,128,15,11.045793790506343,0.012679583858698606,17,False,0.0,0
syn_K3_m200_s2_gauss,synthetic,gauss,3,200,sobol,128,16,11.045793790506343,0.013531082775443792,20,False,0.0,0
syn_K3_m200_s2_gauss,synthetic,gauss,3,200,sobol,128,17,11.045793790506343,0.01362412516027689,19,False,0.0,0
syn_K3_m200_s2_gauss,synthetic,gauss,3,200,sobol,128,18,11.045793790506343,0.014224249869585037,20,False,0.0,0
syn_K3_m200_s2_gauss,synthetic,gauss,3,200,sobol,128,19,11.045793790506343,0.013714499771595001,20,False,0.0,0
syn_K3_m200_s2_gauss,synthetic,gauss,3,200,sobol,128,20,11.045793790506343,0.014522624667733908,21,False,0.0,0
syn_K3_m200_s2_gauss,synthetic,gauss,3,200,sobol,128,21,11.045793790506343,0.013611417263746262,19,False,0.0,0
syn_K3_m200_s2_gauss,synthetic,gauss,3,200,sobol,128,22,11.045793790506343,0.01428191689774394,21,False,0.0,0
syn_K3_m200_s2_gauss,synthetic,gauss,3,200,sobol,128,23,11.045793790506343,0.013065124861896038,19,False,0.0,0
syn_K3_m200_s2_gauss,synthetic,gauss,3,200,sobol,128,24,11.045793790506343,0.01445695897564292,21,False,0.0,0
syn_K3_m200_s2_gauss,synthetic,gauss,3,200,sobol,128,25,11.045793790506343,0.01343700010329485,19,False,0.0,0
syn_K3_m200_s2_gauss,synthetic,gauss,3,200,sobol,128,26,11.045793790506343,0.013600124977529049,20,False,0.0,0
syn_K3_m200_s2_gauss,synthetic,gauss,3,200,sobol,128,27,11.045793790506343,0.013220208697021008,19,False,0.0,0
syn_K3_m200_s2_gauss,synthetic,gauss,3,200,sobol,128,28,11.045793790506343,0.013401499949395657,19,False,0.0,0
syn_K3_m200_s2_gauss,synthetic,gauss,3,200,sobol,128,29,11.045793790506343,0.01340370811522007,19,False,0.0,0
syn_K3_m200_s2_gauss,synthetic,gauss,3,200,sobol,128,30,11.045793790506343,0.012790749780833721,18,False,0.0,0
syn_K3_m200_s2_gauss,synthetic,gauss,3,200,sobol,128,31,11.045793790506343,0.013568874914199114,19,False,0.0,0
syn_K3_m200_s2_gauss,synthetic,gauss,3,200,sobol,128,32,11.045793790506343,0.013494374696165323,19,False,0.0,0
syn_K3_m200_s2_gauss,synthetic,gauss,3,200,sobol,128,33,11.045793790506343,0.014728500042110682,22,False,0.0,0
syn_K3_m200_s2_gauss,synthetic,gauss,3,200,sobol,128,34,11.045793790506343,0.014694000128656626,21,False,0.0,0
syn_K3_m200_s2_gauss,synthetic,gauss,3,200,sobol,128,35,11.045793790506343,0.014605040661990643,21,False,0.0,0
syn_K3_m200_s2_gauss,synthetic,gauss,3,200,sobol,128,36,11.045793790506343,0.01619483297690749,25,False,0.0,0
syn_K3_m200_s2_gauss,synthetic,gauss,3,200,sobol,128,37,11.045793790506343,0.014615084044635296,21,False,0.0,0
syn_K3_m200_s2_gauss,synthetic,gauss,3,200,sobol,128,38,11.045793790506343,0.015379250049591064,21,False,0.0,0
syn_K3_m200_s2_gauss,synthetic,gauss,3,200,sobol,128,39,11.045793790506343,0.013880583923310041,19,False,0.0,0
syn_K3_m200_s2_gauss,synthetic,gauss,3,200,sobol,128,40,11.045793790506343,0.014275332912802696,21,False,0.0,0
syn_K3_m200_s2_gauss,synthetic,gauss,3,200,sobol,128,41,11.045793790506343,0.014376624953001738,21,False,0.0,0
syn_K3_m200_s2_gauss,synthetic,gauss,3,200,sobol,128,42,11.045793790506343,0.013885584194213152,19,False,0.0,0
syn_K3_m200_s2_gauss,synthetic,gauss,3,200,sobol,128,43,11.045793790506343,0.01364766713231802,18,False,0.0,0
syn_K3_m200_s2_gauss,synthetic,gauss,3,200,sobol,128,44,11.045793790506343,0.014832334127277136,21,False,0.0,0
syn_K3_m200_s2_gauss,synthetic,gauss,3,200,sobol,128,45,11.045793790506343,0.01466716593131423,21,False,0.0,0
syn_K3_m200_s2_gauss,synthetic,gauss,3,200,sobol,128,46,11.045793790506343,0.015087166801095009,21,False,0.0,0
syn_K3_m200_s2_gauss,synthetic,gauss,3,200,sobol,128,47,11.045793790506343,0.014397582970559597,21,False,0.0,0
syn_K3_m200_s2_gauss,synthetic,gauss,3,200,sobol,128,48,11.045793790506343,0.013714916072785854,19,False,0.0,0
syn_K3_m200_s2_gauss,synthetic,gauss,3,200,sobol,128,49,11.045793790506343,0.014634874649345875,21,False,0.0,0
syn_K3_m200_s2_gauss,synthetic,gauss,3,200,sobol,512,0,11.045793790506343,0.012754624709486961,18,False,0.0,0
syn_K3_m200_s2_gauss,synthetic,gauss,3,200,sobol,512,1,11.045793790506343,0.012580291833728552,18,False,0.0,0
syn_K3_m200_s2_gauss,synthetic,gauss,3,200,sobol,512,2,11.045793790506343,0.012822125107049942,18,False,0.0,0
syn_K3_m200_s2_gauss,synthetic,gauss,3,200,sobol,512,3,11.045793790506343,0.013554624747484922,19,False,0.0,0
syn_K3_m200_s2_gauss,synthetic,gauss,3,200,sobol,512,4,11.045793790506343,0.012670333031564951,18,False,0.0,0
syn_K3_m200_s2_gauss,synthetic,gauss,3,200,sobol,512,5,11.045793790506343,0.013068417087197304,18,False,0.0,0
syn_K3_m200_s2_gauss,synthetic,gauss,3,200,sobol,512,6,11.045793790506343,0.013241750188171864,18,False,0.0,0
syn_K3_m200_s2_gauss,synthetic,gauss,3,200,sobol,512,7,11.045793790506343,0.012845083139836788,18,False,0.0,0
syn_K3_m200_s2_gauss,synthetic,gauss,3,200,sobol,512,8,11.045793790506343,0.012893249746412039,18,False,0.0,0
syn_K3_m200_s2_gauss,synthetic,gauss,3,200,sobol,512,9,11.045793790506343,0.012504416983574629,18,False,0.0,0
syn_K3_m200_s2_gauss,synthetic,gauss,3,200,sobol,512,10,11.045793790506343,0.013265958055853844,18,False,0.0,0
syn_K3_m200_s2_gauss,synthetic,gauss,3,200,sobol,512,11,11.045793790506343,0.013656125403940678,19,False,0.0,0
syn_K3_m200_s2_gauss,synthetic,gauss,3,200,sobol,512,12,11.045793790506343,0.01220937492325902,17,False,0.0,0
syn_K3_m200_s2_gauss,synthetic,gauss,3,200,sobol,512,13,11.045793790506343,0.013120249845087528,18,False,0.0,0
syn_K3_m200_s2_gauss,synthetic,gauss,3,200,sobol,512,14,11.045793790506343,0.012657708022743464,18,False,0.0,0
syn_K3_m200_s2_gauss,synthetic,gauss,3,200,sobol,512,15,11.045793790506343,0.013094666879624128,19,False,0.0,0
syn_K3_m200_s2_gauss,synthetic,gauss,3,200,sobol,512,16,11.045793790506343,0.013893208000808954,20,False,0.0,0
syn_K3_m200_s2_gauss,synthetic,gauss,3,200,sobol,512,17,11.045793790506343,0.0132402079179883,19,False,0.0,0
syn_K3_m200_s2_gauss,synthetic,gauss,3,200,sobol,512,18,11.045793790506343,0.012477166950702667,18,False,0.0,0
syn_K3_m200_s2_gauss,synthetic,gauss,3,200,sobol,512,19,11.045793790506343,0.012496791779994965,18,False,0.0,0
syn_K3_m200_s2_gauss,synthetic,gauss,3,200,sobol,512,20,11.045793790506343,0.013891334179788828,20,False,0.0,0
syn_K3_m200_s2_gauss,synthetic,gauss,3,200,sobol,512,21,11.045793790506343,0.01287316670641303,18,False,0.0,0
syn_K3_m200_s2_gauss,synthetic,gauss,3,200,sobol,512,22,11.045793790506343,0.012380833271890879,18,False,0.0,0
syn_K3_m200_s2_gauss,synthetic,gauss,3,200,sobol,512,23,11.045793790506343,0.012083499692380428,17,False,0.0,0
syn_K3_m200_s2_gauss,synthetic,gauss,3,200,sobol,512,24,11.045793790506343,0.012525958009064198,18,False,0.0,0
syn_K3_m200_s2_gauss,synthetic,gauss,3,200,sobol,512,25,11.045793790506343,0.013159375172108412,18,False,0.0,0
syn_K3_m200_s2_gauss,synthetic,gauss,3,200,sobol,512,26,11.045793790506343,0.012201624922454357,17,False,0.0,0
syn_K3_m200_s2_gauss,synthetic,gauss,3,200,sobol,512,27,11.045793790506343,0.013088124804198742,18,False,0.0,0
syn_K3_m200_s2_gauss,synthetic,gauss,3,200,sobol,512,28,11.045793790506343,0.013427707832306623,19,False,0.0,0
syn_K3_m200_s2_gauss,synthetic,gauss,3,200,sobol,512,29,11.045793790506343,0.013235959224402905,19,False,0.0,0
syn_K3_m200_s2_gauss,synthetic,gauss,3,200,sobol,512,30,11.045793790506343,0.012825875077396631,18,False,0.0,0
syn_K3_m200_s2_gauss,synthetic,gauss,3,200,sobol,512,31,11.045793790506343,0.012105333618819714,17,False,0.0,0
syn_K3_m200_s2_gauss,synthetic,gauss,3,200,sobol,512,32,11.045793790506343,0.011826292145997286,17,False,0.0,0
syn_K3_m200_s2_gauss,synthetic,gauss,3,200,sobol,512,33,11.045793790506343,0.012522708158940077,18,False,0.0,0
syn_K3_m200_s2_gauss,synthetic,gauss,3,200,sobol,512,34,11.045793790506343,0.012595583219081163,18,False,0.0,0
syn_K3_m200_s2_gauss,synthetic,gauss,3,200,sobol,512,35,11.045793790506343,0.012158249970525503,17,False,0.0,0
syn_K3_m200_s2_gauss,synthetic,gauss,3,200,sobol,512,36,11.045793790506343,0.013203457929193974,19,False,0.0,0
syn_K3_m200_s2_gauss,synthetic,gauss,3,200,sobol,512,37,11.045793790506343,0.01310200011357665,19,False,0.0,0
syn_K3_m200_s2_gauss,synthetic,gauss,3,200,sobol,512,38,11.045793790506343,0.013652000110596418,19,False,0.0,0
syn_K3_m200_s2_gauss,synthetic,gauss,3,200,sobol,512,39,11.045793790506343,0.012230457738041878,17,False,0.0,0
syn_K3_m200_s2_gauss,synthetic,gauss,3,200,sobol,512,40,11.045793790506343,0.012592415791004896,18,False,0.0,0
syn_K3_m200_s2_gauss,synthetic,gauss,3,200,sobol,512,41,11.045793790506343,0.012652167119085789,18,False,0.0,0
syn_K3_m200_s2_gauss,synthetic,gauss,3,200,sobol,512,42,11.045793790506343,0.012314124964177608,18,False,0.0,0
syn_K3_m200_s2_gauss,synthetic,gauss,3,200,sobol,512,43,11.045793790506343,0.012683416716754436,18,False,0.0,0
syn_K3_m200_s2_gauss,synthetic,gauss,3,200,sobol,512,44,11.045793790506343,0.012574249878525734,18,False,0.0,0
syn_K3_m200_s2_gauss,synthetic,gauss,3,200,sobol,512,45,11.045793790506343,0.011896541342139244,17,False,0.0,0
syn_K3_m200_s2_gauss,synthetic,gauss,3,200,sobol,512,46,11.045793790506343,0.012438749894499779,18,False,0.0,0
syn_K3_m200_s2_gauss,synthetic,gauss,3,200,sobol,512,47,11.045793790506343,0.013266250025480986,19,False,0.0,0
syn_K3_m200_s2_gauss,synthetic,gauss,3,200,sobol,512,48,11.045793790506343,0.013130541890859604,19,False,0.0,0
syn_K3_m200_s2_gauss,synthetic,gauss,3,200,sobol,512,49,11.045793790506343,0.012428374961018562,18,False,0.0,0
syn_K3_m200_s2_gauss,synthetic,gauss,3,200,sobol,2048,0,11.045793790506343,0.013308667112141848,18,False,0.0,0
syn_K3_m200_s2_gauss,synthetic,gauss,3,200,sobol,2048,1,11.045793790506343,0.012059166096150875,17,False,0.0,0
syn_K3_m200_s2_gauss,synthetic,gauss,3,200,sobol,2048,2,11.045793790506343,0.012198375072330236,17,False,0.0,0
syn_K3_m200_s2_gauss,synthetic,gauss,3,200,sobol,2048,3,11.045793790506343,0.012366207782179117,17,False,0.0,0
syn_K3_m200_s2_gauss,synthetic,gauss,3,200,sobol,2048,4,11.045793790506343,0.012959458865225315,17,False,0.0,0
syn_K3_m200_s2_gauss,synthetic,gauss,3,200,sobol,2048,5,11.045793790506343,0.01249237498268485,17,False,0.0,0
syn_K3_m200_s2_gauss,synthetic,gauss,3,200,sobol,2048,6,11.045793790506343,0.012913334183394909,17,False,0.0,0
syn_K3_m200_s2_gauss,synthetic,gauss,3,200,sobol,2048,7,11.045793790506343,0.012283292133361101,17,False,0.0,0
syn_K3_m200_s2_gauss,synthetic,gauss,3,200,sobol,2048,8,11.045793790506343,0.012433833908289671,17,False,0.0,0
syn_K3_m200_s2_gauss,synthetic,gauss,3,200,sobol,2048,9,11.045793790506343,0.012286957819014788,17,False,0.0,0
syn_K3_m200_s2_gauss,synthetic,gauss,3,200,sobol,2048,10,11.045793790506343,0.01225887518376112,17,False,0.0,0
syn_K3_m200_s2_gauss,synthetic,gauss,3,200,sobol,2048,11,11.045793790506343,0.01249512517824769,17,False,0.0,0
syn_K3_m200_s2_gauss,synthetic,gauss,3,200,sobol,2048,12,11.045793790506343,0.012398583814501762,17,False,0.0,0
syn_K3_m200_s2_gauss,synthetic,gauss,3,200,sobol,2048,13,11.045793790506343,0.013039208017289639,18,False,0.0,0
syn_K3_m200_s2_gauss,synthetic,gauss,3,200,sobol,2048,14,11.045793790506343,0.012703584041446447,18,False,0.0,0
syn_K3_m200_s2_gauss,synthetic,gauss,3,200,sobol,2048,15,11.045793790506343,0.012525290716439486,17,False,0.0,0
syn_K3_m200_s2_gauss,synthetic,gauss,3,200,sobol,2048,16,11.045793790506343,0.012283624615520239,17,False,0.0,0
syn_K3_m200_s2_gauss,synthetic,gauss,3,200,sobol,2048,17,11.045793790506343,0.013138875365257263,17,False,0.0,0
syn_K3_m200_s2_gauss,synthetic,gauss,3,200,sobol,2048,18,11.045793790506343,0.012306874617934227,17,False,0.0,0
syn_K3_m200_s2_gauss,synthetic,gauss,3,200,sobol,2048,19,11.045793790506343,0.013308957684785128,18,False,0.0,0
syn_K3_m200_s2_gauss,synthetic,gauss,3,200,sobol,2048,20,11.045793790506343,0.012420499697327614,17,False,0.0,0
syn_K3_m200_s2_gauss,synthetic,gauss,3,200,sobol,2048,21,11.045793790506343,0.01241304213181138,17,False,0.0,0
syn_K3_m200_s2_gauss,synthetic,gauss,3,200,sobol,2048,22,11.045793790506343,0.012643916998058558,17,False,0.0,0
syn_K3_m200_s2_gauss,synthetic,gauss,3,200,sobol,2048,23,11.045793790506343,0.012547374702990055,17,False,0.0,0
syn_K3_m200_s2_gauss,synthetic,gauss,3,200,sobol,2048,24,11.045793790506343,0.012670124880969524,17,False,0.0,0
syn_K3_m200_s2_gauss,synthetic,gauss,3,200,sobol,2048,25,11.045793790506343,0.012484000064432621,17,False,0.0,0
syn_K3_m200_s2_gauss,synthetic,gauss,3,200,sobol,2048,26,11.045793790506343,0.012228582985699177,17,False,0.0,0
syn_K3_m200_s2_gauss,synthetic,gauss,3,200,sobol,2048,27,11.045793790506343,0.013148542027920485,18,False,0.0,0
syn_K3_m200_s2_gauss,synthetic,gauss,3,200,sobol,2048,28,11.045793790506343,0.012839999981224537,18,False,0.0,0
syn_K3_m200_s2_gauss,synthetic,gauss,3,200,sobol,2048,29,11.045793790506343,0.012008249759674072,17,False,0.0,0
syn_K3_m200_s2_gauss,synthetic,gauss,3,200,sobol,2048,30,11.045793790506343,0.013331582769751549,18,False,0.0,0
syn_K3_m200_s2_gauss,synthetic,gauss,3,200,sobol,2048,31,11.045793790506343,0.012615750078111887,17,False,0.0,0
syn_K3_m200_s2_gauss,synthetic,gauss,3,200,sobol,2048,32,11.045793790506343,0.013166415970772505,18,False,0.0,0
syn_K3_m200_s2_gauss,synthetic,gauss,3,200,sobol,2048,33,11.045793790506343,0.012896459084004164,17,False,0.0,0
syn_K3_m200_s2_gauss,synthetic,gauss,3,200,sobol,2048,34,11.045793790506343,0.012692708056420088,17,False,0.0,0
syn_K3_m200_s2_gauss,synthetic,gauss,3,200,sobol,2048,35,11.045793790506343,0.012873250059783459,18,False,0.0,0
syn_K3_m200_s2_gauss,synthetic,gauss,3,200,sobol,2048,36,11.045793790506343,0.012160416692495346,17,False,0.0,0
syn_K3_m200_s2_gauss,synthetic,gauss,3,200,sobol,2048,37,11.045793790506343,0.012646500021219254,17,False,0.0,0
syn_K3_m200_s2_gauss,synthetic,gauss,3,200,sobol,2048,38,11.045793790506343,0.012755332980304956,18,False,0.0,0
syn_K3_m200_s2_gauss,synthetic,gauss,3,200,sobol,2048,39,11.045793790506343,0.012137582991272211,17,False,0.0,0
syn_K3_m200_s2_gauss,synthetic,gauss,3,200,sobol,2048,40,11.045793790506343,0.012910707853734493,18,False,0.0,0
syn_K3_m200_s2_gauss,synthetic,gauss,3,200,sobol,2048,41,11.045793790506343,0.01261750003322959,17,False,0.0,0
syn_K3_m200_s2_gauss,synthetic,gauss,3,200,sobol,2048,42,11.045793790506343,0.01245300006121397,17,False,0.0,0
syn_K3_m200_s2_gauss,synthetic,gauss,3,200,sobol,2048,43,11.045793790506343,0.012246000114828348,17,False,0.0,0
syn_K3_m200_s2_gauss,synthetic,gauss,3,200,sobol,2048,44,11.045793790506343,0.012423125095665455,17,False,0.0,0
syn_K3_m200_s2_gauss,synthetic,gauss,3,200,sobol,2048,45,11.045793790506343,0.012601125054061413,17,False,0.0,0
syn_K3_m200_s2_gauss,synthetic,gauss,3,200,sobol,2048,46,11.045793790506343,0.01239412510767579,17,False,0.0,0
syn_K3_m200_s2_gauss,synthetic,gauss,3,200,sobol,2048,47,11.045793790506343,0.01282395888119936,18,False,0.0,0
syn_K3_m200_s2_gauss,synthetic,gauss,3,200,sobol,2048,48,11.045793790506343,0.012587666045874357,17,False,0.0,0
syn_K3_m200_s2_gauss,synthetic,gauss,3,200,sobol,2048,49,11.045793790506343,0.01224549999460578,17,False,0.0,0
syn_K6_m30_s0_gauss,synthetic,gauss,6,30,exp,128,0,34.37145016791148,0.0037105418741703033,14,False,0.0,0
syn_K6_m30_s0_gauss,synthetic,gauss,6,30,exp,128,1,34.37145016791148,0.0038622920401394367,15,False,0.0,0
syn_K6_m30_s0_gauss,synthetic,gauss,6,30,exp,128,2,34.37145016791148,0.0037344167940318584,14,False,0.0,0
syn_K6_m30_s0_gauss,synthetic,gauss,6,30,exp,128,3,34.37145016791148,0.003765542060136795,14,False,0.0,0
syn_K6_m30_s0_gauss,synthetic,gauss,6,30,exp,128,4,34.37145016791148,0.0038004578091204166,14,False,0.0,0
syn_K6_m30_s0_gauss,synthetic,gauss,6,30,exp,128,5,34.37145016791148,0.0035897502675652504,14,False,0.0,0
syn_K6_m30_s0_gauss,synthetic,gauss,6,30,exp,128,6,34.37145016791148,0.0036224997602403164,14,False,0.0,0
syn_K6_m30_s0_gauss,synthetic,gauss,6,30,exp,128,7,34.37145016791148,0.0038432907313108444,15,False,0.0,0
syn_K6_m30_s0_gauss,synthetic,gauss,6,30,exp,128,8,34.37145016791148,0.003970708232372999,16,False,0.0,0
syn_K6_m30_s0_gauss,synthetic,gauss,6,30,exp,128,9,34.37145016791148,0.0035182498395442963,14,False,0.0,0
syn_K6_m30_s0_gauss,synthetic,gauss,6,30,exp,128,10,34.37145016791148,0.0038749580271542072,15,False,0.0,0
syn_K6_m30_s0_gauss,synthetic,gauss,6,30,exp,128,11,34.37145016791148,0.0034470418468117714,14,False,0.0,0
syn_K6_m30_s0_gauss,synthetic,gauss,6,30,exp,128,12,34.37145016791148,0.0035540000535547733,14,False,0.0,0
syn_K6_m30_s0_gauss,synthetic,gauss,6,30,exp,128,13,34.37145016791148,0.0034253750927746296,14,False,0.0,0
syn_K6_m30_s0_gauss,synthetic,gauss,6,30,exp,128,14,34.37145016791148,0.0033631250262260437,14,False,0.0,0
syn_K6_m30_s0_gauss,synthetic,gauss,6,30,exp,128,15,34.37145016791148,0.0035083340480923653,14,False,0.0,0
syn_K6_m30_s0_gauss,synthetic,gauss,6,30,exp,128,16,34.37145016791148,0.0035195830278098583,14,False,0.0,0
syn_K6_m30_s0_gauss,synthetic,gauss,6,30,exp,128,17,34.37145016791148,0.003597124945372343,14,False,0.0,0
syn_K6_m30_s0_gauss,synthetic,gauss,6,30,exp,128,18,34.37145016791148,0.00356720807030797,14,False,0.0,0
syn_K6_m30_s0_gauss,synthetic,gauss,6,30,exp,128,19,34.37145016791148,0.00362229160964489,14,False,0.0,0
syn_K6_m30_s0_gauss,synthetic,gauss,6,30,exp,128,20,34.37145016791148,0.0035526249557733536,14,False,0.0,0
syn_K6_m30_s0_gauss,synthetic,gauss,6,30,exp,128,21,34.37145016791148,0.003666415810585022,14,False,0.0,0
syn_K6_m30_s0_gauss,synthetic,gauss,6,30,exp,128,22,34.37145016791148,0.0034945830702781677,14,False,0.0,0
syn_K6_m30_s0_gauss,synthetic,gauss,6,30,exp,128,23,34.37145016791148,0.0035450002178549767,14,False,0.0,0
syn_K6_m30_s0_gauss,synthetic,gauss,6,30,exp,128,24,34.37145016791148,0.0038812910206615925,16,False,0.0,0
syn_K6_m30_s0_gauss,synthetic,gauss,6,30,exp,128,25,34.37145016791148,0.003383750095963478,14,False,0.0,0
syn_K6_m30_s0_gauss,synthetic,gauss,6,30,exp,128,26,34.37145016791148,0.0033772499300539494,14,False,0.0,0
syn_K6_m30_s0_gauss,synthetic,gauss,6,30,exp,128,27,34.37145016791148,0.0033714999444782734,14,False,0.0,0
syn_K6_m30_s0_gauss,synthetic,gauss,6,30,exp,128,28,34.37145016791148,0.0036529158242046833,14,False,0.0,0
syn_K6_m30_s0_gauss,synthetic,gauss,6,30,exp,128,29,34.37145016791148,0.003652708139270544,14,False,0.0,0
syn_K6_m30_s0_gauss,synthetic,gauss,6,30,exp,128,30,34.37145016791148,0.003555957693606615,14,False,0.0,0
syn_K6_m30_s0_gauss,synthetic,gauss,6,30,exp,128,31,34.37145016791148,0.003875916823744774,15,False,0.0,0
syn_K6_m30_s0_gauss,synthetic,gauss,6,30,exp,128,32,34.37145016791148,0.003635208122432232,14,False,0.0,0
syn_K6_m30_s0_gauss,synthetic,gauss,6,30,exp,128,33,34.37145016791148,0.003943874966353178,15,False,0.0,0
syn_K6_m30_s0_gauss,synthetic,gauss,6,30,exp,128,34,34.37145016791148,0.0037394589744508266,15,False,0.0,0
syn_K6_m30_s0_gauss,synthetic,gauss,6,30,exp,128,35,34.37145016791148,0.0037737078964710236,14,False,0.0,0
syn_K6_m30_s0_gauss,synthetic,gauss,6,30,exp,128,36,34.37145016791148,0.004044624976813793,16,False,0.0,0
syn_K6_m30_s0_gauss,synthetic,gauss,6,30,exp,128,37,34.37145016791148,0.0038488339632749557,15,False,0.0,0
syn_K6_m30_s0_gauss,synthetic,gauss,6,30,exp,128,38,34.37145016791148,0.00349912466481328,14,False,0.0,0
syn_K6_m30_s0_gauss,synthetic,gauss,6,30,exp,128,39,34.37145016791148,0.003756208810955286,14,False,0.0,0
syn_K6_m30_s0_gauss,synthetic,gauss,6,30,exp,128,40,34.37145016791148,0.0035300422459840775,14,False,0.0,0
syn_K6_m30_s0_gauss,synthetic,gauss,6,30,exp,128,41,34.37145016791148,0.00343316700309515,14,False,0.0,0
syn_K6_m30_s0_gauss,synthetic,gauss,6,30,exp,128,42,34.37145016791148,0.00349283404648304,14,False,0.0,0
syn_K6_m30_s0_gauss,synthetic,gauss,6,30,exp,128,43,34.37145016791148,0.003349249716848135,14,False,0.0,0
syn_K6_m30_s0_gauss,synthetic,gauss,6,30,exp,128,44,34.37145016791148,0.0035636252723634243,14,False,0.0,0
syn_K6_m30_s0_gauss,synthetic,gauss,6,30,exp,128,45,34.37145016791148,0.003521583043038845,14,False,0.0,0
syn_K6_m30_s0_gauss,synthetic,gauss,6,30,exp,128,46,34.37145016791148,0.003584708087146282,14,False,0.0,0
syn_K6_m30_s0_gauss,synthetic,gauss,6,30,exp,128,47,34.37145016791148,0.003558000084012747,14,False,0.0,0
syn_K6_m30_s0_gauss,synthetic,gauss,6,30,exp,128,48,34.37145016791148,0.003609791863709688,14,False,0.0,0
syn_K6_m30_s0_gauss,synthetic,gauss,6,30,exp,128,49,34.37145016791148,0.003555125091224909,14,False,0.0,0
syn_K6_m30_s0_gauss,synthetic,gauss,6,30,exp,512,0,34.37145016791148,0.004962292034178972,14,False,0.0,0
syn_K6_m30_s0_gauss,synthetic,gauss,6,30,exp,512,1,34.37145016791148,0.0035514580085873604,14,False,0.0,0
syn_K6_m30_s0_gauss,synthetic,gauss,6,30,exp,512,2,34.37145016791148,0.0034282077103853226,14,False,0.0,0
syn_K6_m30_s0_gauss,synthetic,gauss,6,30,exp,512,3,34.37145016791148,0.0036230417899787426,14,False,0.0,0
syn_K6_m30_s0_gauss,synthetic,gauss,6,30,exp,512,4,34.37145016791148,0.0036368328146636486,14,False,0.0,0
syn_K6_m30_s0_gauss,synthetic,gauss,6,30,exp,512,5,34.37145016791148,0.003617457579821348,14,False,0.0,0
syn_K6_m30_s0_gauss,synthetic,gauss,6,30,exp,512,6,34.37145016791148,0.003653041087090969,14,False,0.0,0
syn_K6_m30_s0_gauss,synthetic,gauss,6,30,exp,512,7,34.37145016791148,0.003765166737139225,14,False,0.0,0
syn_K6_m30_s0_gauss,synthetic,gauss,6,30,exp,512,8,34.37145016791148,0.0037624589167535305,14,False,0.0,0
syn_K6_m30_s0_gauss,synthetic,gauss,6,30,exp,512,9,34.37145016791148,0.0037352503277361393,14,False,0.0,0
syn_K6_m30_s0_gauss,synthetic,gauss,6,30,exp,512,10,34.37145016791148,0.0035358332097530365,14,False,0.0,0
syn_K6_m30_s0_gauss,synthetic,gauss,6,30,exp,512,11,34.37145016791148,0.00371075002476573,14,False,0.0,0
syn_K6_m30_s0_gauss,synthetic,gauss,6,30,exp,512,12,34.37145016791148,0.0036571668460965157,14,False,0.0,0
syn_K6_m30_s0_gauss,synthetic,gauss,6,30,exp,512,13,34.37145016791148,0.0035009589046239853,14,False,0.0,0
syn_K6_m30_s0_gauss,synthetic,gauss,6,30,exp,512,14,34.37145016791148,0.0036813332699239254,14,False,0.0,0
syn_K6_m30_s0_gauss,synthetic,gauss,6,30,exp,512,15,34.37145016791148,0.0034597497433423996,14,False,0.0,0
syn_K6_m30_s0_gauss,synthetic,gauss,6,30,exp,512,16,34.37145016791148,0.0035360418260097504,14,False,0.0,0
syn_K6_m30_s0_gauss,synthetic,gauss,6,30,exp,512,17,34.37145016791148,0.0036684172227978706,14,False,0.0,0
syn_K6_m30_s0_gauss,synthetic,gauss,6,30,exp,512,18,34.37145016791148,0.003686416894197464,14,False,0.0,0
syn_K6_m30_s0_gauss,synthetic,gauss,6,30,exp,512,19,34.37145016791148,0.0037340419366955757,14,False,0.0,0
syn_K6_m30_s0_gauss,synthetic,gauss,6,30,exp,512,20,34.37145016791148,0.0036317910999059677,14,False,0.0,0
syn_K6_m30_s0_gauss,synthetic,gauss,6,30,exp,512,21,34.37145016791148,0.0037376252003014088,14,False,0.0,0
syn_K6_m30_s0_gauss,synthetic,gauss,6,30,exp,512,22,34.37145016791148,0.003628334030508995,14,False,0.0,0
syn_K6_m30_s0_gauss,synthetic,gauss,6,30,exp,512,23,34.37145016791148,0.003782208077609539,14,False,0.0,0
syn_K6_m30_s0_gauss,synthetic,gauss,6,30,exp,512,24,34.37145016791148,0.0034162080846726894,14,False,0.0,0
syn_K6_m30_s0_gauss,synthetic,gauss,6,30,exp,512,25,34.37145016791148,0.004029916133731604,14,False,0.0,0
syn_K6_m30_s0_gauss,synthetic,gauss,6,30,exp,512,26,34.37145016791148,0.0036193327978253365,14,False,0.0,0
syn_K6_m30_s0_gauss,synthetic,gauss,6,30,exp,512,27,34.37145016791148,0.004021416883915663,14,False,0.0,0
syn_K6_m30_s0_gauss,synthetic,gauss,6,30,exp,512,28,34.37145016791148,0.0035002920776605606,14,False,0.0,0
syn_K6_m30_s0_gauss,synthetic,gauss,6,30,exp,512,29,34.37145016791148,0.0037070829421281815,14,False,0.0,0
syn_K6_m30_s0_gauss,synthetic,gauss,6,30,exp,512,30,34.37145016791148,0.0038773328997194767,14,False,0.0,0
syn_K6_m30_s0_gauss,synthetic,gauss,6,30,exp,512,31,34.37145016791148,0.0036241658963263035,14,False,0.0,0
syn_K6_m30_s0_gauss,synthetic,gauss,6,30,exp,512,32,34.37145016791148,0.0036642500199377537,14,False,0.0,0
syn_K6_m30_s0_gauss,synthetic,gauss,6,30,exp,512,33,34.37145016791148,0.0035407496616244316,14,False,0.0,0
syn_K6_m30_s0_gauss,synthetic,gauss,6,30,exp,512,34,34.37145016791148,0.0037689171731472015,14,False,0.0,0
syn_K6_m30_s0_gauss,synthetic,gauss,6,30,exp,512,35,34.37145016791148,0.003728542011231184,14,False,0.0,0
syn_K6_m30_s0_gauss,synthetic,gauss,6,30,exp,512,36,34.37145016791148,0.0037321248091757298,14,False,0.0,0
syn_K6_m30_s0_gauss,synthetic,gauss,6,30,exp,512,37,34.37145016791148,0.003692583180963993,14,False,0.0,0
syn_K6_m30_s0_gauss,synthetic,gauss,6,30,exp,512,38,34.37145016791148,0.003779000137001276,14,False,0.0,0
syn_K6_m30_s0_gauss,synthetic,gauss,6,30,exp,512,39,34.37145016791148,0.0036956253461539745,14,False,0.0,0
syn_K6_m30_s0_gauss,synthetic,gauss,6,30,exp,512,40,34.37145016791148,0.0037099584005773067,14,False,0.0,0
syn_K6_m30_s0_gauss,synthetic,gauss,6,30,exp,512,41,34.37145016791148,0.003645083401352167,14,False,0.0,0
syn_K6_m30_s0_gauss,synthetic,gauss,6,30,exp,512,42,34.37145016791148,0.003526708111166954,14,False,0.0,0
syn_K6_m30_s0_gauss,synthetic,gauss,6,30,exp,512,43,34.37145016791148,0.00381079176440835,14,False,0.0,0
syn_K6_m30_s0_gauss,synthetic,gauss,6,30,exp,512,44,34.37145016791148,0.0036407499574124813,14,False,0.0,0
syn_K6_m30_s0_gauss,synthetic,gauss,6,30,exp,512,45,34.37145016791148,0.003760791849344969,14,False,0.0,0
syn_K6_m30_s0_gauss,synthetic,gauss,6,30,exp,512,46,34.37145016791148,0.0036697089672088623,14,False,0.0,0
syn_K6_m30_s0_gauss,synthetic,gauss,6,30,exp,512,47,34.37145016791148,0.0037326659075915813,14,False,0.0,0
syn_K6_m30_s0_gauss,synthetic,gauss,6,30,exp,512,48,34.37145016791148,0.0036747921258211136,14,False,0.0,0
syn_K6_m30_s0_gauss,synthetic,gauss,6,30,exp,512,49,34.37145016791148,0.003734916914254427,14,False,0.0,0
syn_K6_m30_s0_gauss,synthetic,gauss,6,30,exp,2048,0,34.37145016791148,0.003978624939918518,14,False,0.0,0
syn_K6_m30_s0_gauss,synthetic,gauss,6,30,exp,2048,1,34.37145016791148,0.004138541873544455,14,False,0.0,0
syn_K6_m30_s0_gauss,synthetic,gauss,6,30,exp,2048,2,34.37145016791148,0.003985791001468897,14,False,0.0,0
syn_K6_m30_s0_gauss,synthetic,gauss,6,30,exp,2048,3,34.37145016791148,0.003935459069907665,14,False,0.0,0
syn_K6_m30_s0_gauss,synthetic,gauss,6,30,exp,2048,4,34.37145016791148,0.0042081247083842754,14,False,0.0,0
syn_K6_m30_s0_gauss,synthetic,gauss,6,30,exp,2048,5,34.37145016791148,0.0045425002463161945,14,False,0.0,0
syn_K6_m30_s0_gauss,synthetic,gauss,6,30,exp,2048,6,34.37145016791148,0.004112625028938055,14,False,0.0,0
syn_K6_m30_s0_gauss,synthetic,gauss,6,30,exp,2048,7,34.37145016791148,0.004373583011329174,14,False,0.0,0
syn_K6_m30_s0_gauss,synthetic,gauss,6,30,exp,2048,8,34.37145016791148,0.003985917195677757,14,False,0.0,0
syn_K6_m30_s0_gauss,synthetic,gauss,6,30,exp,2048,9,34.37145016791148,0.00460470886901021,14,False,0.0,0
syn_K6_m30_s0_gauss,synthetic,gauss,6,30,exp,2048,10,34.37145016791148,0.0040845419280231,14,False,0.0,0
syn_K6_m30_s0_gauss,synthetic,gauss,6,30,exp,2048,11,34.37145016791148,0.004338124766945839,14,False,0.0,0
syn_K6_m30_s0_gauss,synthetic,gauss,6,30,exp,2048,12,34.37145016791148,0.004183250013738871,14,False,0.0,0
syn_K6_m30_s0_gauss,synthetic,gauss,6,30,exp,2048,13,34.37145016791148,0.004073417279869318,14,False,0.0,0
syn_K6_m30_s0_gauss,synthetic,gauss,6,30,exp,2048,14,34.37145016791148,0.0039970409125089645,14,False,0.0,0
syn_K6_m30_s0_gauss,synthetic,gauss,6,30,exp,2048,15,34.37145016791148,0.004129374865442514,14,False,0.0,0
syn_K6_m30_s0_gauss,synthetic,gauss,6,30,exp,2048,16,34.37145016791148,0.004000249784439802,14,False,0.0,0
syn_K6_m30_s0_gauss,synthetic,gauss,6,30,exp,2048,17,34.37145016791148,0.004454499576240778,14,False,0.0,0
syn_K6_m30_s0_gauss,synthetic,gauss,6,30,exp,2048,18,34.37145016791148,0.00405016727745533,14,False,0.0,0
syn_K6_m30_s0_gauss,synthetic,gauss,6,30,exp,2048,19,34.37145016791148,0.004142250400036573,14,False,0.0,0
syn_K6_m30_s0_gauss,synthetic,gauss,6,30,exp,2048,20,34.37145016791148,0.0039960830472409725,14,False,0.0,0
syn_K6_m30_s0_gauss,synthetic,gauss,6,30,exp,2048,21,34.37145016791148,0.004114792216569185,14,False,0.0,0
syn_K6_m30_s0_gauss,synthetic,gauss,6,30,exp,2048,22,34.37145016791148,0.004070625174790621,14,False,0.0,0
syn_K6_m30_s0_gauss,synthetic,gauss,6,30,exp,2048,23,34.37145016791148,0.004168500192463398,14,False,0.0,0
syn_K6_m30_s0_gauss,synthetic,gauss,6,30,exp,2048,24,34.37145016791148,0.003987959120422602,14,False,0.0,0
syn_K6_m30_s0_gauss,synthetic,gauss,6,30,exp,2048,25,34.37145016791148,0.004393000155687332,14,False,0.0,0
syn_K6_m30_s0_gauss,synthetic,gauss,6,30,exp,2048,26,34.37145016791148,0.004227624740451574,14,False,0.0,0
syn_K6_m30_s0_gauss,synthetic,gauss,6,30,exp,2048,27,34.37145016791148,0.004140416160225868,14,False,0.0,0
syn_K6_m30_s0_gauss,synthetic,gauss,6,30,exp,2048,28,34.37145016791148,0.003939750138670206,14,False,0.0,0
syn_K6_m30_s0_gauss,synthetic,gauss,6,30,exp,2048,29,34.37145016791148,0.004239833913743496,14,False,0.0,0
syn_K6_m30_s0_gauss,synthetic,gauss,6,30,exp,2048,30,34.37145016791148,0.003975792322307825,14,False,0.0,0
syn_K6_m30_s0_gauss,synthetic,gauss,6,30,exp,2048,31,34.37145016791148,0.00391566613689065,14,False,0.0,0
syn_K6_m30_s0_gauss,synthetic,gauss,6,30,exp,2048,32,34.37145016791148,0.003792000003159046,14,False,0.0,0
syn_K6_m30_s0_gauss,synthetic,gauss,6,30,exp,2048,33,34.37145016791148,0.004809791222214699,14,False,0.0,0
syn_K6_m30_s0_gauss,synthetic,gauss,6,30,exp,2048,34,34.37145016791148,0.0040339999832212925,14,False,0.0,0
syn_K6_m30_s0_gauss,synthetic,gauss,6,30,exp,2048,35,34.37145016791148,0.004439957905560732,14,False,0.0,0
syn_K6_m30_s0_gauss,synthetic,gauss,6,30,exp,2048,36,34.37145016791148,0.00395958311855793,14,False,0.0,0
syn_K6_m30_s0_gauss,synthetic,gauss,6,30,exp,2048,37,34.37145016791148,0.004501459188759327,14,False,0.0,0
syn_K6_m30_s0_gauss,synthetic,gauss,6,30,exp,2048,38,34.37145016791148,0.0039964159950613976,14,False,0.0,0
syn_K6_m30_s0_gauss,synthetic,gauss,6,30,exp,2048,39,34.37145016791148,0.004183250013738871,14,False,0.0,0
syn_K6_m30_s0_gauss,synthetic,gauss,6,30,exp,2048,40,34.37145016791148,0.004046791698783636,14,False,0.0,0
syn_K6_m30_s0_gauss,synthetic,gauss,6,30,exp,2048,41,34.37145016791148,0.004231624770909548,14,False,0.0,0
syn_K6_m30_s0_gauss,synthetic,gauss,6,30,exp,2048,42,34.37145016791148,0.004216291941702366,14,False,0.0,0
syn_K6_m30_s0_gauss,synthetic,gauss,6,30,exp,2048,43,34.37145016791148,0.004473125096410513,14,False,0.0,0
syn_K6_m30_s0_gauss,synthetic,gauss,6,30,exp,2048,44,34.37145016791148,0.004179667215794325,14,False,0.0,0
syn_K6_m30_s0_gauss,synthetic,gauss,6,30,exp,2048,45,34.37145016791148,0.004253499675542116,14,False,0.0,0
syn_K6_m30_s0_gauss,synthetic,gauss,6,30,exp,2048,46,34.37145016791148,0.003952208906412125,14,False,0.0,0
syn_K6_m30_s0_gauss,synthetic,gauss,6,30,exp,2048,47,34.37145016791148,0.004125040955841541,14,False,0.0,0
syn_K6_m30_s0_gauss,synthetic,gauss,6,30,exp,2048,48,34.37145016791148,0.004128875210881233,14,False,0.0,0
syn_K6_m30_s0_gauss,synthetic,gauss,6,30,exp,2048,49,34.37145016791148,0.004340417217463255,14,False,0.0,0
syn_K6_m30_s0_gauss,synthetic,gauss,6,30,sobol,128,0,34.37145016791148,0.0037323753349483013,14,False,0.0,0
syn_K6_m30_s0_gauss,synthetic,gauss,6,30,sobol,128,1,34.37145016791148,0.003533417358994484,14,False,0.0,0
syn_K6_m30_s0_gauss,synthetic,gauss,6,30,sobol,128,2,34.37145016791148,0.0035469578579068184,14,False,0.0,0
syn_K6_m30_s0_gauss,synthetic,gauss,6,30,sobol,128,3,34.37145016791148,0.003483083099126816,14,False,0.0,0
syn_K6_m30_s0_gauss,synthetic,gauss,6,30,sobol,128,4,34.37145016791148,0.003617958165705204,14,False,0.0,0
syn_K6_m30_s0_gauss,synthetic,gauss,6,30,sobol,128,5,34.37145016791148,0.003542582970112562,14,False,0.0,0
syn_K6_m30_s0_gauss,synthetic,gauss,6,30,sobol,128,6,34.37145016791148,0.0033650840632617474,14,False,0.0,0
syn_K6_m30_s0_gauss,synthetic,gauss,6,30,sobol,128,7,34.37145016791148,0.0036017089150846004,14,False,0.0,0
syn_K6_m30_s0_gauss,synthetic,gauss,6,30,sobol,128,8,34.37145016791148,0.0033806669525802135,14,False,0.0,0
syn_K6_m30_s0_gauss,synthetic,gauss,6,30,sobol,128,9,34.37145016791148,0.0036285826936364174,15,False,0.0,0
syn_K6_m30_s0_gauss,synthetic,gauss,6,30,sobol,128,10,34.37145016791148,0.003790459129959345,14,False,0.0,0
syn_K6_m30_s0_gauss,synthetic,gauss,6,30,sobol,128,11,34.37145016791148,0.0036545409820973873,14,False,0.0,0
syn_K6_m30_s0_gauss,synthetic,gauss,6,30,sobol,128,12,34.37145016791148,0.0037314998917281628,14,False,0.0,0
syn_K6_m30_s0_gauss,synthetic,gauss,6,30,sobol,128,13,34.37145016791148,0.0036971247754991055,14,False,0.0,0
syn_K6_m30_s0_gauss,synthetic,gauss,6,30,sobol,128,14,34.37145016791148,0.0035565420985221863,14,False,0.0,0
syn_K6_m30_s0_gauss,synthetic,gauss,6,30,sobol,128,15,34.37145016791148,0.003716167062520981,14,False,0.0,0
syn_K6_m30_s0_gauss,synthetic,gauss,6,30,sobol,128,16,34.37145016791148,0.003533458337187767,14,False,0.0,0
syn_K6_m30_s0_gauss,synthetic,gauss,6,30,sobol,128,17,34.37145016791148,0.003901792224496603,15,False,0.0,0
syn_K6_m30_s0_gauss,synthetic,gauss,6,30,sobol,128,18,34.37145016791148,0.003650208003818989,14,False,0.0,0
syn_K6_m30_s0_gauss,synthetic,gauss,6,30,sobol,128,19,34.37145016791148,0.003499249927699566,14,False,0.0,0
syn_K6_m30_s0_gauss,synthetic,gauss,6,30,sobol,128,20,34.37145016791148,0.0037644999101758003,14,False,0.0,0
syn_K6_m30_s0_gauss,synthetic,gauss,6,30,sobol,128,21,34.37145016791148,0.0035494999028742313,14,False,0.0,0
syn_K6_m30_s0_gauss,synthetic,gauss,6,30,sobol,128,22,34.37145016791148,0.003845666069537401,14,False,0.0,0
syn_K6_m30_s0_gauss,synthetic,gauss,6,30,sobol,128,23,34.37145016791148,0.003487708978354931,14,False,0.0,0
syn_K6_m30_s0_gauss,synthetic,gauss,6,30,sobol,128,24,34.37145016791148,0.003740374930202961,14,False,0.0,0
syn_K6_m30_s0_gauss,synthetic,gauss,6,30,sobol,128,25,34.37145016791148,0.003666916862130165,14,False,0.0,0
syn_K6_m30_s0_gauss,synthetic,gauss,6,30,sobol,128,26,34.37145016791148,0.003643082920461893,14,False,0.0,0
syn_K6_m30_s0_gauss,synthetic,gauss,6,30,sobol,128,27,34.37145016791148,0.0036842920817434788,14,False,0.0,0
syn_K6_m30_s0_gauss,synthetic,gauss,6,30,sobol,128,28,34.37145016791148,0.003811500035226345,14,False,0.0,0
syn_K6_m30_s0_gauss,synthetic,gauss,6,30,sobol,128,29,34.37145016791148,0.003761958796530962,15,False,0.0,0
syn_K6_m30_s0_gauss,synthetic,gauss,6,30,sobol,128,30,34.37145016791148,0.004209375008940697,14,False,0.0,0
syn_K6_m30_s0_gauss,synthetic,gauss,6,30,sobol,128,31,34.37145016791148,0.0035807499662041664,14,False,0.0,0
syn_K6_m30_s0_gauss,synthetic,gauss,6,30,sobol,128,32,34.37145016791148,0.004052582662552595,14,False,0.0,0
syn_K6_m30_s0_gauss,synthetic,gauss,6,30,sobol,128,33,34.37145016791148,0.0035028751008212566,14,False,0.0,0
syn_K6_m30_s0_gauss,synthetic,gauss,6,30,sobol,128,34,34.37145016791148,0.004030750133097172,14,False,0.0,0
syn_K6_m30_s0_gauss,synthetic,gauss,6,30,sobol,128,35,34.37145016791148,0.0034017078578472137,14,False,0.0,0
syn_K6_m30_s0_gauss,synthetic,gauss,6,30,sobol,128,36,34.37145016791148,0.004240584094077349,14,False,0.0,0
syn_K6_m30_s0_gauss,synthetic,gauss,6,30,sobol,128,37,34.37145016791148,0.003401000052690506,14,False,0.0,0
syn_K6_m30_s0_gauss,synthetic,gauss,6,30,sobol,128,38,34.37145016791148,0.003985125105828047,15,False,0.0,0
syn_K6_m30_s0_gauss,synthetic,gauss,6,30,sobol,128,39,34.37145016791148,0.0034337500110268593,14,False,0.0,0
syn_K6_m30_s0_gauss,synthetic,gauss,6,30,sobol,128,40,34.37145016791148,0.003967500291764736,14,False,0.0,0
syn_K6_m30_s0_gauss,synthetic,gauss,6,30,sobol,128,41,34.37145016791148,0.003449082840234041,14,False,0.0,0
syn_K6_m30_s0_gauss,synthetic,gauss,6,30,sobol,128,42,34.37145016791148,0.004348332993686199,16,False,0.0,0
syn_K6_m30_s0_gauss,synthetic,gauss,6,30,sobol,128,43,34.37145016791148,0.003406583797186613,14,False,0.0,0
syn_K6_m30_s0_gauss,synthetic,gauss,6,30,sobol,128,44,34.37145016791148,0.0038745407946407795,14,False,0.0,0
syn_K6_m30_s0_gauss,synthetic,gauss,6,30,sobol,128,45,34.37145016791148,0.003380625043064356,14,False,0.0,0
syn_K6_m30_s0_gauss,synthetic,gauss,6,30,sobol,128,46,34.37145016791148,0.003886749967932701,14,False,0.0,0
syn_K6_m30_s0_gauss,synthetic,gauss,6,30,sobol,128,47,34.37145016791148,0.003552583046257496,14,False,0.0,0
syn_K6_m30_s0_gauss,synthetic,gauss,6,30,sobol,128,48,34.37145016791148,0.004022333770990372,14,False,0.0,0
syn_K6_m30_s0_gauss,synthetic,gauss,6,30,sobol,128,49,34.37145016791148,0.0036053331568837166,14,False,0.0,0
syn_K6_m30_s0_gauss,synthetic,gauss,6,30,sobol,512,0,34.37145016791148,0.003917166963219643,14,False,0.0,0
syn_K6_m30_s0_gauss,synthetic,gauss,6,30,sobol,512,1,34.37145016791148,0.0037987083196640015,14,False,0.0,0
syn_K6_m30_s0_gauss,synthetic,gauss,6,30,sobol,512,2,34.37145016791148,0.003795207943767309,14,False,0.0,0
syn_K6_m30_s0_gauss,synthetic,gauss,6,30,sobol,512,3,34.37145016791148,0.003687415737658739,14,False,0.0,0
syn_K6_m30_s0_gauss,synthetic,gauss,6,30,sobol,512,4,34.37145016791148,0.004058958031237125,14,False,0.0,0
syn_K6_m30_s0_gauss,synthetic,gauss,6,30,sobol,512,5,34.37145016791148,0.003813500050455332,14,False,0.0,0
syn_K6_m30_s0_gauss,synthetic,gauss,6,30,sobol,512,6,34.37145016791148,0.004093667026609182,14,False,0.0,0
syn_K6_m30_s0_gauss,synthetic,gauss,6,30,sobol,512,7,34.37145016791148,0.0036053750663995743,14,False,0.0,0
syn_K6_m30_s0_gauss,synthetic,gauss,6,30,sobol,512,8,34.37145016791148,0.0040270001627504826,14,False,0.0,0
syn_K6_m30_s0_gauss,synthetic,gauss,6,30,sobol,512,9,34.37145016791148,0.003636624664068222,14,False,0.0,0
syn_K6_m30_s0_gauss,synthetic,gauss,6,30,sobol,512,10,34.37145016791148,0.004612249787896872,14,False,0.0,0
syn_K6_m30_s0_gauss,synthetic,gauss,6,30,sobol,512,11,34.37145016791148,0.0037195417098701,14,False,0.0,0
syn_K6_m30_s0_gauss,synthetic,gauss,6,30,sobol,512,12,34.37145016791148,0.0037946249358356,14,False,0.0,0
syn_K6_m30_s0_gauss,synthetic,gauss,6,30,sobol,512,13,34.37145016791148,0.004013707861304283,14,False,0.0,0
syn_K6_m30_s0_gauss,synthetic,gauss,6,30,sobol,512,14,34.37145016791148,0.004366292152553797,14,False,0.0,0
syn_K6_m30_s0_gauss,synthetic,gauss,6,30,sobol,512,15,34.37145016791148,0.003877833019942045,14,False,0.0,0
syn_K6_m30_s0_gauss,synthetic,gauss,6,30,sobol,512,16,34.37145016791148,0.004408250097185373,14,False,0.0,0
syn_K6_m30_s0_gauss,synthetic,gauss,6,30,sobol,512,17,34.37145016791148,0.003900124691426754,14,False,0.0,0
syn_K6_m30_s0_gauss,synthetic,gauss,6,30,sobol,512,18,34.37145016791148,0.0037799160927534103,14,False,0.0,0
syn_K6_m30_s0_gauss,synthetic,gauss,6,30,sobol,512,19,34.37145016791148,0.0040365420281887054,14,False,0.0,0
syn_K6_m30_s0_gauss,synthetic,gauss,6,30,sobol,512,20,34.37145016791148,0.003867708146572113,14,False,0.0,0
syn_K6_m30_s0_gauss,synthetic,gauss,6,30,sobol,512,21,34.37145016791148,0.003642499912530184,14,False,0.0,0
syn_K6_m30_s0_gauss,synthetic,gauss,6,30,sobol,512,22,34.37145016791148,0.004072791896760464,14,False,0.0,0
syn_K6_m30_s0_gauss,synthetic,gauss,6,30,sobol,512,23,34.37145016791148,0.0037409579381346703,14,False,0.0,0
syn_K6_m30_s0_gauss,synthetic,gauss,6,30,sobol,512,24,34.37145016791148,0.003924291580915451,14,False,0.0,0
syn_K6_m30_s0_gauss,synthetic,gauss,6,30,sobol,512,25,34.37145016791148,0.0036031249910593033,14,False,0.0,0
syn_K6_m30_s0_gauss,synthetic,gauss,6,30,sobol,512,26,34.37145016791148,0.00382799981161952,14,False,0.0,0
syn_K6_m30_s0_gauss,synthetic,gauss,6,30,sobol,512,27,34.37145016791148,0.0037550413981080055,14,False,0.0,0
syn_K6_m30_s0_gauss,synthetic,gauss,6,30,sobol,512,28,34.37145016791148,0.003839584067463875,14,False,0.0,0
syn_K6_m30_s0_gauss,synthetic,gauss,6,30,sobol,512,29,34.37145016791148,0.003860000055283308,14,False,0.0,0
syn_K6_m30_s0_gauss,synthetic,gauss,6,30,sobol,512,30,34.37145016791148,0.003807750064879656,14,False,0.0,0
syn_K6_m30_s0_gauss,synthetic,gauss,6,30,sobol,512,31,34.37145016791148,0.0036314581520855427,14,False,0.0,0
syn_K6_m30_s0_gauss,synthetic,gauss,6,30,sobol,512,32,34.37145016791148,0.003748000133782625,14,False,0.0,0
syn_K6_m30_s0_gauss,synthetic,gauss,6,30,sobol,512,33,34.37145016791148,0.0035088746808469296,14,False,0.0,0
syn_K6_m30_s0_gauss,synthetic,gauss,6,30,sobol,512,34,34.37145016791148,0.00384237477555871,14,False,0.0,0
syn_K6_m30_s0_gauss,synthetic,gauss,6,30,sobol,512,35,34.37145016791148,0.003664374817162752,14,False,0.0,0
syn_K6_m30_s0_gauss,synthetic,gauss,6,30,sobol,512,36,34.37145016791148,0.003952125087380409,14,False,0.0,0
syn_K6_m30_s0_gauss,synthetic,gauss,6,30,sobol,512,37,34.37145016791148,0.0037462078034877777,14,False,0.0,0
syn_K6_m30_s0_gauss,synthetic,gauss,6,30,sobol,512,38,34.37145016791148,0.0038968753069639206,14,False,0.0,0
syn_K6_m30_s0_gauss,synthetic,gauss,6,30,sobol,512,39,34.37145016791148,0.003772375173866749,14,False,0.0,0
syn_K6_m30_s0_gauss,synthetic,gauss,6,30,sobol,512,40,34.37145016791148,0.003766582813113928,14,False,0.0,0
syn_K6_m30_s0_gauss,synthetic,gauss,6,30,sobol,512,41,34.37145016791148,0.003592750057578087,14,False,0.0,0
syn_K6_m30_s0_gauss,synthetic,gauss,6,30,sobol,512,42,34.37145016791148,0.004028875380754471,14,False,0.0,0
syn_K6_m30_s0_gauss,synthetic,gauss,6,30,sobol,512,43,34.37145016791148,0.003591792192310095,14,False,0.0,0
syn_K6_m30_s0_gauss,synthetic,gauss,6,30,sobol,512,44,34.37145016791148,0.003785249777138233,14,False,0.0,0
syn_K6_m30_s0_gauss,synthetic,gauss,6,30,sobol,512,45,34.37145016791148,0.0036035003140568733,14,False,0.0,0
syn_K6_m30_s0_gauss,synthetic,gauss,6,30,sobol,512,46,34.37145016791148,0.0038794581778347492,14,False,0.0,0
syn_K6_m30_s0_gauss,synthetic,gauss,6,30,sobol,512,47,34.37145016791148,0.003745750058442354,14,False,0.0,0
syn_K6_m30_s0_gauss,synthetic,gauss,6,30,sobol,512,48,34.37145016791148,0.003773665986955166,14,False,0.0,0
syn_K6_m30_s0_gauss,synthetic,gauss,6,30,sobol,512,49,34.37145016791148,0.0036886250600218773,14,False,0.0,0
syn_K6_m30_s0_gauss,synthetic,gauss,6,30,sobol,2048,0,34.37145016791148,0.00429091602563858,14,False,0.0,0
syn_K6_m30_s0_gauss,synthetic,gauss,6,30,sobol,2048,1,34.37145016791148,0.0041040838696062565,14,False,0.0,0
syn_K6_m30_s0_gauss,synthetic,gauss,6,30,sobol,2048,2,34.37145016791148,0.004217667039483786,14,False,0.0,0
syn_K6_m30_s0_gauss,synthetic,gauss,6,30,sobol,2048,3,34.37145016791148,0.004149625077843666,14,False,0.0,0
syn_K6_m30_s0_gauss,synthetic,gauss,6,30,sobol,2048,4,34.37145016791148,0.004462874960154295,14,False,0.0,0
syn_K6_m30_s0_gauss,synthetic,gauss,6,30,sobol,2048,5,34.37145016791148,0.004088666755706072,14,False,0.0,0
syn_K6_m30_s0_gauss,synthetic,gauss,6,30,sobol,2048,6,34.37145016791148,0.004257082939147949,14,False,0.0,0
syn_K6_m30_s0_gauss,synthetic,gauss,6,30,sobol,2048,7,34.37145016791148,0.004122208803892136,14,False,0.0,0
syn_K6_m30_s0_gauss,synthetic,gauss,6,30,sobol,2048,8,34.37145016791148,0.004172583110630512,14,False,0.0,0
syn_K6_m30_s0_gauss,synthetic,gauss,6,30,sobol,2048,9,34.37145016791148,0.004198084119707346,14,False,0.0,0
syn_K6_m30_s0_gauss,synthetic,gauss,6,30,sobol,2048,10,34.37145016791148,0.004081708379089832,14,False,0.0,0
syn_K6_m30_s0_gauss,synthetic,gauss,6,30,sobol,2048,11,34.37145016791148,0.004189332947134972,14,False,0.0,0
syn_K6_m30_s0_gauss,synthetic,gauss,6,30,sobol,2048,12,34.37145016791148,0.004224834032356739,14,False,0.0,0
syn_K6_m30_s0_gauss,synthetic,gauss,6,30,sobol,2048,13,34.37145016791148,0.004155625123530626,14,False,0.0,0
syn_K6_m30_s0_gauss,synthetic,gauss,6,30,sobol,2048,14,34.37145016791148,0.003983083181083202,14,False,0.0,0
syn_K6_m30_s0_gauss,synthetic,gauss,6,30,sobol,2048,15,34.37145016791148,0.004259374924004078,14,False,0.0,0
syn_K6_m30_s0_gauss,synthetic,gauss,6,30,sobol,2048,16,34.37145016791148,0.004045834299176931,14,False,0.0,0
syn_K6_m30_s0_gauss,synthetic,gauss,6,30,sobol,2048,17,34.37145016791148,0.004282958805561066,14,False,0.0,0
syn_K6_m30_s0_gauss,synthetic,gauss,6,30,sobol,2048,18,34.37145016791148,0.004220500122755766,14,False,0.0,0
syn_K6_m30_s0_gauss,synthetic,gauss,6,30,sobol,2048,19,34.37145016791148,0.004189042374491692,14,False,0.0,0
syn_K6_m30_s0_gauss,synthetic,gauss,6,30,sobol,2048,20,34.37145016791148,0.004196750000119209,14,False,0.0,0
syn_K6_m30_s0_gauss,synthetic,gauss,6,30,sobol,2048,21,34.37145016791148,0.004083042033016682,14,False,0.0,0
syn_K6_m30_s0_gauss,synthetic,gauss,6,30,sobol,2048,22,34.37145016791148,0.004147584084421396,14,False,0.0,0
syn_K6_m30_s0_gauss,synthetic,gauss,6,30,sobol,2048,23,34.37145016791148,0.004175832960754633,14,False,0.0,0
syn_K6_m30_s0_gauss,synthetic,gauss,6,30,sobol,2048,24,34.37145016791148,0.004132417030632496,14,False,0.0,0
syn_K6_m30_s0_gauss,synthetic,gauss,6,30,sobol,2048,25,34.37145016791148,0.004075166303664446,14,False,0.0,0
syn_K6_m30_s0_gauss,synthetic,gauss,6,30,sobol,2048,26,34.37145016791148,0.004933290649205446,14,False,0.0,0
syn_K6_m30_s0_gauss,synthetic,gauss,6,30,sobol,2048,27,34.37145016791148,0.004441583063453436,14,False,0.0,0
syn_K6_m30_s0_gauss,synthetic,gauss,6,30,sobol,2048,28,34.37145016791148,0.004163166042417288,14,False,0.0,0
syn_K6_m30_s0_gauss,synthetic,gauss,6,30,sobol,2048,29,34.37145016791148,0.004830457735806704,14,False,0.0,0
syn_K6_m30_s0_gauss,synthetic,gauss,6,30,sobol,2048,30,34.37145016791148,0.004103666637092829,14,False,0.0,0
syn_K6_m30_s0_gauss,synthetic,gauss,6,30,sobol,2048,31,34.37145016791148,0.004503208212554455,14,False,0.0,0
syn_K6_m30_s0_gauss,synthetic,gauss,6,30,sobol,2048,32,34.37145016791148,0.004052542150020599,14,False,0.0,0
syn_K6_m30_s0_gauss,synthetic,gauss,6,30,sobol,2048,33,34.37145016791148,0.004654583986848593,14,False,0.0,0
syn_K6_m30_s0_gauss,synthetic,gauss,6,30,sobol,2048,34,34.37145016791148,0.004336250014603138,14,False,0.0,0
syn_K6_m30_s0_gauss,synthetic,gauss,6,30,sobol,2048,35,34.37145016791148,0.0043010832741856575,14,False,0.0,0
syn_K6_m30_s0_gauss,synthetic,gauss,6,30,sobol,2048,36,34.37145016791148,0.004303500056266785,14,False,0.0,0
syn_K6_m30_s0_gauss,synthetic,gauss,6,30,sobol,2048,37,34.37145016791148,0.004264249932020903,14,False,0.0,0
syn_K6_m30_s0_gauss,synthetic,gauss,6,30,sobol,2048,38,34.37145016791148,0.004187209066003561,14,False,0.0,0
syn_K6_m30_s0_gauss,synthetic,gauss,6,30,sobol,2048,39,34.37145016791148,0.004295084159821272,14,False,0.0,0
syn_K6_m30_s0_gauss,synthetic,gauss,6,30,sobol,2048,40,34.37145016791148,0.00434675021097064,14,False,0.0,0
syn_K6_m30_s0_gauss,synthetic,gauss,6,30,sobol,2048,41,34.37145016791148,0.004054124932736158,14,False,0.0,0
syn_K6_m30_s0_gauss,synthetic,gauss,6,30,sobol,2048,42,34.37145016791148,0.004142292309552431,14,False,0.0,0
syn_K6_m30_s0_gauss,synthetic,gauss,6,30,sobol,2048,43,34.37145016791148,0.003937500063329935,14,False,0.0,0
syn_K6_m30_s0_gauss,synthetic,gauss,6,30,sobol,2048,44,34.37145016791148,0.004180083051323891,14,False,0.0,0
syn_K6_m30_s0_gauss,synthetic,gauss,6,30,sobol,2048,45,34.37145016791148,0.004193041007965803,14,False,0.0,0
syn_K6_m30_s0_gauss,synthetic,gauss,6,30,sobol,2048,46,34.37145016791148,0.004189832601696253,14,False,0.0,0
syn_K6_m30_s0_gauss,synthetic,gauss,6,30,sobol,2048,47,34.37145016791148,0.0042471252381801605,14,False,0.0,0
syn_K6_m30_s0_gauss,synthetic,gauss,6,30,sobol,2048,48,34.37145016791148,0.004195624962449074,14,False,0.0,0
syn_K6_m30_s0_gauss,synthetic,gauss,6,30,sobol,2048,49,34.37145016791148,0.0041916249319911,14,False,0.0,0
syn_K6_m30_s1_cancel,synthetic,cancel,6,30,exp,128,0,22.969014763628604,0.005512291099876165,22,False,0.0,0
syn_K6_m30_s1_cancel,synthetic,cancel,6,30,exp,128,1,22.969014763628604,0.005415332969278097,23,False,0.0,0
syn_K6_m30_s1_cancel,synthetic,cancel,6,30,exp,128,2,22.969014763628604,0.004192749969661236,17,False,0.0,0
syn_K6_m30_s1_cancel,synthetic,cancel,6,30,exp,128,3,22.969014763628604,0.004998290911316872,18,False,0.0,0
syn_K6_m30_s1_cancel,synthetic,cancel,6,30,exp,128,4,22.969014763628604,0.005058332812041044,21,False,0.0,0
syn_K6_m30_s1_cancel,synthetic,cancel,6,30,exp,128,5,22.969014763628604,0.005365291144698858,21,False,0.0,0
syn_K6_m30_s1_cancel,synthetic,cancel,6,30,exp,128,6,22.969014763628604,0.00525074964389205,20,False,0.0,0
syn_K6_m30_s1_cancel,synthetic,cancel,6,30,exp,128,7,22.969014763628604,0.004378666169941425,18,False,0.0,0
syn_K6_m30_s1_cancel,synthetic,cancel,6,30,exp,128,8,22.969014763628604,0.005202457774430513,20,False,0.0,0
syn_K6_m30_s1_cancel,synthetic,cancel,6,30,exp,128,9,22.969014763628604,0.0037507079541683197,15,False,0.0,0
syn_K6_m30_s1_cancel,synthetic,cancel,6,30,exp,128,10,22.969014763628604,0.004802541341632605,20,False,0.0,0
syn_K6_m30_s1_cancel,synthetic,cancel,6,30,exp,128,11,22.969014763628604,0.005141167435795069,22,False,0.0,0
syn_K6_m30_s1_cancel,synthetic,cancel,6,30,exp,128,12,22.969014763628604,0.005013832822442055,20,False,0.0,0
syn_K6_m30_s1_cancel,synthetic,cancel,6,30,exp,128,13,22.969014763628604,0.0048362500965595245,19,False,0.0,0
syn_K6_m30_s1_cancel,synthetic,cancel,6,30,exp,128,14,22.969014763628604,0.004970625042915344,20,False,0.0,0
syn_K6_m30_s1_cancel,synthetic,cancel,6,30,exp,128,15,22.969014763628604,0.005240000318735838,22,False,0.0,0
syn_K6_m30_s1_cancel,synthetic,cancel,6,30,exp,128,16,22.969014763628604,0.004299582913517952,17,False,0.0,0
syn_K6_m30_s1_cancel,synthetic,cancel,6,30,exp,128,17,22.969014763628604,0.004967750050127506,20,False,0.0,0
syn_K6_m30_s1_cancel,synthetic,cancel,6,30,exp,128,18,22.969014763628604,0.003962249960750341,16,False,0.0,0
syn_K6_m30_s1_cancel,synthetic,cancel,6,30,exp,128,19,22.969014763628604,0.004276582971215248,18,False,0.0,0
syn_K6_m30_s1_cancel,synthetic,cancel,6,30,exp,128,20,22.969014763628604,0.00378520879894495,16,False,0.0,0
syn_K6_m30_s1_cancel,synthetic,cancel,6,30,exp,128,21,22.969014763628604,0.005858208984136581,25,False,0.0,0
syn_K6_m30_s1_cancel,synthetic,cancel,6,30,exp,128,22,22.969014763628604,0.005485540721565485,23,False,0.0,0
syn_K6_m30_s1_cancel,synthetic,cancel,6,30,exp,128,23,22.969014763628604,0.004728540778160095,20,False,0.0,0
syn_K6_m30_s1_cancel,synthetic,cancel,6,30,exp,128,24,22.969014763628604,0.004251834005117416,17,False,0.0,0
syn_K6_m30_s1_cancel,synthetic,cancel,6,30,exp,128,25,22.969014763628604,0.0046581667847931385,19,False,0.0,0
syn_K6_m30_s1_cancel,synthetic,cancel,6,30,exp,128,26,22.969014763628604,0.004864291287958622,20,False,0.0,0
syn_K6_m30_s1_cancel,synthetic,cancel,6,30,exp,128,27,22.969014763628604,0.004345874767750502,18,False,0.0,0
syn_K6_m30_s1_cancel,synthetic,cancel,6,30,exp,128,28,22.969014763628604,0.004808667115867138,20,False,0.0,0
syn_K6_m30_s1_cancel,synthetic,cancel,6,30,exp,128,29,22.969014763628604,0.005355834029614925,21,False,0.0,0
syn_K6_m30_s1_cancel,synthetic,cancel,6,30,exp,128,30,22.969014763628604,0.004838583059608936,20,False,0.0,0
syn_K6_m30_s1_cancel,synthetic,cancel,6,30,exp,128,31,22.969014763628604,0.004452750086784363,17,False,0.0,0
syn_K6_m30_s1_cancel,synthetic,cancel,6,30,exp,128,32,22.969014763628604,0.004350667353719473,16,False,0.0,0
syn_K6_m30_s1_cancel,synthetic,cancel,6,30,exp,128,33,22.969014763628604,0.004090124741196632,16,False,0.0,0
syn_K6_m30_s1_cancel,synthetic,cancel,6,30,exp,128,34,22.969014763628604,0.004122958052903414,16,False,0.0,0
syn_K6_m30_s1_cancel,synthetic,cancel,6,30,exp,128,35,22.969014763628604,0.004786625038832426,20,False,0.0,0
syn_K6_m30_s1_cancel,synthetic,cancel,6,30,exp,128,36,22.969014763628604,0.005073833279311657,19,False,0.0,0
syn_K6_m30_s1_cancel,synthetic,cancel,6,30,exp,128,37,22.969014763628604,0.004510500002652407,19,False,0.0,0
syn_K6_m30_s1_cancel,synthetic,cancel,6,30,exp,128,38,22.969014763628604,0.004561374895274639,18,False,0.0,0
syn_K6_m30_s1_cancel,synthetic,cancel,6,30,exp,128,39,22.969014763628604,0.005376958753913641,21,False,0.0,0
syn_K6_m30_s1_cancel,synthetic,cancel,6,30,exp,128,40,22.969014763628604,0.004382541868835688,17,False,0.0,0
syn_K6_m30_s1_cancel,synthetic,cancel,6,30,exp,128,41,22.969014763628604,0.004896124824881554,19,False,0.0,0
syn_K6_m30_s1_cancel,synthetic,cancel,6,30,exp,128,42,22.969014763628604,0.00428879214450717,17,False,0.0,0
syn_K6_m30_s1_cancel,synthetic,cancel,6,30,exp,128,43,22.969014763628604,0.004560666158795357,18,False,0.0,0
syn_K6_m30_s1_cancel,synthetic,cancel,6,30,exp,128,44,22.969014763628604,0.004818500019609928,20,False,0.0,0
syn_K6_m30_s1_cancel,synthetic,cancel,6,30,exp,128,45,22.969014763628604,0.004928207956254482,21,False,0.0,0
syn_K6_m30_s1_cancel,synthetic,cancel,6,30,exp,128,46,22.969014763628604,0.005176207982003689,21,False,0.0,0
syn_K6_m30_s1_cancel,synthetic,cancel,6,30,exp,128,47,22.969014763628604,0.004993875045329332,21,False,0.0,0
syn_K6_m30_s1_cancel,synthetic,cancel,6,30,exp,128,48,22.969014763628604,0.0037877089343965054,15,False,0.0,0
syn_K6_m30_s1_cancel,synthetic,cancel,6,30,exp,128,49,22.969014763628604,0.004404999781399965,19,False,0.0,0
syn_K6_m30_s1_cancel,synthetic,cancel,6,30,exp,512,0,22.969014763628604,0.003934375010430813,16,False,0.0,0
syn_K6_m30_s1_cancel,synthetic,cancel,6,30,exp,512,1,22.969014763628604,0.003870041575282812,15,False,0.0,0
syn_K6_m30_s1_cancel,synthetic,cancel,6,30,exp,512,2,22.969014763628604,0.00446774996817112,18,False,0.0,0
syn_K6_m30_s1_cancel,synthetic,cancel,6,30,exp,512,3,22.969014763628604,0.004879792220890522,20,False,0.0,0
syn_K6_m30_s1_cancel,synthetic,cancel,6,30,exp,512,4,22.969014763628604,0.005165250040590763,21,False,0.0,0
syn_K6_m30_s1_cancel,synthetic,cancel,6,30,exp,512,5,22.969014763628604,0.004394583869725466,18,False,0.0,0
syn_K6_m30_s1_cancel,synthetic,cancel,6,30,exp,512,6,22.969014763628604,0.0038269585929811,15,False,0.0,0
syn_K6_m30_s1_cancel,synthetic,cancel,6,30,exp,512,7,22.969014763628604,0.0037143342196941376,15,False,0.0,0
syn_K6_m30_s1_cancel,synthetic,cancel,6,30,exp,512,8,22.969014763628604,0.003921875264495611,15,False,0.0,0
syn_K6_m30_s1_cancel,synthetic,cancel,6,30,exp,512,9,22.969014763628604,0.00434558279812336,18,False,0.0,0
syn_K6_m30_s1_cancel,synthetic,cancel,6,30,exp,512,10,22.969014763628604,0.004563457798212767,17,False,0.0,0
syn_K6_m30_s1_cancel,synthetic,cancel,6,30,exp,512,11,22.969014763628604,0.0041909171268343925,17,False,0.0,0
syn_K6_m30_s1_cancel,synthetic,cancel,6,30,exp,512,12,22.969014763628604,0.003866374958306551,15,False,0.0,0
syn_K6_m30_s1_cancel,synthetic,cancel,6,30,exp,512,13,22.969014763628604,0.004608792252838612,19,False,0.0,0
syn_K6_m30_s1_cancel,synthetic,cancel,6,30,exp,512,14,22.969014763628604,0.004852124955505133,18,False,0.0,0
syn_K6_m30_s1_cancel,synthetic,cancel,6,30,exp,512,15,22.969014763628604,0.0038840831257402897,15,False,0.0,0
syn_K6_m30_s1_cancel,synthetic,cancel,6,30,exp,512,16,22.969014763628604,0.004140999633818865,16,False,0.0,0
syn_K6_m30_s1_cancel,synthetic,cancel,6,30,exp,512,17,22.969014763628604,0.004197041969746351,16,False,0.0,0
syn_K6_m30_s1_cancel,synthetic,cancel,6,30,exp,512,18,22.969014763628604,0.004141709301620722,17,False,0.0,0
syn_K6_m30_s1_cancel,synthetic,cancel,6,30,exp,512,19,22.969014763628604,0.003961250185966492,15,False,0.0,0
syn_K6_m30_s1_cancel,synthetic,cancel,6,30,exp,512,20,22.969014763628604,0.004412375390529633,18,False,0.0,0
syn_K6_m30_s1_cancel,synthetic,cancel,6,30,exp,512,21,22.969014763628604,0.004179750103503466,16,False,0.0,0
syn_K6_m30_s1_cancel,synthetic,cancel,6,30,exp,512,22,22.969014763628604,0.0035554999485611916,15,False,0.0,0
syn_K6_m30_s1_cancel,synthetic,cancel,6,30,exp,512,23,22.969014763628604,0.003680541180074215,15,False,0.0,0
syn_K6_m30_s1_cancel,synthetic,cancel,6,30,exp,512,24,22.969014763628604,0.004254207946360111,17,False,0.0,0
syn_K6_m30_s1_cancel,synthetic,cancel,6,30,exp,512,25,22.969014763628604,0.004514874890446663,18,False,0.0,0
syn_K6_m30_s1_cancel,synthetic,cancel,6,30,exp,512,26,22.969014763628604,0.004595042206346989,19,False,0.0,0
syn_K6_m30_s1_cancel,synthetic,cancel,6,30,exp,512,27,22.969014763628604,0.003940124996006489,16,False,0.0,0
syn_K6_m30_s1_cancel,synthetic,cancel,6,30,exp,512,28,22.969014763628604,0.004321250133216381,17,False,0.0,0
syn_K6_m30_s1_cancel,synthetic,cancel,6,30,exp,512,29,22.969014763628604,0.004554999992251396,17,False,0.0,0
syn_K6_m30_s1_cancel,synthetic,cancel,6,30,exp,512,30,22.969014763628604,0.004493500106036663,17,False,0.0,0
syn_K6_m30_s1_cancel,synthetic,cancel,6,30,exp,512,31,22.969014763628604,0.004587959032505751,18,False,0.0,0
syn_K6_m30_s1_cancel,synthetic,cancel,6,30,exp,512,32,22.969014763628604,0.004066416993737221,17,False,0.0,0
syn_K6_m30_s1_cancel,synthetic,cancel,6,30,exp,512,33,22.969014763628604,0.004144750069826841,16,False,0.0,0
syn_K6_m30_s1_cancel,synthetic,cancel,6,30,exp,512,34,22.969014763628604,0.003708167001605034,15,False,0.0,0
syn_K6_m30_s1_cancel,synthetic,cancel,6,30,exp,512,35,22.969014763628604,0.004226666875183582,17,False,0.0,0
syn_K6_m30_s1_cancel,synthetic,cancel,6,30,exp,512,36,22.969014763628604,0.003977749962359667,16,False,0.0,0
syn_K6_m30_s1_cancel,synthetic,cancel,6,30,exp,512,37,22.969014763628604,0.004391583148390055,17,False,0.0,0
syn_K6_m30_s1_cancel,synthetic,cancel,6,30,exp,512,38,22.969014763628604,0.003956290893256664,16,False,0.0,0
syn_K6_m30_s1_cancel,synthetic,cancel,6,30,exp,512,39,22.969014763628604,0.004116041120141745,16,False,0.0,0
syn_K6_m30_s1_cancel,synthetic,cancel,6,30,exp,512,40,22.969014763628604,0.004159749951213598,17,False,0.0,0
syn_K6_m30_s1_cancel,synthetic,cancel,6,30,exp,512,41,22.969014763628604,0.003930666018277407,15,False,0.0,0
syn_K6_m30_s1_cancel,synthetic,cancel,6,30,exp,512,42,22.969014763628604,0.003824833780527115,15,False,0.0,0
syn_K6_m30_s1_cancel,synthetic,cancel,6,30,exp,512,43,22.969014763628604,0.003950709011405706,15,False,0.0,0
syn_K6_m30_s1_cancel,synthetic,cancel,6,30,exp,512,44,22.969014763628604,0.003820457961410284,15,False,0.0,0
syn_K6_m30_s1_cancel,synthetic,cancel,6,30,exp,512,45,22.969014763628604,0.003876875154674053,15,False,0.0,0
syn_K6_m30_s1_cancel,synthetic,cancel,6,30,exp,512,46,22.969014763628604,0.004060625098645687,17,False,0.0,0
syn_K6_m30_s1_cancel,synthetic,cancel,6,30,exp,512,47,22.969014763628604,0.004050374962389469,16,False,0.0,0
syn_K6_m30_s1_cancel,synthetic,cancel,6,30,exp,512,48,22.969014763628604,0.003829292021691799,15,False,0.0,0
syn_K6_m30_s1_cancel,synthetic,cancel,6,30,exp,512,49,22.969014763628604,0.004480374976992607,17,False,0.0,0
syn_K6_m30_s1_cancel,synthetic,cancel,6,30,exp,2048,0,22.969014763628604,0.00440920889377594,15,False,0.0,0
syn_K6_m30_s1_cancel,synthetic,cancel,6,30,exp,2048,1,22.969014763628604,0.004613333381712437,16,False,0.0,0
syn_K6_m30_s1_cancel,synthetic,cancel,6,30,exp,2048,2,22.969014763628604,0.004202958196401596,15,False,0.0,0
syn_K6_m30_s1_cancel,synthetic,cancel,6,30,exp,2048,3,22.969014763628604,0.004440000280737877,15,False,0.0,0
syn_K6_m30_s1_cancel,synthetic,cancel,6,30,exp,2048,4,22.969014763628604,0.004490250255912542,16,False,0.0,0
syn_K6_m30_s1_cancel,synthetic,cancel,6,30,exp,2048,5,22.969014763628604,0.004457667004317045,15,False,0.0,0
syn_K6_m30_s1_cancel,synthetic,cancel,6,30,exp,2048,6,22.969014763628604,0.004588625393807888,17,False,0.0,0
syn_K6_m30_s1_cancel,synthetic,cancel,6,30,exp,2048,7,22.969014763628604,0.004712665919214487,16,False,0.0,0
syn_K6_m30_s1_cancel,synthetic,cancel,6,30,exp,2048,8,22.969014763628604,0.004574249964207411,15,False,0.0,0
syn_K6_m30_s1_cancel,synthetic,cancel,6,30,exp,2048,9,22.969014763628604,0.004284291993826628,15,False,0.0,0
syn_K6_m30_s1_cancel,synthetic,cancel,6,30,exp,2048,10,22.969014763628604,0.004852124955505133,16,False,0.0,0
syn_K6_m30_s1_cancel,synthetic,cancel,6,30,exp,2048,11,22.969014763628604,0.004238207824528217,15,False,0.0,0
syn_K6_m30_s1_cancel,synthetic,cancel,6,30,exp,2048,12,22.969014763628604,0.005164040718227625,17,False,0.0,0
syn_K6_m30_s1_cancel,synthetic,cancel,6,30,exp,2048,13,22.969014763628604,0.004297582898288965,16,False,0.0,0
syn_K6_m30_s1_cancel,synthetic,cancel,6,30,exp,2048,14,22.969014763628604,0.004861041437834501,16,False,0.0,0
syn_K6_m30_s1_cancel,synthetic,cancel,6,30,exp,2048,15,22.969014763628604,0.004091707989573479,15,False,0.0,0
syn_K6_m30_s1_cancel,synthetic,cancel,6,30,exp,2048,16,22.969014763628604,0.004540208261460066,15,False,0.0,0
syn_K6_m30_s1_cancel,synthetic,cancel,6,30,exp,2048,17,22.969014763628604,0.004628708120435476,15,False,0.0,0
syn_K6_m30_s1_cancel,synthetic,cancel,6,30,exp,2048,18,22.969014763628604,0.004184749908745289,15,False,0.0,0
syn_K6_m30_s1_cancel,synthetic,cancel,6,30,exp,2048,19,22.969014763628604,0.004743583966046572,16,False,0.0,0
syn_K6_m30_s1_cancel,synthetic,cancel,6,30,exp,2048,20,22.969014763628604,0.004151583183556795,15,False,0.0,0
syn_K6_m30_s1_cancel,synthetic,cancel,6,30,exp,2048,21,22.969014763628604,0.0047857919707894325,15,False,0.0,0
syn_K6_m30_s1_cancel,synthetic,cancel,6,30,exp,2048,22,22.969014763628604,0.004191666841506958,15,False,0.0,0
syn_K6_m30_s1_cancel,synthetic,cancel,6,30,exp,2048,23,22.969014763628604,0.004935082979500294,16,False,0.0,0
syn_K6_m30_s1_cancel,synthetic,cancel,6,30,exp,2048,24,22.969014763628604,0.0039729168638587,15,False,0.0,0
syn_K6_m30_s1_cancel,synthetic,cancel,6,30,exp,2048,25,22.969014763628604,0.0047217500396072865,15,False,0.0,0
syn_K6_m30_s1_cancel,synthetic,cancel,6,30,exp,2048,26,22.969014763628604,0.0042747086845338345,15,False,0.0,0
syn_K6_m30_s1_cancel,synthetic,cancel,6,30,exp,2048,27,22.969014763628604,0.005334333050996065,20,False,0.0,0
syn_K6_m30_s1_cancel,synthetic,cancel,6,30,exp,2048,28,22.969014763628604,0.004649749957025051,16,False,0.0,0
syn_K6_m30_s1_cancel,synthetic,cancel,6,30,exp,2048,29,22.969014763628604,0.0042722090147435665,15,False,0.0,0
syn_K6_m30_s1_cancel,synthetic,cancel,6,30,exp,2048,30,22.969014763628604,0.004596459213644266,16,False,0.0,0
syn_K6_m30_s1_cancel,synthetic,cancel,6,30,exp,2048,31,22.969014763628604,0.0042381673119962215,15,False,0.0,0
syn_K6_m30_s1_cancel,synthetic,cancel,6,30,exp,2048,32,22.969014763628604,0.004714500159025192,16,False,0.0,0
syn_K6_m30_s1_cancel,synthetic,cancel,6,30,exp,2048,33,22.969014763628604,0.004267666954547167,15,False,0.0,0
syn_K6_m30_s1_cancel,synthetic,cancel,6,30,exp,2048,34,22.969014763628604,0.004351875279098749,15,False,0.0,0
syn_K6_m30_s1_cancel,synthetic,cancel,6,30,exp,2048,35,22.969014763628604,0.004108374938368797,15,False,0.0,0
syn_K6_m30_s1_cancel,synthetic,cancel,6,30,exp,2048,36,22.969014763628604,0.004280833061784506,16,False,0.0,0
syn_K6_m30_s1_cancel,synthetic,cancel,6,30,exp,2048,37,22.969014763628604,0.004042542073875666,15,False,0.0,0
syn_K6_m30_s1_cancel,synthetic,cancel,6,30,exp,2048,38,22.969014763628604,0.004446333274245262,16,False,0.0,0
syn_K6_m30_s1_cancel,synthetic,cancel,6,30,exp,2048,39,22.969014763628604,0.004573541693389416,16,False,0.0,0
syn_K6_m30_s1_cancel,synthetic,cancel,6,30,exp,2048,40,22.969014763628604,0.004742125049233437,17,False,0.0,0
syn_K6_m30_s1_cancel,synthetic,cancel,6,30,exp,2048,41,22.969014763628604,0.004727542400360107,16,False,0.0,0
syn_K6_m30_s1_cancel,synthetic,cancel,6,30,exp,2048,42,22.969014763628604,0.004538457840681076,16,False,0.0,0
syn_K6_m30_s1_cancel,synthetic,cancel,6,30,exp,2048,43,22.969014763628604,0.004811875056475401,17,False,0.0,0
syn_K6_m30_s1_cancel,synthetic,cancel,6,30,exp,2048,44,22.969014763628604,0.005040833260864019,19,False,0.0,0
syn_K6_m30_s1_cancel,synthetic,cancel,6,30,exp,2048,45,22.969014763628604,0.004269791767001152,15,False,0.0,0
syn_K6_m30_s1_cancel,synthetic,cancel,6,30,exp,2048,46,22.969014763628604,0.00416700029745698,15,False,0.0,0
syn_K6_m30_s1_cancel,synthetic,cancel,6,30,exp,2048,47,22.969014763628604,0.004140040837228298,15,False,0.0,0
syn_K6_m30_s1_cancel,synthetic,cancel,6,30,exp,2048,48,22.969014763628604,0.004228875041007996,16,False,0.0,0
syn_K6_m30_s1_cancel,synthetic,cancel,6,30,exp,2048,49,22.969014763628604,0.004334584344178438,15,False,0.0,0
syn_K6_m30_s1_cancel,synthetic,cancel,6,30,sobol,128,0,22.969014763628604,0.004361208062618971,17,False,0.0,0
syn_K6_m30_s1_cancel,synthetic,cancel,6,30,sobol,128,1,22.969014763628604,0.00455487472936511,18,False,0.0,0
syn_K6_m30_s1_cancel,synthetic,cancel,6,30,sobol,128,2,22.969014763628604,0.004299666732549667,17,False,0.0,0
syn_K6_m30_s1_cancel,synthetic,cancel,6,30,sobol,128,3,22.969014763628604,0.005010541994124651,21,False,0.0,0
syn_K6_m30_s1_cancel,synthetic,cancel,6,30,sobol,128,4,22.969014763628604,0.004946332890540361,20,False,0.0,0
syn_K6_m30_s1_cancel,synthetic,cancel,6,30,sobol,128,5,22.969014763628604,0.005118625238537788,21,False,0.0,0
syn_K6_m30_s1_cancel,synthetic,cancel,6,30,sobol,128,6,22.969014763628604,0.005133042111992836,22,False,0.0,0
syn_K6_m30_s1_cancel,synthetic,cancel,6,30,sobol,128,7,22.969014763628604,0.004417582880705595,18,False,0.0,0
syn_K6_m30_s1_cancel,synthetic,cancel,6,30,sobol,128,8,22.969014763628604,0.004929875023663044,20,False,0.0,0
syn_K6_m30_s1_cancel,synthetic,cancel,6,30,sobol,128,9,22.969014763628604,0.004750457592308521,20,False,0.0,0
syn_K6_m30_s1_cancel,synthetic,cancel,6,30,sobol,128,10,22.969014763628604,0.005120208021253347,20,False,0.0,0
syn_K6_m30_s1_cancel,synthetic,cancel,6,30,sobol,128,11,22.969014763628604,0.004695790819823742,19,False,0.0,0
syn_K6_m30_s1_cancel,synthetic,cancel,6,30,sobol,128,12,22.969014763628604,0.004503249656409025,18,False,0.0,0
syn_K6_m30_s1_cancel,synthetic,cancel,6,30,sobol,128,13,22.969014763628604,0.004522374831140041,18,False,0.0,0
syn_K6_m30_s1_cancel,synthetic,cancel,6,30,sobol,128,14,22.969014763628604,0.0048030829057097435,20,False,0.0,0
syn_K6_m30_s1_cancel,synthetic,cancel,6,30,sobol,128,15,22.969014763628604,0.005214124917984009,21,False,0.0,0
syn_K6_m30_s1_cancel,synthetic,cancel,6,30,sobol,128,16,22.969014763628604,0.004280833061784506,18,False,0.0,0
syn_K6_m30_s1_cancel,synthetic,cancel,6,30,sobol,128,17,22.969014763628604,0.0063306246884167194,25,False,0.0,0
syn_K6_m30_s1_cancel,synthetic,cancel,6,30,sobol,128,18,22.969014763628604,0.004615667276084423,17,False,0.0,0
syn_K6_m30_s1_cancel,synthetic,cancel,6,30,sobol,128,19,22.969014763628604,0.004877457860857248,21,False,0.0,0
syn_K6_m30_s1_cancel,synthetic,cancel,6,30,sobol,128,20,22.969014763628604,0.0051271249540150166,18,False,0.0,0
syn_K6_m30_s1_cancel,synthetic,cancel,6,30,sobol,128,21,22.969014763628604,0.005092458799481392,19,False,0.0,0
syn_K6_m30_s1_cancel,synthetic,cancel,6,30,sobol,128,22,22.969014763628604,0.0048017920926213264,20,False,0.0,0
syn_K6_m30_s1_cancel,synthetic,cancel,6,30,sobol,128,23,22.969014763628604,0.005306083709001541,20,False,0.0,0
syn_K6_m30_s1_cancel,synthetic,cancel,6,30,sobol,128,24,22.969014763628604,0.005044374614953995,19,False,0.0,0
syn_K6_m30_s1_cancel,synthetic,cancel,6,30,sobol,128,25,22.969014763628604,0.004925166256725788,21,False,0.0,0
syn_K6_m30_s1_cancel,synthetic,cancel,6,30,sobol,128,26,22.969014763628604,0.005793207790702581,23,False,0.0,0
syn_K6_m30_s1_cancel,synthetic,cancel,6,30,sobol,128,27,22.969014763628604,0.00464087538421154,17,False,0.0,0
syn_K6_m30_s1_cancel,synthetic,cancel,6,30,sobol,128,28,22.969014763628604,0.0043457080610096455,18,False,0.0,0
syn_K6_m30_s1_cancel,synthetic,cancel,6,30,sobol,128,29,22.969014763628604,0.0045862081460654736,16,False,0.0,0
syn_K6_m30_s1_cancel,synthetic,cancel,6,30,sobol,128,30,22.969014763628604,0.004890582989901304,21,False,0.0,0
syn_K6_m30_s1_cancel,synthetic,cancel,6,30,sobol,128,31,22.969014763628604,0.0050595407374203205,19,False,0.0,0
syn_K6_m30_s1_cancel,synthetic,cancel,6,30,sobol,128,32,22.969014763628604,0.004500625189393759,18,False,0.0,0
syn_K6_m30_s1_cancel,synthetic,cancel,6,30,sobol,128,33,22.969014763628604,0.004937124904245138,19,False,0.0,0
syn_K6_m30_s1_cancel,synthetic,cancel,6,30,sobol,128,34,22.969014763628604,0.0047417921014130116,19,False,0.0,0
syn_K6_m30_s1_cancel,synthetic,cancel,6,30,sobol,128,35,22.969014763628604,0.004453874658793211,18,False,0.0,0
syn_K6_m30_s1_cancel,synthetic,cancel,6,30,sobol,128,36,22.969014763628604,0.004087707959115505,15,False,0.0,0
syn_K6_m30_s1_cancel,synthetic,cancel,6,30,sobol,128,37,22.969014763628604,0.0049921669997274876,20,False,0.0,0
syn_K6_m30_s1_cancel,synthetic,cancel,6,30,sobol,128,38,22.969014763628604,0.004774624947458506,20,False,0.0,0
syn_K6_m30_s1_cancel,synthetic,cancel,6,30,sobol,128,39,22.969014763628604,0.004984208848327398,20,False,0.0,0
syn_K6_m30_s1_cancel,synthetic,cancel,6,30,sobol,128,40,22.969014763628604,0.0042075421661138535,17,False,0.0,0
syn_K6_m30_s1_cancel,synthetic,cancel,6,30,sobol,128,41,22.969014763628604,0.004311209078878164,18,False,0.0,0
syn_K6_m30_s1_cancel,synthetic,cancel,6,30,sobol,128,42,22.969014763628604,0.0045537082478404045,19,False,0.0,0
syn_K6_m30_s1_cancel,synthetic,cancel,6,30,sobol,128,43,22.969014763628604,0.003935125190764666,15,False,0.0,0
syn_K6_m30_s1_cancel,synthetic,cancel,6,30,sobol,128,44,22.969014763628604,0.004342583008110523,17,False,0.0,0
syn_K6_m30_s1_cancel,synthetic,cancel,6,30,sobol,128,45,22.969014763628604,0.00443445798009634,18,False,0.0,0
syn_K6_m30_s1_cancel,synthetic,cancel,6,30,sobol,128,46,22.969014763628604,0.004752166103571653,19,False,0.0,0
syn_K6_m30_s1_cancel,synthetic,cancel,6,30,sobol,128,47,22.969014763628604,0.005472165998071432,23,False,0.0,0
syn_K6_m30_s1_cancel,synthetic,cancel,6,30,sobol,128,48,22.969014763628604,0.0047642081044614315,20,False,0.0,0
syn_K6_m30_s1_cancel,synthetic,cancel,6,30,sobol,128,49,22.969014763628604,0.00459837494418025,19,False,0.0,0
syn_K6_m30_s1_cancel,synthetic,cancel,6,30,sobol,512,0,22.969014763628604,0.004220790695399046,17,False,0.0,0
syn_K6_m30_s1_cancel,synthetic,cancel,6,30,sobol,512,1,22.969014763628604,0.003952125087380409,16,False,0.0,0
syn_K6_m30_s1_cancel,synthetic,cancel,6,30,sobol,512,2,22.969014763628604,0.003855582792311907,16,False,0.0,0
syn_K6_m30_s1_cancel,synthetic,cancel,6,30,sobol,512,3,22.969014763628604,0.004221292212605476,16,False,0.0,0
syn_K6_m30_s1_cancel,synthetic,cancel,6,30,sobol,512,4,22.969014763628604,0.003986291587352753,15,False,0.0,0
syn_K6_m30_s1_cancel,synthetic,cancel,6,30,sobol,512,5,22.969014763628604,0.004048167262226343,16,False,0.0,0
syn_K6_m30_s1_cancel,synthetic,cancel,6,30,sobol,512,6,22.969014763628604,0.004045666195452213,16,False,0.0,0
syn_K6_m30_s1_cancel,synthetic,cancel,6,30,sobol,512,7,22.969014763628604,0.0047462498769164085,19,False,0.0,0
syn_K6_m30_s1_cancel,synthetic,cancel,6,30,sobol,512,8,22.969014763628604,0.003986000083386898,15,False,0.0,0
syn_K6_m30_s1_cancel,synthetic,cancel,6,30,sobol,512,9,22.969014763628604,0.004044332541525364,15,False,0.0,0
syn_K6_m30_s1_cancel,synthetic,cancel,6,30,sobol,512,10,22.969014763628604,0.00420175027102232,16,False,0.0,0
syn_K6_m30_s1_cancel,synthetic,cancel,6,30,sobol,512,11,22.969014763628604,0.004118500277400017,16,False,0.0,0
syn_K6_m30_s1_cancel,synthetic,cancel,6,30,sobol,512,12,22.969014763628604,0.004220459144562483,17,False,0.0,0
syn_K6_m30_s1_cancel,synthetic,cancel,6,30,sobol,512,13,22.969014763628604,0.0038490421138703823,15,False,0.0,0
syn_K6_m30_s1_cancel,synthetic,cancel,6,30,sobol,512,14,22.969014763628604,0.0043618748895823956,17,False,0.0,0
syn_K6_m30_s1_cancel,synthetic,cancel,6,30,sobol,512,15,22.969014763628604,0.004012459423393011,16,False,0.0,0
syn_K6_m30_s1_cancel,synthetic,cancel,6,30,sobol,512,16,22.969014763628604,0.005217249970883131,20,False,0.0,0
syn_K6_m30_s1_cancel,synthetic,cancel,6,30,sobol,512,17,22.969014763628604,0.004230834078043699,16,False,0.0,0
syn_K6_m30_s1_cancel,synthetic,cancel,6,30,sobol,512,18,22.969014763628604,0.004245708230882883,17,False,0.0,0
syn_K6_m30_s1_cancel,synthetic,cancel,6,30,sobol,512,19,22.969014763628604,0.004667083267122507,17,False,0.0,0
syn_K6_m30_s1_cancel,synthetic,cancel,6,30,sobol,512,20,22.969014763628604,0.004526624921709299,19,False,0.0,0
syn_K6_m30_s1_cancel,synthetic,cancel,6,30,sobol,512,21,22.969014763628604,0.004256333224475384,15,False,0.0,0
syn_K6_m30_s1_cancel,synthetic,cancel,6,30,sobol,512,22,22.969014763628604,0.004064125008881092,17,False,0.0,0
syn_K6_m30_s1_cancel,synthetic,cancel,6,30,sobol,512,23,22.969014763628604,0.004894250072538853,18,False,0.0,0
syn_K6_m30_s1_cancel,synthetic,cancel,6,30,sobol,512,24,22.969014763628604,0.004120334051549435,16,False,0.0,0
syn_K6_m30_s1_cancel,synthetic,cancel,6,30,sobol,512,25,22.969014763628604,0.0043444158509373665,16,False,0.0,0
syn_K6_m30_s1_cancel,synthetic,cancel,6,30,sobol,512,26,22.969014763628604,0.005015749949961901,19,False,0.0,0
syn_K6_m30_s1_cancel,synthetic,cancel,6,30,sobol,512,27,22.969014763628604,0.0037846253253519535,15,False,0.0,0
syn_K6_m30_s1_cancel,synthetic,cancel,6,30,sobol,512,28,22.969014763628604,0.004850415978580713,18,False,0.0,0
syn_K6_m30_s1_cancel,synthetic,cancel,6,30,sobol,512,29,22.969014763628604,0.0037804576568305492,15,False,0.0,0
syn_K6_m30_s1_cancel,synthetic,cancel,6,30,sobol,512,30,22.969014763628604,0.004755708388984203,18,False,0.0,0
syn_K6_m30_s1_cancel,synthetic,cancel,6,30,sobol,512,31,22.969014763628604,0.003749291878193617,15,False,0.0,0
syn_K6_m30_s1_cancel,synthetic,cancel,6,30,sobol,512,32,22.969014763628604,0.0047581251710653305,18,False,0.0,0
syn_K6_m30_s1_cancel,synthetic,cancel,6,30,sobol,512,33,22.969014763628604,0.004329874645918608,16,False,0.0,0
syn_K6_m30_s1_cancel,synthetic,cancel,6,30,sobol,512,34,22.969014763628604,0.004425500053912401,16,False,0.0,0
syn_K6_m30_s1_cancel,synthetic,cancel,6,30,sobol,512,35,22.969014763628604,0.0038967919535934925,15,False,0.0,0
syn_K6_m30_s1_cancel,synthetic,cancel,6,30,sobol,512,36,22.969014763628604,0.004290458280593157,17,False,0.0,0
syn_K6_m30_s1_cancel,synthetic,cancel,6,30,sobol,512,37,22.969014763628604,0.004041667096316814,15,False,0.0,0
syn_K6_m30_s1_cancel,synthetic,cancel,6,30,sobol,512,38,22.969014763628604,0.004198250360786915,17,False,0.0,0
syn_K6_m30_s1_cancel,synthetic,cancel,6,30,sobol,512,39,22.969014763628604,0.004188625141978264,16,False,0.0,0
syn_K6_m30_s1_cancel,synthetic,cancel,6,30,sobol,512,40,22.969014763628604,0.004311666823923588,17,False,0.0,0
syn_K6_m30_s1_cancel,synthetic,cancel,6,30,sobol,512,41,22.969014763628604,0.003964624833315611,15,False,0.0,0
syn_K6_m30_s1_cancel,synthetic,cancel,6,30,sobol,512,42,22.969014763628604,0.0038222498260438442,15,False,0.0,0
syn_K6_m30_s1_cancel,synthetic,cancel,6,30,sobol,512,43,22.969014763628604,0.004611625336110592,18,False,0.0,0
syn_K6_m30_s1_cancel,synthetic,cancel,6,30,sobol,512,44,22.969014763628604,0.005014083348214626,20,False,0.0,0
syn_K6_m30_s1_cancel,synthetic,cancel,6,30,sobol,512,45,22.969014763628604,0.004699249751865864,19,False,0.0,0
syn_K6_m30_s1_cancel,synthetic,cancel,6,30,sobol,512,46,22.969014763628604,0.004113375209271908,15,False,0.0,0
syn_K6_m30_s1_cancel,synthetic,cancel,6,30,sobol,512,47,22.969014763628604,0.004333625081926584,17,False,0.0,0
syn_K6_m30_s1_cancel,synthetic,cancel,6,30,sobol,512,48,22.969014763628604,0.004097416996955872,15,False,0.0,0
syn_K6_m30_s1_cancel,synthetic,cancel,6,30,sobol,512,49,22.969014763628604,0.004606832750141621,19,False,0.0,0
syn_K6_m30_s1_cancel,synthetic,cancel,6,30,sobol,2048,0,22.969014763628604,0.004696833435446024,16,False,0.0,0
syn_K6_m30_s1_cancel,synthetic,cancel,6,30,sobol,2048,1,22.969014763628604,0.004600834101438522,15,False,0.0,0
syn_K6_m30_s1_cancel,synthetic,cancel,6,30,sobol,2048,2,22.969014763628604,0.00432145781815052,15,False,0.0,0
syn_K6_m30_s1_cancel,synthetic,cancel,6,30,sobol,2048,3,22.969014763628604,0.004824333358556032,16,False,0.0,0
syn_K6_m30_s1_cancel,synthetic,cancel,6,30,sobol,2048,4,22.969014763628604,0.004432791844010353,15,False,0.0,0
syn_K6_m30_s1_cancel,synthetic,cancel,6,30,sobol,2048,5,22.969014763628604,0.004439291078597307,15,False,0.0,0
syn_K6_m30_s1_cancel,synthetic,cancel,6,30,sobol,2048,6,22.969014763628604,0.004530708771198988,15,False,0.0,0
syn_K6_m30_s1_cancel,synthetic,cancel,6,30,sobol,2048,7,22.969014763628604,0.004710165783762932,16,False,0.0,0
syn_K6_m30_s1_cancel,synthetic,cancel,6,30,sobol,2048,8,22.969014763628604,0.004514792002737522,15,False,0.0,0
syn_K6_m30_s1_cancel,synthetic,cancel,6,30,sobol,2048,9,22.969014763628604,0.00476333312690258,17,False,0.0,0
syn_K6_m30_s1_cancel,synthetic,cancel,6,30,sobol,2048,10,22.969014763628604,0.004467375110834837,15,False,0.0,0
syn_K6_m30_s1_cancel,synthetic,cancel,6,30,sobol,2048,11,22.969014763628604,0.004562583286315203,15,False,0.0,0
syn_K6_m30_s1_cancel,synthetic,cancel,6,30,sobol,2048,12,22.969014763628604,0.004304417409002781,15,False,0.0,0
syn_K6_m30_s1_cancel,synthetic,cancel,6,30,sobol,2048,13,22.969014763628604,0.0045823329128324986,15,False,0.0,0
syn_K6_m30_s1_cancel,synthetic,cancel,6,30,sobol,2048,14,22.969014763628604,0.004414041992276907,16,False,0.0,0
syn_K6_m30_s1_cancel,synthetic,cancel,6,30,sobol,2048,15,22.969014763628604,0.004537084139883518,16,False,0.0,0
syn_K6_m30_s1_cancel,synthetic,cancel,6,30,sobol,2048,16,22.969014763628604,0.004176334012299776,15,False,0.0,0
syn_K6_m30_s1_cancel,synthetic,cancel,6,30,sobol,2048,17,22.969014763628604,0.004583457950502634,16,False,0.0,0
syn_K6_m30_s1_cancel,synthetic,cancel,6,30,sobol,2048,18,22.969014763628604,0.005164708010852337,19,False,0.0,0
syn_K6_m30_s1_cancel,synthetic,cancel,6,30,sobol,2048,19,22.969014763628604,0.004268750082701445,15,False,0.0,0
syn_K6_m30_s1_cancel,synthetic,cancel,6,30,sobol,2048,20,22.969014763628604,0.004685124848037958,17,False,0.0,0
syn_K6_m30_s1_cancel,synthetic,cancel,6,30,sobol,2048,21,22.969014763628604,0.004283625166863203,15,False,0.0,0
syn_K6_m30_s1_cancel,synthetic,cancel,6,30,sobol,2048,22,22.969014763628604,0.004626207984983921,16,False,0.0,0
syn_K6_m30_s1_cancel,synthetic,cancel,6,30,sobol,2048,23,22.969014763628604,0.004391292110085487,15,False,0.0,0
syn_K6_m30_s1_cancel,synthetic,cancel,6,30,sobol,2048,24,22.969014763628604,0.004441707860678434,16,False,0.0,0
syn_K6_m30_s1_cancel,synthetic,cancel,6,30,sobol,2048,25,22.969014763628604,0.004220500122755766,15,False,0.0,0
syn_K6_m30_s1_cancel,synthetic,cancel,6,30,sobol,2048,26,22.969014763628604,0.004190332721918821,15,False,0.0,0
syn_K6_m30_s1_cancel,synthetic,cancel,6,30,sobol,2048,27,22.969014763628604,0.004452291876077652,15,False,0.0,0
syn_K6_m30_s1_cancel,synthetic,cancel,6,30,sobol,2048,28,22.969014763628604,0.004228500183671713,15,False,0.0,0
syn_K6_m30_s1_cancel,synthetic,cancel,6,30,sobol,2048,29,22.969014763628604,0.004547291900962591,15,False,0.0,0
syn_K6_m30_s1_cancel,synthetic,cancel,6,30,sobol,2048,30,22.969014763628604,0.004622040782123804,15,False,0.0,0
syn_K6_m30_s1_cancel,synthetic,cancel,6,30,sobol,2048,31,22.969014763628604,0.004492000211030245,15,False,0.0,0
syn_K6_m30_s1_cancel,synthetic,cancel,6,30,sobol,2048,32,22.969014763628604,0.0046896249987185,16,False,0.0,0
syn_K6_m30_s1_cancel,synthetic,cancel,6,30,sobol,2048,33,22.969014763628604,0.004430708009749651,15,False,0.0,0
syn_K6_m30_s1_cancel,synthetic,cancel,6,30,sobol,2048,34,22.969014763628604,0.0043631670996546745,15,False,0.0,0
syn_K6_m30_s1_cancel,synthetic,cancel,6,30,sobol,2048,35,22.969014763628604,0.004468207713216543,15,False,0.0,0
syn_K6_m30_s1_cancel,synthetic,cancel,6,30,sobol,2048,36,22.969014763628604,0.004278541076928377,15,False,0.0,0
syn_K6_m30_s1_cancel,synthetic,cancel,6,30,sobol,2048,37,22.969014763628604,0.0041860416531562805,15,False,0.0,0
syn_K6_m30_s1_cancel,synthetic,cancel,6,30,sobol,2048,38,22.969014763628604,0.004181584343314171,15,False,0.0,0
syn_K6_m30_s1_cancel,synthetic,cancel,6,30,sobol,2048,39,22.969014763628604,0.004219625145196915,15,False,0.0,0
syn_K6_m30_s1_cancel,synthetic,cancel,6,30,sobol,2048,40,22.969014763628604,0.004586209077388048,16,False,0.0,0
syn_K6_m30_s1_cancel,synthetic,cancel,6,30,sobol,2048,41,22.969014763628604,0.004369458649307489,15,False,0.0,0
syn_K6_m30_s1_cancel,synthetic,cancel,6,30,sobol,2048,42,22.969014763628604,0.0044119167141616344,15,False,0.0,0
syn_K6_m30_s1_cancel,synthetic,cancel,6,30,sobol,2048,43,22.969014763628604,0.0046587917022407055,16,False,0.0,0
syn_K6_m30_s1_cancel,synthetic,cancel,6,30,sobol,2048,44,22.969014763628604,0.004277000203728676,15,False,0.0,0
syn_K6_m30_s1_cancel,synthetic,cancel,6,30,sobol,2048,45,22.969014763628604,0.004214916843920946,15,False,0.0,0
syn_K6_m30_s1_cancel,synthetic,cancel,6,30,sobol,2048,46,22.969014763628604,0.004344458691775799,15,False,0.0,0
syn_K6_m30_s1_cancel,synthetic,cancel,6,30,sobol,2048,47,22.969014763628604,0.004459667019546032,16,False,0.0,0
syn_K6_m30_s1_cancel,synthetic,cancel,6,30,sobol,2048,48,22.969014763628604,0.0043345000594854355,15,False,0.0,0
syn_K6_m30_s1_cancel,synthetic,cancel,6,30,sobol,2048,49,22.969014763628604,0.004817124921828508,18,False,0.0,0
syn_K6_m30_s2_gauss,synthetic,gauss,6,30,exp,128,0,34.955543973181136,0.003676041029393673,14,False,0.0,0
syn_K6_m30_s2_gauss,synthetic,gauss,6,30,exp,128,1,34.955543973181136,0.004154125228524208,14,False,0.0,0
syn_K6_m30_s2_gauss,synthetic,gauss,6,30,exp,128,2,34.955543973181136,0.003502707928419113,14,False,0.0,0
syn_K6_m30_s2_gauss,synthetic,gauss,6,30,exp,128,3,34.955543973181136,0.003961292095482349,14,False,0.0,0
syn_K6_m30_s2_gauss,synthetic,gauss,6,30,exp,128,4,34.955543973181136,0.0034369579516351223,14,False,0.0,0
syn_K6_m30_s2_gauss,synthetic,gauss,6,30,exp,128,5,34.955543973181136,0.003712083213031292,14,False,0.0,0
syn_K6_m30_s2_gauss,synthetic,gauss,6,30,exp,128,6,34.955543973181136,0.003776999656111002,14,False,0.0,0
syn_K6_m30_s2_gauss,synthetic,gauss,6,30,exp,128,7,34.955543973181136,0.003636416979134083,14,False,0.0,0
syn_K6_m30_s2_gauss,synthetic,gauss,6,30,exp,128,8,34.955543973181136,0.004026791080832481,15,False,0.0,0
syn_K6_m30_s2_gauss,synthetic,gauss,6,30,exp,128,9,34.955543973181136,0.0038409586995840073,15,False,0.0,0
syn_K6_m30_s2_gauss,synthetic,gauss,6,30,exp,128,10,34.955543973181136,0.0035928748548030853,14,False,0.0,0
syn_K6_m30_s2_gauss,synthetic,gauss,6,30,exp,128,11,34.955543973181136,0.0035279174335300922,14,False,0.0,0
syn_K6_m30_s2_gauss,synthetic,gauss,6,30,exp,128,12,34.955543973181136,0.004002999980002642,16,False,0.0,0
syn_K6_m30_s2_gauss,synthetic,gauss,6,30,exp,128,13,34.955543973181136,0.003540750127285719,14,False,0.0,0
syn_K6_m30_s2_gauss,synthetic,gauss,6,30,exp,128,14,34.955543973181136,0.0037585003301501274,14,False,0.0,0
syn_K6_m30_s2_gauss,synthetic,gauss,6,30,exp,128,15,34.955543973181136,0.003595875110477209,14,False,0.0,0
syn_K6_m30_s2_gauss,synthetic,gauss,6,30,exp,128,16,34.955543973181136,0.0036716661415994167,14,False,0.0,0
syn_K6_m30_s2_gauss,synthetic,gauss,6,30,exp,128,17,34.955543973181136,0.003413375001400709,14,False,0.0,0
syn_K6_m30_s2_gauss,synthetic,gauss,6,30,exp,128,18,34.955543973181136,0.003678500186651945,14,False,0.0,0
syn_K6_m30_s2_gauss,synthetic,gauss,6,30,exp,128,19,34.955543973181136,0.003953083418309689,16,False,0.0,0
syn_K6_m30_s2_gauss,synthetic,gauss,6,30,exp,128,20,34.955543973181136,0.0035922080278396606,14,False,0.0,0
syn_K6_m30_s2_gauss,synthetic,gauss,6,30,exp,128,21,34.955543973181136,0.003756625112146139,14,False,0.0,0
syn_K6_m30_s2_gauss,synthetic,gauss,6,30,exp,128,22,34.955543973181136,0.0034442502073943615,14,False,0.0,0
syn_K6_m30_s2_gauss,synthetic,gauss,6,30,exp,128,23,34.955543973181136,0.0036285417154431343,14,False,0.0,0
syn_K6_m30_s2_gauss,synthetic,gauss,6,30,exp,128,24,34.955543973181136,0.0035876668989658356,14,False,0.0,0
syn_K6_m30_s2_gauss,synthetic,gauss,6,30,exp,128,25,34.955543973181136,0.0035051670856773853,14,False,0.0,0
syn_K6_m30_s2_gauss,synthetic,gauss,6,30,exp,128,26,34.955543973181136,0.003555707633495331,14,False,0.0,0
syn_K6_m30_s2_gauss,synthetic,gauss,6,30,exp,128,27,34.955543973181136,0.003622750286012888,14,False,0.0,0
syn_K6_m30_s2_gauss,synthetic,gauss,6,30,exp,128,28,34.955543973181136,0.0036395001225173473,14,False,0.0,0
syn_K6_m30_s2_gauss,synthetic,gauss,6,30,exp,128,29,34.955543973181136,0.003556333016604185,14,False,0.0,0
syn_K6_m30_s2_gauss,synthetic,gauss,6,30,exp,128,30,34.955543973181136,0.0035175420343875885,14,False,0.0,0
syn_K6_m30_s2_gauss,synthetic,gauss,6,30,exp,128,31,34.955543973181136,0.0035215839743614197,14,False,0.0,0
syn_K6_m30_s2_gauss,synthetic,gauss,6,30,exp,128,32,34.955543973181136,0.003639250062406063,14,False,0.0,0
syn_K6_m30_s2_gauss,synthetic,gauss,6,30,exp,128,33,34.955543973181136,0.0034929169341921806,14,False,0.0,0
syn_K6_m30_s2_gauss,synthetic,gauss,6,30,exp,128,34,34.955543973181136,0.0037189163267612457,14,False,0.0,0
syn_K6_m30_s2_gauss,synthetic,gauss,6,30,exp,128,35,34.955543973181136,0.0035813329741358757,14,False,0.0,0
syn_K6_m30_s2_gauss,synthetic,gauss,6,30,exp,128,36,34.955543973181136,0.003533666953444481,14,False,0.0,0
syn_K6_m30_s2_gauss,synthetic,gauss,6,30,exp,128,37,34.955543973181136,0.003879749681800604,14,False,0.0,0
syn_K6_m30_s2_gauss,synthetic,gauss,6,30,exp,128,38,34.955543973181136,0.003542375285178423,14,False,0.0,0
syn_K6_m30_s2_gauss,synthetic,gauss,6,30,exp,128,39,34.955543973181136,0.0037812497466802597,14,False,0.0,0
syn_K6_m30_s2_gauss,synthetic,gauss,6,30,exp,128,40,34.955543973181136,0.0034887907095253468,14,False,0.0,0
syn_K6_m30_s2_gauss,synthetic,gauss,6,30,exp,128,41,34.955543973181136,0.003586083184927702,14,False,0.0,0
syn_K6_m30_s2_gauss,synthetic,gauss,6,30,exp,128,42,34.955543973181136,0.004082124680280685,16,False,0.0,0
syn_K6_m30_s2_gauss,synthetic,gauss,6,30,exp,128,43,34.955543973181136,0.0035354173742234707,14,False,0.0,0
syn_K6_m30_s2_gauss,synthetic,gauss,6,30,exp,128,44,34.955543973181136,0.0034977090544998646,14,False,0.0,0
syn_K6_m30_s2_gauss,synthetic,gauss,6,30,exp,128,45,34.955543973181136,0.003615917172282934,14,False,0.0,0
syn_K6_m30_s2_gauss,synthetic,gauss,6,30,exp,128,46,34.955543973181136,0.00422420771792531,14,False,0.0,0
syn_K6_m30_s2_gauss,synthetic,gauss,6,30,exp,128,47,34.955543973181136,0.0036157090216875076,14,False,0.0,0
syn_K6_m30_s2_gauss,synthetic,gauss,6,30,exp,128,48,34.955543973181136,0.004777374677360058,16,False,0.0,0
syn_K6_m30_s2_gauss,synthetic,gauss,6,30,exp,128,49,34.955543973181136,0.003958499990403652,15,False,0.0,0
syn_K6_m30_s2_gauss,synthetic,gauss,6,30,exp,512,0,34.955543973181136,0.003930083941668272,14,False,0.0,0
syn_K6_m30_s2_gauss,synthetic,gauss,6,30,exp,512,1,34.955543973181136,0.0036212499253451824,14,False,0.0,0
syn_K6_m30_s2_gauss,synthetic,gauss,6,30,exp,512,2,34.955543973181136,0.0040732091292738914,14,False,0.0,0
syn_K6_m30_s2_gauss,synthetic,gauss,6,30,exp,512,3,34.955543973181136,0.00363249983638525,14,False,0.0,0
syn_K6_m30_s2_gauss,synthetic,gauss,6,30,exp,512,4,34.955543973181136,0.003767459187656641,14,False,0.0,0
syn_K6_m30_s2_gauss,synthetic,gauss,6,30,exp,512,5,34.955543973181136,0.004279959015548229,14,False,0.0,0
syn_K6_m30_s2_gauss,synthetic,gauss,6,30,exp,512,6,34.955543973181136,0.004002832807600498,14,False,0.0,0
syn_K6_m30_s2_gauss,synthetic,gauss,6,30,exp,512,7,34.955543973181136,0.004058416932821274,16,False,0.0,0
syn_K6_m30_s2_gauss,synthetic,gauss,6,30,exp,512,8,34.955543973181136,0.0038647078908979893,14,False,0.0,0
syn_K6_m30_s2_gauss,synthetic,gauss,6,30,exp,512,9,34.955543973181136,0.004212500061839819,14,False,0.0,0
syn_K6_m30_s2_gauss,synthetic,gauss,6,30,exp,512,10,34.955543973181136,0.005196332931518555,14,False,0.0,0
syn_K6_m30_s2_gauss,synthetic,gauss,6,30,exp,512,11,34.955543973181136,0.00378266628831625,14,False,0.0,0
syn_K6_m30_s2_gauss,synthetic,gauss,6,30,exp,512,12,34.955543973181136,0.0043367501348257065,14,False,0.0,0
syn_K6_m30_s2_gauss,synthetic,gauss,6,30,exp,512,13,34.955543973181136,0.0038331253454089165,14,False,0.0,0
syn_K6_m30_s2_gauss,synthetic,gauss,6,30,exp,512,14,34.955543973181136,0.0038939169608056545,14,False,0.0,0
syn_K6_m30_s2_gauss,synthetic,gauss,6,30,exp,512,15,34.955543973181136,0.0037423749454319477,14,False,0.0,0
syn_K6_m30_s2_gauss,synthetic,gauss,6,30,exp,512,16,34.955543973181136,0.004220500122755766,14,False,0.0,0
syn_K6_m30_s2_gauss,synthetic,gauss,6,30,exp,512,17,34.955543973181136,0.004102500155568123,14,False,0.0,0
syn_K6_m30_s2_gauss,synthetic,gauss,6,30,exp,512,18,34.955543973181136,0.0037548751570284367,14,False,0.0,0
syn_K6_m30_s2_gauss,synthetic,gauss,6,30,exp,512,19,34.955543973181136,0.0035726246424019337,14,False,0.0,0
syn_K6_m30_s2_gauss,synthetic,gauss,6,30,exp,512,20,34.955543973181136,0.004057042300701141,14,False,0.0,0
syn_K6_m30_s2_gauss,synthetic,gauss,6,30,exp,512,21,34.955543973181136,0.0035613342188298702,14,False,0.0,0
syn_K6_m30_s2_gauss,synthetic,gauss,6,30,exp,512,22,34.955543973181136,0.003699874971061945,14,False,0.0,0
syn_K6_m30_s2_gauss,synthetic,gauss,6,30,exp,512,23,34.955543973181136,0.0037549580447375774,14,False,0.0,0
syn_K6_m30_s2_gauss,synthetic,gauss,6,30,exp,512,24,34.955543973181136,0.0038030408322811127,14,False,0.0,0
syn_K6_m30_s2_gauss,synthetic,gauss,6,30,exp,512,25,34.955543973181136,0.00380583293735981,14,False,0.0,0
syn_K6_m30_s2_gauss,synthetic,gauss,6,30,exp,512,26,34.955543973181136,0.003738165833055973,14,False,0.0,0
syn_K6_m30_s2_gauss,synthetic,gauss,6,30,exp,512,27,34.955543973181136,0.0036185411736369133,14,False,0.0,0
syn_K6_m30_s2_gauss,synthetic,gauss,6,30,exp,512,28,34.955543973181136,0.003676291089504957,14,False,0.0,0
syn_K6_m30_s2_gauss,synthetic,gauss,6,30,exp,512,29,34.955543973181136,0.0037820832803845406,14,False,0.0,0
syn_K6_m30_s2_gauss,synthetic,gauss,6,30,exp,512,30,34.955543973181136,0.0037086247466504574,14,False,0.0,0
syn_K6_m30_s2_gauss,synthetic,gauss,6,30,exp,512,31,34.955543973181136,0.003754833247512579,14,False,0.0,0
syn_K6_m30_s2_gauss,synthetic,gauss,6,30,exp,512,32,34.955543973181136,0.003536500036716461,14,False,0.0,0
syn_K6_m30_s2_gauss,synthetic,gauss,6,30,exp,512,33,34.955543973181136,0.003626833204180002,14,False,0.0,0
syn_K6_m30_s2_gauss,synthetic,gauss,6,30,exp,512,34,34.955543973181136,0.0035925828851759434,14,False,0.0,0
syn_K6_m30_s2_gauss,synthetic,gauss,6,30,exp,512,35,34.955543973181136,0.0034954999573528767,14,False,0.0,0
syn_K6_m30_s2_gauss,synthetic,gauss,6,30,exp,512,36,34.955543973181136,0.0036385413259267807,14,False,0.0,0
syn_K6_m30_s2_gauss,synthetic,gauss,6,30,exp,512,37,34.955543973181136,0.003582875244319439,14,False,0.0,0
syn_K6_m30_s2_gauss,synthetic,gauss,6,30,exp,512,38,34.955543973181136,0.0038315001875162125,14,False,0.0,0
syn_K6_m30_s2_gauss,synthetic,gauss,6,30,exp,512,39,34.955543973181136,0.0036132503300905228,14,False,0.0,0
syn_K6_m30_s2_gauss,synthetic,gauss,6,30,exp,512,40,34.955543973181136,0.003633917309343815,14,False,0.0,0
syn_K6_m30_s2_gauss,synthetic,gauss,6,30,exp,512,41,34.955543973181136,0.003552915994077921,14,False,0.0,0
syn_K6_m30_s2_gauss,synthetic,gauss,6,30,exp,512,42,34.955543973181136,0.0035667922347784042,14,False,0.0,0
syn_K6_m30_s2_gauss,synthetic,gauss,6,30,exp,512,43,34.955543973181136,0.0034971251152455807,14,False,0.0,0
syn_K6_m30_s2_gauss,synthetic,gauss,6,30,exp,512,44,34.955543973181136,0.0037202914245426655,14,False,0.0,0
syn_K6_m30_s2_gauss,synthetic,gauss,6,30,exp,512,45,34.955543973181136,0.003568749874830246,14,False,0.0,0
syn_K6_m30_s2_gauss,synthetic,gauss,6,30,exp,512,46,34.955543973181136,0.0034597497433423996,14,False,0.0,0
syn_K6_m30_s2_gauss,synthetic,gauss,6,30,exp,512,47,34.955543973181136,0.0038473750464618206,14,False,0.0,0
syn_K6_m30_s2_gauss,synthetic,gauss,6,30,exp,512,48,34.955543973181136,0.0034541250206530094,14,False,0.0,0
syn_K6_m30_s2_gauss,synthetic,gauss,6,30,exp,512,49,34.955543973181136,0.0036802501417696476,14,False,0.0,0
syn_K6_m30_s2_gauss,synthetic,gauss,6,30,exp,2048,0,34.955543973181136,0.00425512483343482,15,False,0.0,0
syn_K6_m30_s2_gauss,synthetic,gauss,6,30,exp,2048,1,34.955543973181136,0.004159125033766031,14,False,0.0,0
syn_K6_m30_s2_gauss,synthetic,gauss,6,30,exp,2048,2,34.955543973181136,0.004241958726197481,15,False,0.0,0
syn_K6_m30_s2_gauss,synthetic,gauss,6,30,exp,2048,3,34.955543973181136,0.004142125137150288,14,False,0.0,0
syn_K6_m30_s2_gauss,synthetic,gauss,6,30,exp,2048,4,34.955543973181136,0.004088959190994501,14,False,0.0,0
syn_K6_m30_s2_gauss,synthetic,gauss,6,30,exp,2048,5,34.955543973181136,0.004455000162124634,15,False,0.0,0
syn_K6_m30_s2_gauss,synthetic,gauss,6,30,exp,2048,6,34.955543973181136,0.004178208764642477,14,False,0.0,0
syn_K6_m30_s2_gauss,synthetic,gauss,6,30,exp,2048,7,34.955543973181136,0.004112042021006346,14,False,0.0,0
syn_K6_m30_s2_gauss,synthetic,gauss,6,30,exp,2048,8,34.955543973181136,0.0038939998485147953,14,False,0.0,0
syn_K6_m30_s2_gauss,synthetic,gauss,6,30,exp,2048,9,34.955543973181136,0.004111375194042921,14,False,0.0,0
syn_K6_m30_s2_gauss,synthetic,gauss,6,30,exp,2048,10,34.955543973181136,0.00430562486872077,15,False,0.0,0
syn_K6_m30_s2_gauss,synthetic,gauss,6,30,exp,2048,11,34.955543973181136,0.004370125010609627,14,False,0.0,0
syn_K6_m30_s2_gauss,synthetic,gauss,6,30,exp,2048,12,34.955543973181136,0.0041127498261630535,14,False,0.0,0
syn_K6_m30_s2_gauss,synthetic,gauss,6,30,exp,2048,13,34.955543973181136,0.004490209277719259,14,False,0.0,0
syn_K6_m30_s2_gauss,synthetic,gauss,6,30,exp,2048,14,34.955543973181136,0.004146124701946974,14,False,0.0,0
syn_K6_m30_s2_gauss,synthetic,gauss,6,30,exp,2048,15,34.955543973181136,0.004239040892571211,14,False,0.0,0
syn_K6_m30_s2_gauss,synthetic,gauss,6,30,exp,2048,16,34.955543973181136,0.0041114590130746365,14,False,0.0,0
syn_K6_m30_s2_gauss,synthetic,gauss,6,30,exp,2048,17,34.955543973181136,0.004346333909779787,14,False,0.0,0
syn_K6_m30_s2_gauss,synthetic,gauss,6,30,exp,2048,18,34.955543973181136,0.004292749799787998,14,False,0.0,0
syn_K6_m30_s2_gauss,synthetic,gauss,6,30,exp,2048,19,34.955543973181136,0.004140292294323444,15,False,0.0,0
syn_K6_m30_s2_gauss,synthetic,gauss,6,30,exp,2048,20,34.955543973181136,0.003959249705076218,14,False,0.0,0
syn_K6_m30_s2_gauss,synthetic,gauss,6,30,exp,2048,21,34.955543973181136,0.004176165908575058,15,False,0.0,0
syn_K6_m30_s2_gauss,synthetic,gauss,6,30,exp,2048,22,34.955543973181136,0.003961415961384773,14,False,0.0,0
syn_K6_m30_s2_gauss,synthetic,gauss,6,30,exp,2048,23,34.955543973181136,0.004123499616980553,14,False,0.0,0
syn_K6_m30_s2_gauss,synthetic,gauss,6,30,exp,2048,24,34.955543973181136,0.004013000056147575,14,False,0.0,0
syn_K6_m30_s2_gauss,synthetic,gauss,6,30,exp,2048,25,34.955543973181136,0.00452808290719986,14,False,0.0,0
syn_K6_m30_s2_gauss,synthetic,gauss,6,30,exp,2048,26,34.955543973181136,0.004084500018507242,14,False,0.0,0
syn_K6_m30_s2_gauss,synthetic,gauss,6,30,exp,2048,27,34.955543973181136,0.004062250256538391,14,False,0.0,0
syn_K6_m30_s2_gauss,synthetic,gauss,6,30,exp,2048,28,34.955543973181136,0.004112542141228914,14,False,0.0,0
syn_K6_m30_s2_gauss,synthetic,gauss,6,30,exp,2048,29,34.955543973181136,0.004110290668904781,14,False,0.0,0
syn_K6_m30_s2_gauss,synthetic,gauss,6,30,exp,2048,30,34.955543973181136,0.004294666927307844,15,False,0.0,0
syn_K6_m30_s2_gauss,synthetic,gauss,6,30,exp,2048,31,34.955543973181136,0.003972959239035845,14,False,0.0,0
syn_K6_m30_s2_gauss,synthetic,gauss,6,30,exp,2048,32,34.955543973181136,0.0039942916482687,14,False,0.0,0
syn_K6_m30_s2_gauss,synthetic,gauss,6,30,exp,2048,33,34.955543973181136,0.004232333041727543,14,False,0.0,0
syn_K6_m30_s2_gauss,synthetic,gauss,6,30,exp,2048,34,34.955543973181136,0.004077541176229715,14,False,0.0,0
syn_K6_m30_s2_gauss,synthetic,gauss,6,30,exp,2048,35,34.955543973181136,0.004106125328689814,14,False,0.0,0
syn_K6_m30_s2_gauss,synthetic,gauss,6,30,exp,2048,36,34.955543973181136,0.003986916970461607,14,False,0.0,0
syn_K6_m30_s2_gauss,synthetic,gauss,6,30,exp,2048,37,34.955543973181136,0.004069000016897917,14,False,0.0,0
syn_K6_m30_s2_gauss,synthetic,gauss,6,30,exp,2048,38,34.955543973181136,0.0041641672141849995,14,False,0.0,0
syn_K6_m30_s2_gauss,synthetic,gauss,6,30,exp,2048,39,34.955543973181136,0.004072332754731178,14,False,0.0,0
syn_K6_m30_s2_gauss,synthetic,gauss,6,30,exp,2048,40,34.955543973181136,0.004109375178813934,14,False,0.0,0
syn_K6_m30_s2_gauss,synthetic,gauss,6,30,exp,2048,41,34.955543973181136,0.003906874917447567,14,False,0.0,0
syn_K6_m30_s2_gauss,synthetic,gauss,6,30,exp,2048,42,34.955543973181136,0.004048166796565056,14,False,0.0,0
syn_K6_m30_s2_gauss,synthetic,gauss,6,30,exp,2048,43,34.955543973181136,0.004058874677866697,14,False,0.0,0
syn_K6_m30_s2_gauss,synthetic,gauss,6,30,exp,2048,44,34.955543973181136,0.0037918328307569027,14,False,0.0,0
syn_K6_m30_s2_gauss,synthetic,gauss,6,30,exp,2048,45,34.955543973181136,0.004115290939807892,14,False,0.0,0
syn_K6_m30_s2_gauss,synthetic,gauss,6,30,exp,2048,46,34.955543973181136,0.003951624967157841,14,False,0.0,0
syn_K6_m30_s2_gauss,synthetic,gauss,6,30,exp,2048,47,34.955543973181136,0.004298957996070385,14,False,0.0,0
syn_K6_m30_s2_gauss,synthetic,gauss,6,30,exp,2048,48,34.955543973181136,0.004221250303089619,15,False,0.0,0
syn_K6_m30_s2_gauss,synthetic,gauss,6,30,exp,2048,49,34.955543973181136,0.004437834024429321,14,False,0.0,0
syn_K6_m30_s2_gauss,synthetic,gauss,6,30,sobol,128,0,34.955543973181136,0.003724541049450636,14,False,0.0,0
syn_K6_m30_s2_gauss,synthetic,gauss,6,30,sobol,128,1,34.955543973181136,0.003682458773255348,14,False,0.0,0
syn_K6_m30_s2_gauss,synthetic,gauss,6,30,sobol,128,2,34.955543973181136,0.0035737077705562115,14,False,0.0,0
syn_K6_m30_s2_gauss,synthetic,gauss,6,30,sobol,128,3,34.955543973181136,0.0036968342028558254,14,False,0.0,0
syn_K6_m30_s2_gauss,synthetic,gauss,6,30,sobol,128,4,34.955543973181136,0.0035022501833736897,14,False,0.0,0
syn_K6_m30_s2_gauss,synthetic,gauss,6,30,sobol,128,5,34.955543973181136,0.0037419996224343777,14,False,0.0,0
syn_K6_m30_s2_gauss,synthetic,gauss,6,30,sobol,128,6,34.955543973181136,0.0035385829396545887,14,False,0.0,0
syn_K6_m30_s2_gauss,synthetic,gauss,6,30,sobol,128,7,34.955543973181136,0.0037529999390244484,14,False,0.0,0
syn_K6_m30_s2_gauss,synthetic,gauss,6,30,sobol,128,8,34.955543973181136,0.003676957916468382,14,False,0.0,0
syn_K6_m30_s2_gauss,synthetic,gauss,6,30,sobol,128,9,34.955543973181136,0.0036400826647877693,14,False,0.0,0
syn_K6_m30_s2_gauss,synthetic,gauss,6,30,sobol,128,10,34.955543973181136,0.0035859160125255585,14,False,0.0,0
syn_K6_m30_s2_gauss,synthetic,gauss,6,30,sobol,128,11,34.955543973181136,0.0037075839936733246,14,False,0.0,0
syn_K6_m30_s2_gauss,synthetic,gauss,6,30,sobol,128,12,34.955543973181136,0.003690292127430439,14,False,0.0,0
syn_K6_m30_s2_gauss,synthetic,gauss,6,30,sobol,128,13,34.955543973181136,0.003841124940663576,14,False,0.0,0
syn_K6_m30_s2_gauss,synthetic,gauss,6,30,sobol,128,14,34.955543973181136,0.003505624830722809,14,False,0.0,0
syn_K6_m30_s2_gauss,synthetic,gauss,6,30,sobol,128,15,34.955543973181136,0.003751582931727171,14,False,0.0,0
syn_K6_m30_s2_gauss,synthetic,gauss,6,30,sobol,128,16,34.955543973181136,0.003592624794691801,14,False,0.0,0
syn_K6_m30_s2_gauss,synthetic,gauss,6,30,sobol,128,17,34.955543973181136,0.0037641669623553753,15,False,0.0,0
syn_K6_m30_s2_gauss,synthetic,gauss,6,30,sobol,128,18,34.955543973181136,0.003546082880347967,14,False,0.0,0
syn_K6_m30_s2_gauss,synthetic,gauss,6,30,sobol,128,19,34.955543973181136,0.003647499717772007,15,False,0.0,0
syn_K6_m30_s2_gauss,synthetic,gauss,6,30,sobol,128,20,34.955543973181136,0.0036929999478161335,14,False,0.0,0
syn_K6_m30_s2_gauss,synthetic,gauss,6,30,sobol,128,21,34.955543973181136,0.0037780418060719967,14,False,0.0,0
syn_K6_m30_s2_gauss,synthetic,gauss,6,30,sobol,128,22,34.955543973181136,0.004041125066578388,16,False,0.0,0
syn_K6_m30_s2_gauss,synthetic,gauss,6,30,sobol,128,23,34.955543973181136,0.0035495003685355186,14,False,0.0,0
syn_K6_m30_s2_gauss,synthetic,gauss,6,30,sobol,128,24,34.955543973181136,0.0035084583796560764,14,False,0.0,0
syn_K6_m30_s2_gauss,synthetic,gauss,6,30,sobol,128,25,34.955543973181136,0.0035266662016510963,14,False,0.0,0
syn_K6_m30_s2_gauss,synthetic,gauss,6,30,sobol,128,26,34.955543973181136,0.003629999700933695,14,False,0.0,0
syn_K6_m30_s2_gauss,synthetic,gauss,6,30,sobol,128,27,34.955543973181136,0.0036892080679535866,14,False,0.0,0
syn_K6_m30_s2_gauss,synthetic,gauss,6,30,sobol,128,28,34.955543973181136,0.004018124658614397,16,False,0.0,0
syn_K6_m30_s2_gauss,synthetic,gauss,6,30,sobol,128,29,34.955543973181136,0.0035219588316977024,14,False,0.0,0
syn_K6_m30_s2_gauss,synthetic,gauss,6,30,sobol,128,30,34.955543973181136,0.004267749842256308,14,False,0.0,0
syn_K6_m30_s2_gauss,synthetic,gauss,6,30,sobol,128,31,34.955543973181136,0.0036561251617968082,14,False,0.0,0
syn_K6_m30_s2_gauss,synthetic,gauss,6,30,sobol,128,32,34.955543973181136,0.004260959103703499,16,False,0.0,0
syn_K6_m30_s2_gauss,synthetic,gauss,6,30,sobol,128,33,34.955543973181136,0.0040163747034966946,14,False,0.0,0
syn_K6_m30_s2_gauss,synthetic,gauss,6,30,sobol,128,34,34.955543973181136,0.0036266669631004333,14,False,0.0,0
syn_K6_m30_s2_gauss,synthetic,gauss,6,30,sobol,128,35,34.955543973181136,0.0039514158852398396,14,False,0.0,0
syn_K6_m30_s2_gauss,synthetic,gauss,6,30,sobol,128,36,34.955543973181136,0.003627167083323002,14,False,0.0,0
syn_K6_m30_s2_gauss,synthetic,gauss,6,30,sobol,128,37,34.955543973181136,0.004049666225910187,14,False,0.0,0
syn_K6_m30_s2_gauss,synthetic,gauss,6,30,sobol,128,38,34.955543973181136,0.0036869579926133156,14,False,0.0,0
syn_K6_m30_s2_gauss,synthetic,gauss,6,30,sobol,128,39,34.955543973181136,0.004008749965578318,14,False,0.0,0
syn_K6_m30_s2_gauss,synthetic,gauss,6,30,sobol,128,40,34.955543973181136,0.0036796671338379383,14,False,0.0,0
syn_K6_m30_s2_gauss,synthetic,gauss,6,30,sobol,128,41,34.955543973181136,0.0037467502988874912,14,False,0.0,0
syn_K6_m30_s2_gauss,synthetic,gauss,6,30,sobol,128,42,34.955543973181136,0.004007458686828613,14,False,0.0,0
syn_K6_m30_s2_gauss,synthetic,gauss,6,30,sobol,128,43,34.955543973181136,0.003597500268369913,14,False,0.0,0
syn_K6_m30_s2_gauss,synthetic,gauss,6,30,sobol,128,44,34.955543973181136,0.00364304194226861,14,False,0.0,0
syn_K6_m30_s2_gauss,synthetic,gauss,6,30,sobol,128,45,34.955543973181136,0.0035140840336680412,14,False,0.0,0
syn_K6_m30_s2_gauss,synthetic,gauss,6,30,sobol,128,46,34.955543973181136,0.00371391698718071,14,False,0.0,0
syn_K6_m30_s2_gauss,synthetic,gauss,6,30,sobol,128,47,34.955543973181136,0.003590666688978672,14,False,0.0,0
syn_K6_m30_s2_gauss,synthetic,gauss,6,30,sobol,128,48,34.955543973181136,0.004114540759474039,14,False,0.0,0
syn_K6_m30_s2_gauss,synthetic,gauss,6,30,sobol,128,49,34.955543973181136,0.004019457846879959,15,False,0.0,0
syn_K6_m30_s2_gauss,synthetic,gauss,6,30,sobol,512,0,34.955543973181136,0.003706041257828474,14,False,0.0,0
syn_K6_m30_s2_gauss,synthetic,gauss,6,30,sobol,512,1,34.955543973181136,0.003772041294723749,14,False,0.0,0
syn_K6_m30_s2_gauss,synthetic,gauss,6,30,sobol,512,2,34.955543973181136,0.0037377499975264072,14,False,0.0,0
syn_K6_m30_s2_gauss,synthetic,gauss,6,30,sobol,512,3,34.955543973181136,0.003505499567836523,14,False,0.0,0
syn_K6_m30_s2_gauss,synthetic,gauss,6,30,sobol,512,4,34.955543973181136,0.0036464170552790165,14,False,0.0,0
syn_K6_m30_s2_gauss,synthetic,gauss,6,30,sobol,512,5,34.955543973181136,0.0034965001977980137,14,False,0.0,0
syn_K6_m30_s2_gauss,synthetic,gauss,6,30,sobol,512,6,34.955543973181136,0.0036780000664293766,14,False,0.0,0
syn_K6_m30_s2_gauss,synthetic,gauss,6,30,sobol,512,7,34.955543973181136,0.0036646672524511814,14,False,0.0,0
syn_K6_m30_s2_gauss,synthetic,gauss,6,30,sobol,512,8,34.955543973181136,0.003677875269204378,14,False,0.0,0
syn_K6_m30_s2_gauss,synthetic,gauss,6,30,sobol,512,9,34.955543973181136,0.003712874837219715,14,False,0.0,0
syn_K6_m30_s2_gauss,synthetic,gauss,6,30,sobol,512,10,34.955543973181136,0.0037156250327825546,14,False,0.0,0
syn_K6_m30_s2_gauss,synthetic,gauss,6,30,sobol,512,11,34.955543973181136,0.003667083103209734,14,False,0.0,0
syn_K6_m30_s2_gauss,synthetic,gauss,6,30,sobol,512,12,34.955543973181136,0.003960500005632639,14,False,0.0,0
syn_K6_m30_s2_gauss,synthetic,gauss,6,30,sobol,512,13,34.955543973181136,0.003616166301071644,14,False,0.0,0
syn_K6_m30_s2_gauss,synthetic,gauss,6,30,sobol,512,14,34.955543973181136,0.0038619996048510075,14,False,0.0,0
syn_K6_m30_s2_gauss,synthetic,gauss,6,30,sobol,512,15,34.955543973181136,0.0035395417362451553,14,False,0.0,0
syn_K6_m30_s2_gauss,synthetic,gauss,6,30,sobol,512,16,34.955543973181136,0.0037914160639047623,14,False,0.0,0
syn_K6_m30_s2_gauss,synthetic,gauss,6,30,sobol,512,17,34.955543973181136,0.003690208774060011,14,False,0.0,0
syn_K6_m30_s2_gauss,synthetic,gauss,6,30,sobol,512,18,34.955543973181136,0.0038586249575018883,14,False,0.0,0
syn_K6_m30_s2_gauss,synthetic,gauss,6,30,sobol,512,19,34.955543973181136,0.0036826659925282,14,False,0.0,0
syn_K6_m30_s2_gauss,synthetic,gauss,6,30,sobol,512,20,34.955543973181136,0.0038028331473469734,14,False,0.0,0
syn_K6_m30_s2_gauss,synthetic,gauss,6,30,sobol,512,21,34.955543973181136,0.0038865827955305576,14,False,0.0,0
syn_K6_m30_s2_gauss,synthetic,gauss,6,30,sobol,512,22,34.955543973181136,0.003771750256419182,14,False,0.0,0
syn_K6_m30_s2_gauss,synthetic,gauss,6,30,sobol,512,23,34.955543973181136,0.003588124644011259,14,False,0.0,0
syn_K6_m30_s2_gauss,synthetic,gauss,6,30,sobol,512,24,34.955543973181136,0.003554750233888626,14,False,0.0,0
syn_K6_m30_s2_gauss,synthetic,gauss,6,30,sobol,512,25,34.955543973181136,0.0038460837677121162,14,False,0.0,0
syn_K6_m30_s2_gauss,synthetic,gauss,6,30,sobol,512,26,34.955543973181136,0.0037887077778577805,14,False,0.0,0
syn_K6_m30_s2_gauss,synthetic,gauss,6,30,sobol,512,27,34.955543973181136,0.0038237497210502625,14,False,0.0,0
syn_K6_m30_s2_gauss,synthetic,gauss,6,30,sobol,512,28,34.955543973181136,0.00388133293017745,14,False,0.0,0
syn_K6_m30_s2_gauss,synthetic,gauss,6,30,sobol,512,29,34.955543973181136,0.003835082985460758,14,False,0.0,0
syn_K6_m30_s2_gauss,synthetic,gauss,6,30,sobol,512,30,34.955543973181136,0.0037977080792188644,14,False,0.0,0
syn_K6_m30_s2_gauss,synthetic,gauss,6,30,sobol,512,31,34.955543973181136,0.0036971657536923885,14,False,0.0,0
syn_K6_m30_s2_gauss,synthetic,gauss,6,30,sobol,512,32,34.955543973181136,0.003782500047236681,14,False,0.0,0
syn_K6_m30_s2_gauss,synthetic,gauss,6,30,sobol,512,33,34.955543973181136,0.003531916067004204,14,False,0.0,0
syn_K6_m30_s2_gauss,synthetic,gauss,6,30,sobol,512,34,34.955543973181136,0.0036415420472621918,14,False,0.0,0
syn_K6_m30_s2_gauss,synthetic,gauss,6,30,sobol,512,35,34.955543973181136,0.0036503332667052746,14,False,0.0,0
syn_K6_m30_s2_gauss,synthetic,gauss,6,30,sobol,512,36,34.955543973181136,0.0038400422781705856,14,False,0.0,0
syn_K6_m30_s2_gauss,synthetic,gauss,6,30,sobol,512,37,34.955543973181136,0.0038378341123461723,14,False,0.0,0
syn_K6_m30_s2_gauss,synthetic,gauss,6,30,sobol,512,38,34.955543973181136,0.003990749828517437,14,False,0.0,0
syn_K6_m30_s2_gauss,synthetic,gauss,6,30,sobol,512,39,34.955543973181136,0.0036002499982714653,14,False,0.0,0
syn_K6_m30_s2_gauss,synthetic,gauss,6,30,sobol,512,40,34.955543973181136,0.0039043747819960117,14,False,0.0,0
syn_K6_m30_s2_gauss,synthetic,gauss,6,30,sobol,512,41,34.955543973181136,0.0037006670609116554,14,False,0.0,0
syn_K6_m30_s2_gauss,synthetic,gauss,6,30,sobol,512,42,34.955543973181136,0.0038594999350607395,14,False,0.0,0
syn_K6_m30_s2_gauss,synthetic,gauss,6,30,sobol,512,43,34.955543973181136,0.003726040944457054,14,False,0.0,0
syn_K6_m30_s2_gauss,synthetic,gauss,6,30,sobol,512,44,34.955543973181136,0.003722582943737507,14,False,0.0,0
syn_K6_m30_s2_gauss,synthetic,gauss,6,30,sobol,512,45,34.955543973181136,0.0036316663026809692,14,False,0.0,0
syn_K6_m30_s2_gauss,synthetic,gauss,6,30,sobol,512,46,34.955543973181136,0.0034923339262604713,14,False,0.0,0
syn_K6_m30_s2_gauss,synthetic,gauss,6,30,sobol,512,47,34.955543973181136,0.003955333027988672,14,False,0.0,0
syn_K6_m30_s2_gauss,synthetic,gauss,6,30,sobol,512,48,34.955543973181136,0.0036842920817434788,14,False,0.0,0
syn_K6_m30_s2_gauss,synthetic,gauss,6,30,sobol,512,49,34.955543973181136,0.0037309168837964535,14,False,0.0,0
syn_K6_m30_s2_gauss,synthetic,gauss,6,30,sobol,2048,0,34.955543973181136,0.004616499878466129,14,False,0.0,0
syn_K6_m30_s2_gauss,synthetic,gauss,6,30,sobol,2048,1,34.955543973181136,0.004113166127353907,14,False,0.0,0
syn_K6_m30_s2_gauss,synthetic,gauss,6,30,sobol,2048,2,34.955543973181136,0.00445020804181695,14,False,0.0,0
syn_K6_m30_s2_gauss,synthetic,gauss,6,30,sobol,2048,3,34.955543973181136,0.004054457880556583,14,False,0.0,0
syn_K6_m30_s2_gauss,synthetic,gauss,6,30,sobol,2048,4,34.955543973181136,0.004540124908089638,14,False,0.0,0
syn_K6_m30_s2_gauss,synthetic,gauss,6,30,sobol,2048,5,34.955543973181136,0.003950708080083132,14,False,0.0,0
syn_K6_m30_s2_gauss,synthetic,gauss,6,30,sobol,2048,6,34.955543973181136,0.004487041849642992,14,False,0.0,0
syn_K6_m30_s2_gauss,synthetic,gauss,6,30,sobol,2048,7,34.955543973181136,0.004032874945551157,14,False,0.0,0
syn_K6_m30_s2_gauss,synthetic,gauss,6,30,sobol,2048,8,34.955543973181136,0.004540791269391775,14,False,0.0,0
syn_K6_m30_s2_gauss,synthetic,gauss,6,30,sobol,2048,9,34.955543973181136,0.004449333064258099,14,False,0.0,0
syn_K6_m30_s2_gauss,synthetic,gauss,6,30,sobol,2048,10,34.955543973181136,0.004045582842081785,14,False,0.0,0
syn_K6_m30_s2_gauss,synthetic,gauss,6,30,sobol,2048,11,34.955543973181136,0.0045552500523626804,14,False,0.0,0
syn_K6_m30_s2_gauss,synthetic,gauss,6,30,sobol,2048,12,34.955543973181136,0.004312416072934866,14,False,0.0,0
syn_K6_m30_s2_gauss,synthetic,gauss,6,30,sobol,2048,13,34.955543973181136,0.004246292170137167,14,False,0.0,0
syn_K6_m30_s2_gauss,synthetic,gauss,6,30,sobol,2048,14,34.955543973181136,0.004107167012989521,14,False,0.0,0
syn_K6_m30_s2_gauss,synthetic,gauss,6,30,sobol,2048,15,34.955543973181136,0.004304707981646061,14,False,0.0,0
syn_K6_m30_s2_gauss,synthetic,gauss,6,30,sobol,2048,16,34.955543973181136,0.004142917226999998,14,False,0.0,0
syn_K6_m30_s2_gauss,synthetic,gauss,6,30,sobol,2048,17,34.955543973181136,0.0041654580272734165,14,False,0.0,0
syn_K6_m30_s2_gauss,synthetic,gauss,6,30,sobol,2048,18,34.955543973181136,0.004275167360901833,14,False,0.0,0
syn_K6_m30_s2_gauss,synthetic,gauss,6,30,sobol,2048,19,34.955543973181136,0.004144040867686272,14,False,0.0,0
syn_K6_m30_s2_gauss,synthetic,gauss,6,30,sobol,2048,20,34.955543973181136,0.004151958040893078,14,False,0.0,0
syn_K6_m30_s2_gauss,synthetic,gauss,6,30,sobol,2048,21,34.955543973181136,0.004077333025634289,14,False,0.0,0
syn_K6_m30_s2_gauss,synthetic,gauss,6,30,sobol,2048,22,34.955543973181136,0.004001624882221222,14,False,0.0,0
syn_K6_m30_s2_gauss,synthetic,gauss,6,30,sobol,2048,23,34.955543973181136,0.0039800419472157955,14,False,0.0,0
syn_K6_m30_s2_gauss,synthetic,gauss,6,30,sobol,2048,24,34.955543973181136,0.003937665838748217,14,False,0.0,0
syn_K6_m30_s2_gauss,synthetic,gauss,6,30,sobol,2048,25,34.955543973181136,0.00424879090860486,14,False,0.0,0
syn_K6_m30_s2_gauss,synthetic,gauss,6,30,sobol,2048,26,34.955543973181136,0.004036667291074991,14,False,0.0,0
syn_K6_m30_s2_gauss,synthetic,gauss,6,30,sobol,2048,27,34.955543973181136,0.004058333113789558,14,False,0.0,0
syn_K6_m30_s2_gauss,synthetic,gauss,6,30,sobol,2048,28,34.955543973181136,0.00456604128703475,14,False,0.0,0
syn_K6_m30_s2_gauss,synthetic,gauss,6,30,sobol,2048,29,34.955543973181136,0.004265875089913607,14,False,0.0,0
syn_K6_m30_s2_gauss,synthetic,gauss,6,30,sobol,2048,30,34.955543973181136,0.004407458007335663,14,False,0.0,0
syn_K6_m30_s2_gauss,synthetic,gauss,6,30,sobol,2048,31,34.955543973181136,0.004348624963313341,14,False,0.0,0
syn_K6_m30_s2_gauss,synthetic,gauss,6,30,sobol,2048,32,34.955543973181136,0.004068207927048206,14,False,0.0,0
syn_K6_m30_s2_gauss,synthetic,gauss,6,30,sobol,2048,33,34.955543973181136,0.0040857079438865185,14,False,0.0,0
syn_K6_m30_s2_gauss,synthetic,gauss,6,30,sobol,2048,34,34.955543973181136,0.004112374968826771,14,False,0.0,0
syn_K6_m30_s2_gauss,synthetic,gauss,6,30,sobol,2048,35,34.955543973181136,0.003929709084331989,14,False,0.0,0
syn_K6_m30_s2_gauss,synthetic,gauss,6,30,sobol,2048,36,34.955543973181136,0.0042024170979857445,14,False,0.0,0
syn_K6_m30_s2_gauss,synthetic,gauss,6,30,sobol,2048,37,34.955543973181136,0.004233125131577253,14,False,0.0,0
syn_K6_m30_s2_gauss,synthetic,gauss,6,30,sobol,2048,38,34.955543973181136,0.004268249962478876,15,False,0.0,0
syn_K6_m30_s2_gauss,synthetic,gauss,6,30,sobol,2048,39,34.955543973181136,0.004214707762002945,14,False,0.0,0
syn_K6_m30_s2_gauss,synthetic,gauss,6,30,sobol,2048,40,34.955543973181136,0.004110665991902351,14,False,0.0,0
syn_K6_m30_s2_gauss,synthetic,gauss,6,30,sobol,2048,41,34.955543973181136,0.004162332974374294,14,False,0.0,0
syn_K6_m30_s2_gauss,synthetic,gauss,6,30,sobol,2048,42,34.955543973181136,0.0041846660897135735,14,False,0.0,0
syn_K6_m30_s2_gauss,synthetic,gauss,6,30,sobol,2048,43,34.955543973181136,0.003992790821939707,14,False,0.0,0
syn_K6_m30_s2_gauss,synthetic,gauss,6,30,sobol,2048,44,34.955543973181136,0.004068334121257067,14,False,0.0,0
syn_K6_m30_s2_gauss,synthetic,gauss,6,30,sobol,2048,45,34.955543973181136,0.00399791682139039,14,False,0.0,0
syn_K6_m30_s2_gauss,synthetic,gauss,6,30,sobol,2048,46,34.955543973181136,0.004002250265330076,14,False,0.0,0
syn_K6_m30_s2_gauss,synthetic,gauss,6,30,sobol,2048,47,34.955543973181136,0.004154665861278772,14,False,0.0,0
syn_K6_m30_s2_gauss,synthetic,gauss,6,30,sobol,2048,48,34.955543973181136,0.004256540909409523,14,False,0.0,0
syn_K6_m30_s2_gauss,synthetic,gauss,6,30,sobol,2048,49,34.955543973181136,0.004148874897509813,14,False,0.0,0
syn_K6_m200_s0_gauss,synthetic,gauss,6,200,exp,128,0,26.48872941053705,0.01702545816078782,14,False,0.0,0
syn_K6_m200_s0_gauss,synthetic,gauss,6,200,exp,128,1,26.48872941053705,0.017469875048846006,14,False,0.0,0
syn_K6_m200_s0_gauss,synthetic,gauss,6,200,exp,128,2,26.48872941053705,0.017152499873191118,14,False,0.0,0
syn_K6_m200_s0_gauss,synthetic,gauss,6,200,exp,128,3,26.48872941053705,0.017304792068898678,14,False,0.0,0
syn_K6_m200_s0_gauss,synthetic,gauss,6,200,exp,128,4,26.48872941053705,0.016932500060647726,14,False,0.0,0
syn_K6_m200_s0_gauss,synthetic,gauss,6,200,exp,128,5,26.48872941053705,0.016709249932318926,14,False,0.0,0
syn_K6_m200_s0_gauss,synthetic,gauss,6,200,exp,128,6,26.48872941053705,0.018245209008455276,15,False,0.0,0
syn_K6_m200_s0_gauss,synthetic,gauss,6,200,exp,128,7,26.48872941053705,0.016742541920393705,14,False,0.0,0
syn_K6_m200_s0_gauss,synthetic,gauss,6,200,exp,128,8,26.48872941053705,0.017156958114355803,14,False,0.0,0
syn_K6_m200_s0_gauss,synthetic,gauss,6,200,exp,128,9,26.48872941053705,0.017197875306010246,14,False,0.0,0
syn_K6_m200_s0_gauss,synthetic,gauss,6,200,exp,128,10,26.48872941053705,0.016937542241066694,14,False,0.0,0
syn_K6_m200_s0_gauss,synthetic,gauss,6,200,exp,128,11,26.48872941053705,0.017315874807536602,14,False,0.0,0
syn_K6_m200_s0_gauss,synthetic,gauss,6,200,exp,128,12,26.48872941053705,0.01696633268147707,14,False,0.0,0
syn_K6_m200_s0_gauss,synthetic,gauss,6,200,exp,128,13,26.48872941053705,0.01707254210487008,14,False,0.0,0
syn_K6_m200_s0_gauss,synthetic,gauss,6,200,exp,128,14,26.48872941053705,0.017952749971300364,15,False,0.0,0
syn_K6_m200_s0_gauss,synthetic,gauss,6,200,exp,128,15,26.48872941053705,0.016815416980534792,14,False,0.0,0
syn_K6_m200_s0_gauss,synthetic,gauss,6,200,exp,128,16,26.48872941053705,0.01845129206776619,15,False,0.0,0
syn_K6_m200_s0_gauss,synthetic,gauss,6,200,exp,128,17,26.48872941053705,0.01729783322662115,14,False,0.0,0
syn_K6_m200_s0_gauss,synthetic,gauss,6,200,exp,128,18,26.48872941053705,0.017277917359024286,14,False,0.0,0
syn_K6_m200_s0_gauss,synthetic,gauss,6,200,exp,128,19,26.48872941053705,0.01697245892137289,14,False,0.0,0
syn_K6_m200_s0_gauss,synthetic,gauss,6,200,exp,128,20,26.48872941053705,0.01699574990198016,14,False,0.0,0
syn_K6_m200_s0_gauss,synthetic,gauss,6,200,exp,128,21,26.48872941053705,0.016805708408355713,14,False,0.0,0
syn_K6_m200_s0_gauss,synthetic,gauss,6,200,exp,128,22,26.48872941053705,0.01732600014656782,14,False,0.0,0
syn_K6_m200_s0_gauss,synthetic,gauss,6,200,exp,128,23,26.48872941053705,0.01742437481880188,14,False,0.0,0
syn_K6_m200_s0_gauss,synthetic,gauss,6,200,exp,128,24,26.48872941053705,0.019141041673719883,15,False,0.0,0
syn_K6_m200_s0_gauss,synthetic,gauss,6,200,exp,128,25,26.48872941053705,0.01752154203131795,14,False,0.0,0
syn_K6_m200_s0_gauss,synthetic,gauss,6,200,exp,128,26,26.48872941053705,0.017099749762564898,14,False,0.0,0
syn_K6_m200_s0_gauss,synthetic,gauss,6,200,exp,128,27,26.48872941053705,0.017292083241045475,14,False,0.0,0
syn_K6_m200_s0_gauss,synthetic,gauss,6,200,exp,128,28,26.48872941053705,0.016961249988526106,14,False,0.0,0
syn_K6_m200_s0_gauss,synthetic,gauss,6,200,exp,128,29,26.48872941053705,0.018146332819014788,15,False,0.0,0
syn_K6_m200_s0_gauss,synthetic,gauss,6,200,exp,128,30,26.48872941053705,0.016895833890885115,14,False,0.0,0
syn_K6_m200_s0_gauss,synthetic,gauss,6,200,exp,128,31,26.48872941053705,0.017092749942094088,14,False,0.0,0
syn_K6_m200_s0_gauss,synthetic,gauss,6,200,exp,128,32,26.48872941053705,0.017260417342185974,14,False,0.0,0
syn_K6_m200_s0_gauss,synthetic,gauss,6,200,exp,128,33,26.48872941053705,0.01824108324944973,15,False,0.0,0
syn_K6_m200_s0_gauss,synthetic,gauss,6,200,exp,128,34,26.48872941053705,0.016831415705382824,14,False,0.0,0
syn_K6_m200_s0_gauss,synthetic,gauss,6,200,exp,128,35,26.48872941053705,0.017232125159353018,14,False,0.0,0
syn_K6_m200_s0_gauss,synthetic,gauss,6,200,exp,128,36,26.48872941053705,0.01807375019416213,15,False,0.0,0
syn_K6_m200_s0_gauss,synthetic,gauss,6,200,exp,128,37,26.48872941053705,0.017807334195822477,15,False,0.0,0
syn_K6_m200_s0_gauss,synthetic,gauss,6,200,exp,128,38,26.48872941053705,0.016794624738395214,14,False,0.0,0
syn_K6_m200_s0_gauss,synthetic,gauss,6,200,exp,128,39,26.48872941053705,0.018556167371571064,15,False,0.0,0
syn_K6_m200_s0_gauss,synthetic,gauss,6,200,exp,128,40,26.48872941053705,0.016709917224943638,14,False,0.0,0
syn_K6_m200_s0_gauss,synthetic,gauss,6,200,exp,128,41,26.48872941053705,0.01718870783224702,14,False,0.0,0
syn_K6_m200_s0_gauss,synthetic,gauss,6,200,exp,128,42,26.48872941053705,0.02009862521663308,17,False,0.0,0
syn_K6_m200_s0_gauss,synthetic,gauss,6,200,exp,128,43,26.48872941053705,0.016757875215262175,14,False,0.0,0
syn_K6_m200_s0_gauss,synthetic,gauss,6,200,exp,128,44,26.48872941053705,0.016993791796267033,14,False,0.0,0
syn_K6_m200_s0_gauss,synthetic,gauss,6,200,exp,128,45,26.48872941053705,0.016942083835601807,14,False,0.0,0
syn_K6_m200_s0_gauss,synthetic,gauss,6,200,exp,128,46,26.48872941053705,0.018213207833468914,15,False,0.0,0
syn_K6_m200_s0_gauss,synthetic,gauss,6,200,exp,128,47,26.48872941053705,0.016958083026111126,14,False,0.0,0
syn_K6_m200_s0_gauss,synthetic,gauss,6,200,exp,128,48,26.48872941053705,0.01777616608887911,15,False,0.0,0
syn_K6_m200_s0_gauss,synthetic,gauss,6,200,exp,128,49,26.48872941053705,0.017267583403736353,14,False,0.0,0
syn_K6_m200_s0_gauss,synthetic,gauss,6,200,exp,512,0,26.48872941053705,0.017081625293940306,14,False,0.0,0
syn_K6_m200_s0_gauss,synthetic,gauss,6,200,exp,512,1,26.48872941053705,0.017292125150561333,14,False,0.0,0
syn_K6_m200_s0_gauss,synthetic,gauss,6,200,exp,512,2,26.48872941053705,0.017042916733771563,14,False,0.0,0
syn_K6_m200_s0_gauss,synthetic,gauss,6,200,exp,512,3,26.48872941053705,0.017250292003154755,14,False,0.0,0
syn_K6_m200_s0_gauss,synthetic,gauss,6,200,exp,512,4,26.48872941053705,0.01692300010472536,14,False,0.0,0
syn_K6_m200_s0_gauss,synthetic,gauss,6,200,exp,512,5,26.48872941053705,0.01688975002616644,14,False,0.0,0
syn_K6_m200_s0_gauss,synthetic,gauss,6,200,exp,512,6,26.48872941053705,0.01803879113867879,15,False,0.0,0
syn_K6_m200_s0_gauss,synthetic,gauss,6,200,exp,512,7,26.48872941053705,0.016943249851465225,14,False,0.0,0
syn_K6_m200_s0_gauss,synthetic,gauss,6,200,exp,512,8,26.48872941053705,0.017175333108752966,14,False,0.0,0
syn_K6_m200_s0_gauss,synthetic,gauss,6,200,exp,512,9,26.48872941053705,0.016643874812871218,14,False,0.0,0
syn_K6_m200_s0_gauss,synthetic,gauss,6,200,exp,512,10,26.48872941053705,0.017073292285203934,14,False,0.0,0
syn_K6_m200_s0_gauss,synthetic,gauss,6,200,exp,512,11,26.48872941053705,0.017170167062431574,14,False,0.0,0
syn_K6_m200_s0_gauss,synthetic,gauss,6,200,exp,512,12,26.48872941053705,0.017206666059792042,14,False,0.0,0
syn_K6_m200_s0_gauss,synthetic,gauss,6,200,exp,512,13,26.48872941053705,0.01693974994122982,14,False,0.0,0
syn_K6_m200_s0_gauss,synthetic,gauss,6,200,exp,512,14,26.48872941053705,0.017277415841817856,14,False,0.0,0
syn_K6_m200_s0_gauss,synthetic,gauss,6,200,exp,512,15,26.48872941053705,0.017218749970197678,14,False,0.0,0
syn_K6_m200_s0_gauss,synthetic,gauss,6,200,exp,512,16,26.48872941053705,0.017079333309084177,14,False,0.0,0
syn_K6_m200_s0_gauss,synthetic,gauss,6,200,exp,512,17,26.48872941053705,0.017237499821931124,14,False,0.0,0
syn_K6_m200_s0_gauss,synthetic,gauss,6,200,exp,512,18,26.48872941053705,0.017856416758149862,14,False,0.0,0
syn_K6_m200_s0_gauss,synthetic,gauss,6,200,exp,512,19,26.48872941053705,0.017509874887764454,14,False,0.0,0
syn_K6_m200_s0_gauss,synthetic,gauss,6,200,exp,512,20,26.48872941053705,0.017225458286702633,14,False,0.0,0
syn_K6_m200_s0_gauss,synthetic,gauss,6,200,exp,512,21,26.48872941053705,0.01701850024983287,14,False,0.0,0
syn_K6_m200_s0_gauss,synthetic,gauss,6,200,exp,512,22,26.48872941053705,0.0180399171076715,15,False,0.0,0
syn_K6_m200_s0_gauss,synthetic,gauss,6,200,exp,512,23,26.48872941053705,0.017145957797765732,14,False,0.0,0
syn_K6_m200_s0_gauss,synthetic,gauss,6,200,exp,512,24,26.48872941053705,0.017131709028035402,14,False,0.0,0
syn_K6_m200_s0_gauss,synthetic,gauss,6,200,exp,512,25,26.48872941053705,0.017228208016604185,14,False,0.0,0
syn_K6_m200_s0_gauss,synthetic,gauss,6,200,exp,512,26,26.48872941053705,0.01740300003439188,14,False,0.0,0
syn_K6_m200_s0_gauss,synthetic,gauss,6,200,exp,512,27,26.48872941053705,0.01802512491121888,15,False,0.0,0
syn_K6_m200_s0_gauss,synthetic,gauss,6,200,exp,512,28,26.48872941053705,0.017365917097777128,14,False,0.0,0
syn_K6_m200_s0_gauss,synthetic,gauss,6,200,exp,512,29,26.48872941053705,0.01733054220676422,14,False,0.0,0
syn_K6_m200_s0_gauss,synthetic,gauss,6,200,exp,512,30,26.48872941053705,0.01726645790040493,14,False,0.0,0
syn_K6_m200_s0_gauss,synthetic,gauss,6,200,exp,512,31,26.48872941053705,0.017434415873140097,14,False,0.0,0
syn_K6_m200_s0_gauss,synthetic,gauss,6,200,exp,512,32,26.48872941053705,0.01703683380037546,14,False,0.0,0
syn_K6_m200_s0_gauss,synthetic,gauss,6,200,exp,512,33,26.48872941053705,0.016857583075761795,14,False,0.0,0
syn_K6_m200_s0_gauss,synthetic,gauss,6,200,exp,512,34,26.48872941053705,0.017199874855577946,14,False,0.0,0
syn_K6_m200_s0_gauss,synthetic,gauss,6,200,exp,512,35,26.48872941053705,0.016884666867554188,14,False,0.0,0
syn_K6_m200_s0_gauss,synthetic,gauss,6,200,exp,512,36,26.48872941053705,0.017197833862155676,14,False,0.0,0
syn_K6_m200_s0_gauss,synthetic,gauss,6,200,exp,512,37,26.48872941053705,0.017635583877563477,14,False,0.0,0
syn_K6_m200_s0_gauss,synthetic,gauss,6,200,exp,512,38,26.48872941053705,0.018054625019431114,14,False,0.0,0
syn_K6_m200_s0_gauss,synthetic,gauss,6,200,exp,512,39,26.48872941053705,0.017209292389452457,14,False,0.0,0
syn_K6_m200_s0_gauss,synthetic,gauss,6,200,exp,512,40,26.48872941053705,0.017062915954738855,14,False,0.0,0
syn_K6_m200_s0_gauss,synthetic,gauss,6,200,exp,512,41,26.48872941053705,0.01717420807108283,14,False,0.0,0
syn_K6_m200_s0_gauss,synthetic,gauss,6,200,exp,512,42,26.48872941053705,0.017520583234727383,14,False,0.0,0
syn_K6_m200_s0_gauss,synthetic,gauss,6,200,exp,512,43,26.48872941053705,0.017165834084153175,14,False,0.0,0
syn_K6_m200_s0_gauss,synthetic,gauss,6,200,exp,512,44,26.48872941053705,0.018473000265657902,15,False,0.0,0
syn_K6_m200_s0_gauss,synthetic,gauss,6,200,exp,512,45,26.48872941053705,0.01763649983331561,14,False,0.0,0
syn_K6_m200_s0_gauss,synthetic,gauss,6,200,exp,512,46,26.48872941053705,0.018574040848761797,15,False,0.0,0
syn_K6_m200_s0_gauss,synthetic,gauss,6,200,exp,512,47,26.48872941053705,0.016841834411025047,14,False,0.0,0
syn_K6_m200_s0_gauss,synthetic,gauss,6,200,exp,512,48,26.48872941053705,0.016635000240057707,14,False,0.0,0
syn_K6_m200_s0_gauss,synthetic,gauss,6,200,exp,512,49,26.48872941053705,0.016747749876230955,14,False,0.0,0
syn_K6_m200_s0_gauss,synthetic,gauss,6,200,exp,2048,0,26.48872941053705,0.017932749819010496,14,False,0.0,0
syn_K6_m200_s0_gauss,synthetic,gauss,6,200,exp,2048,1,26.48872941053705,0.01743537513539195,14,False,0.0,0
syn_K6_m200_s0_gauss,synthetic,gauss,6,200,exp,2048,2,26.48872941053705,0.017659374978393316,14,False,0.0,0
syn_K6_m200_s0_gauss,synthetic,gauss,6,200,exp,2048,3,26.48872941053705,0.017487708013504744,14,False,0.0,0
syn_K6_m200_s0_gauss,synthetic,gauss,6,200,exp,2048,4,26.48872941053705,0.01776458416134119,14,False,0.0,0
syn_K6_m200_s0_gauss,synthetic,gauss,6,200,exp,2048,5,26.48872941053705,0.017493832856416702,14,False,0.0,0
syn_K6_m200_s0_gauss,synthetic,gauss,6,200,exp,2048,6,26.48872941053705,0.01750183431431651,14,False,0.0,0
syn_K6_m200_s0_gauss,synthetic,gauss,6,200,exp,2048,7,26.48872941053705,0.017586625181138515,14,False,0.0,0
syn_K6_m200_s0_gauss,synthetic,gauss,6,200,exp,2048,8,26.48872941053705,0.01740537490695715,14,False,0.0,0
syn_K6_m200_s0_gauss,synthetic,gauss,6,200,exp,2048,9,26.48872941053705,0.01813537534326315,14,False,0.0,0
syn_K6_m200_s0_gauss,synthetic,gauss,6,200,exp,2048,10,26.48872941053705,0.01702512474730611,14,False,0.0,0
syn_K6_m200_s0_gauss,synthetic,gauss,6,200,exp,2048,11,26.48872941053705,0.01780975004658103,14,False,0.0,0
syn_K6_m200_s0_gauss,synthetic,gauss,6,200,exp,2048,12,26.48872941053705,0.01745441695675254,14,False,0.0,0
syn_K6_m200_s0_gauss,synthetic,gauss,6,200,exp,2048,13,26.48872941053705,0.01727595878764987,14,False,0.0,0
syn_K6_m200_s0_gauss,synthetic,gauss,6,200,exp,2048,14,26.48872941053705,0.017571750096976757,14,False,0.0,0
syn_K6_m200_s0_gauss,synthetic,gauss,6,200,exp,2048,15,26.48872941053705,0.017607958056032658,14,False,0.0,0
syn_K6_m200_s0_gauss,synthetic,gauss,6,200,exp,2048,16,26.48872941053705,0.01782450033351779,14,False,0.0,0
syn_K6_m200_s0_gauss,synthetic,gauss,6,200,exp,2048,17,26.48872941053705,0.0177172077819705,14,False,0.0,0
syn_K6_m200_s0_gauss,synthetic,gauss,6,200,exp,2048,18,26.48872941053705,0.01730283396318555,14,False,0.0,0
syn_K6_m200_s0_gauss,synthetic,gauss,6,200,exp,2048,19,26.48872941053705,0.01766987470909953,14,False,0.0,0
syn_K6_m200_s0_gauss,synthetic,gauss,6,200,exp,2048,20,26.48872941053705,0.017305457964539528,14,False,0.0,0
syn_K6_m200_s0_gauss,synthetic,gauss,6,200,exp,2048,21,26.48872941053705,0.01776954112574458,14,False,0.0,0
syn_K6_m200_s0_gauss,synthetic,gauss,6,200,exp,2048,22,26.48872941053705,0.01756304083392024,14,False,0.0,0
syn_K6_m200_s0_gauss,synthetic,gauss,6,200,exp,2048,23,26.48872941053705,0.017696875147521496,14,False,0.0,0
syn_K6_m200_s0_gauss,synthetic,gauss,6,200,exp,2048,24,26.48872941053705,0.017539875116199255,14,False,0.0,0
syn_K6_m200_s0_gauss,synthetic,gauss,6,200,exp,2048,25,26.48872941053705,0.017361207865178585,14,False,0.0,0
syn_K6_m200_s0_gauss,synthetic,gauss,6,200,exp,2048,26,26.48872941053705,0.01751079224050045,14,False,0.0,0
syn_K6_m200_s0_gauss,synthetic,gauss,6,200,exp,2048,27,26.48872941053705,0.01752654230222106,14,False,0.0,0
syn_K6_m200_s0_gauss,synthetic,gauss,6,200,exp,2048,28,26.48872941053705,0.017884083092212677,14,False,0.0,0
syn_K6_m200_s0_gauss,synthetic,gauss,6,200,exp,2048,29,26.48872941053705,0.017638541758060455,14,False,0.0,0
syn_K6_m200_s0_gauss,synthetic,gauss,6,200,exp,2048,30,26.48872941053705,0.017422708682715893,14,False,0.0,0
syn_K6_m200_s0_gauss,synthetic,gauss,6,200,exp,2048,31,26.48872941053705,0.017480791080743074,14,False,0.0,0
syn_K6_m200_s0_gauss,synthetic,gauss,6,200,exp,2048,32,26.48872941053705,0.017415333073586226,14,False,0.0,0
syn_K6_m200_s0_gauss,synthetic,gauss,6,200,exp,2048,33,26.48872941053705,0.01764516718685627,14,False,0.0,0
syn_K6_m200_s0_gauss,synthetic,gauss,6,200,exp,2048,34,26.48872941053705,0.01760383415967226,14,False,0.0,0
syn_K6_m200_s0_gauss,synthetic,gauss,6,200,exp,2048,35,26.48872941053705,0.017668125219643116,14,False,0.0,0
syn_K6_m200_s0_gauss,synthetic,gauss,6,200,exp,2048,36,26.48872941053705,0.017963333055377007,14,False,0.0,0
syn_K6_m200_s0_gauss,synthetic,gauss,6,200,exp,2048,37,26.48872941053705,0.018208874855190516,14,False,0.0,0
syn_K6_m200_s0_gauss,synthetic,gauss,6,200,exp,2048,38,26.48872941053705,0.017508792225271463,14,False,0.0,0
syn_K6_m200_s0_gauss,synthetic,gauss,6,200,exp,2048,39,26.48872941053705,0.017934625037014484,14,False,0.0,0
syn_K6_m200_s0_gauss,synthetic,gauss,6,200,exp,2048,40,26.48872941053705,0.0173612916842103,14,False,0.0,0
syn_K6_m200_s0_gauss,synthetic,gauss,6,200,exp,2048,41,26.48872941053705,0.01728491671383381,14,False,0.0,0
syn_K6_m200_s0_gauss,synthetic,gauss,6,200,exp,2048,42,26.48872941053705,0.01732383295893669,14,False,0.0,0
syn_K6_m200_s0_gauss,synthetic,gauss,6,200,exp,2048,43,26.48872941053705,0.017824292182922363,14,False,0.0,0
syn_K6_m200_s0_gauss,synthetic,gauss,6,200,exp,2048,44,26.48872941053705,0.017704166006296873,14,False,0.0,0
syn_K6_m200_s0_gauss,synthetic,gauss,6,200,exp,2048,45,26.48872941053705,0.017596874851733446,14,False,0.0,0
syn_K6_m200_s0_gauss,synthetic,gauss,6,200,exp,2048,46,26.48872941053705,0.017668417189270258,14,False,0.0,0
syn_K6_m200_s0_gauss,synthetic,gauss,6,200,exp,2048,47,26.48872941053705,0.017408582847565413,14,False,0.0,0
syn_K6_m200_s0_gauss,synthetic,gauss,6,200,exp,2048,48,26.48872941053705,0.017599916085600853,14,False,0.0,0
syn_K6_m200_s0_gauss,synthetic,gauss,6,200,exp,2048,49,26.48872941053705,0.017410291824489832,14,False,0.0,0
syn_K6_m200_s0_gauss,synthetic,gauss,6,200,sobol,128,0,26.48872941053705,0.01667366735637188,14,False,0.0,0
syn_K6_m200_s0_gauss,synthetic,gauss,6,200,sobol,128,1,26.48872941053705,0.017836832907050848,15,False,0.0,0
syn_K6_m200_s0_gauss,synthetic,gauss,6,200,sobol,128,2,26.48872941053705,0.01674629095941782,14,False,0.0,0
syn_K6_m200_s0_gauss,synthetic,gauss,6,200,sobol,128,3,26.48872941053705,0.01864633383229375,16,False,0.0,0
syn_K6_m200_s0_gauss,synthetic,gauss,6,200,sobol,128,4,26.48872941053705,0.01650816574692726,14,False,0.0,0
syn_K6_m200_s0_gauss,synthetic,gauss,6,200,sobol,128,5,26.48872941053705,0.01802149973809719,15,False,0.0,0
syn_K6_m200_s0_gauss,synthetic,gauss,6,200,sobol,128,6,26.48872941053705,0.01765295770019293,15,False,0.0,0
syn_K6_m200_s0_gauss,synthetic,gauss,6,200,sobol,128,7,26.48872941053705,0.016558542381972075,14,False,0.0,0
syn_K6_m200_s0_gauss,synthetic,gauss,6,200,sobol,128,8,26.48872941053705,0.016949583310633898,14,False,0.0,0
syn_K6_m200_s0_gauss,synthetic,gauss,6,200,sobol,128,9,26.48872941053705,0.016369416378438473,14,False,0.0,0
syn_K6_m200_s0_gauss,synthetic,gauss,6,200,sobol,128,10,26.48872941053705,0.016518457792699337,14,False,0.0,0
syn_K6_m200_s0_gauss,synthetic,gauss,6,200,sobol,128,11,26.48872941053705,0.01812375010922551,15,False,0.0,0
syn_K6_m200_s0_gauss,synthetic,gauss,6,200,sobol,128,12,26.48872941053705,0.016523208003491163,14,False,0.0,0
syn_K6_m200_s0_gauss,synthetic,gauss,6,200,sobol,128,13,26.48872941053705,0.016718875151127577,14,False,0.0,0
syn_K6_m200_s0_gauss,synthetic,gauss,6,200,sobol,128,14,26.48872941053705,0.016621249727904797,14,False,0.0,0
syn_K6_m200_s0_gauss,synthetic,gauss,6,200,sobol,128,15,26.48872941053705,0.01649795798584819,14,False,0.0,0
syn_K6_m200_s0_gauss,synthetic,gauss,6,200,sobol,128,16,26.48872941053705,0.01693008281290531,14,False,0.0,0
syn_K6_m200_s0_gauss,synthetic,gauss,6,200,sobol,128,17,26.48872941053705,0.017827375326305628,15,False,0.0,0
syn_K6_m200_s0_gauss,synthetic,gauss,6,200,sobol,128,18,26.48872941053705,0.01875750022009015,16,False,0.0,0
syn_K6_m200_s0_gauss,synthetic,gauss,6,200,sobol,128,19,26.48872941053705,0.01783858286216855,15,False,0.0,0
syn_K6_m200_s0_gauss,synthetic,gauss,6,200,sobol,128,20,26.48872941053705,0.016706707887351513,14,False,0.0,0
syn_K6_m200_s0_gauss,synthetic,gauss,6,200,sobol,128,21,26.48872941053705,0.018106708768755198,15,False,0.0,0
syn_K6_m200_s0_gauss,synthetic,gauss,6,200,sobol,128,22,26.48872941053705,0.017216000240296125,14,False,0.0,0
syn_K6_m200_s0_gauss,synthetic,gauss,6,200,sobol,128,23,26.48872941053705,0.01651220815256238,14,False,0.0,0
syn_K6_m200_s0_gauss,synthetic,gauss,6,200,sobol,128,24,26.48872941053705,0.0179942911490798,15,False,0.0,0
syn_K6_m200_s0_gauss,synthetic,gauss,6,200,sobol,128,25,26.48872941053705,0.016594666056334972,14,False,0.0,0
syn_K6_m200_s0_gauss,synthetic,gauss,6,200,sobol,128,26,26.48872941053705,0.01792749995365739,15,False,0.0,0
syn_K6_m200_s0_gauss,synthetic,gauss,6,200,sobol,128,27,26.48872941053705,0.016695832833647728,14,False,0.0,0
syn_K6_m200_s0_gauss,synthetic,gauss,6,200,sobol,128,28,26.48872941053705,0.017825917340815067,15,False,0.0,0
syn_K6_m200_s0_gauss,synthetic,gauss,6,200,sobol,128,29,26.48872941053705,0.017811667174100876,15,False,0.0,0
syn_K6_m200_s0_gauss,synthetic,gauss,6,200,sobol,128,30,26.48872941053705,0.01647737482562661,14,False,0.0,0
syn_K6_m200_s0_gauss,synthetic,gauss,6,200,sobol,128,31,26.48872941053705,0.01692204223945737,14,False,0.0,0
syn_K6_m200_s0_gauss,synthetic,gauss,6,200,sobol,128,32,26.48872941053705,0.01654862519353628,14,False,0.0,0
syn_K6_m200_s0_gauss,synthetic,gauss,6,200,sobol,128,33,26.48872941053705,0.017558875028043985,15,False,0.0,0
syn_K6_m200_s0_gauss,synthetic,gauss,6,200,sobol,128,34,26.48872941053705,0.0177045832388103,15,False,0.0,0
syn_K6_m200_s0_gauss,synthetic,gauss,6,200,sobol,128,35,26.48872941053705,0.01766733406111598,15,False,0.0,0
syn_K6_m200_s0_gauss,synthetic,gauss,6,200,sobol,128,36,26.48872941053705,0.016895417124032974,14,False,0.0,0
syn_K6_m200_s0_gauss,synthetic,gauss,6,200,sobol,128,37,26.48872941053705,0.016630458645522594,14,False,0.0,0
syn_K6_m200_s0_gauss,synthetic,gauss,6,200,sobol,128,38,26.48872941053705,0.017620333936065435,15,False,0.0,0
syn_K6_m200_s0_gauss,synthetic,gauss,6,200,sobol,128,39,26.48872941053705,0.016861208248883486,14,False,0.0,0
syn_K6_m200_s0_gauss,synthetic,gauss,6,200,sobol,128,40,26.48872941053705,0.01768466690555215,15,False,0.0,0
syn_K6_m200_s0_gauss,synthetic,gauss,6,200,sobol,128,41,26.48872941053705,0.01844391692429781,16,False,0.0,0
syn_K6_m200_s0_gauss,synthetic,gauss,6,200,sobol,128,42,26.48872941053705,0.01668962510302663,14,False,0.0,0
syn_K6_m200_s0_gauss,synthetic,gauss,6,200,sobol,128,43,26.48872941053705,0.01672337483614683,14,False,0.0,0
syn_K6_m200_s0_gauss,synthetic,gauss,6,200,sobol,128,44,26.48872941053705,0.01929383398965001,16,False,0.0,0
syn_K6_m200_s0_gauss,synthetic,gauss,6,200,sobol,128,45,26.48872941053705,0.01773879211395979,15,False,0.0,0
syn_K6_m200_s0_gauss,synthetic,gauss,6,200,sobol,128,46,26.48872941053705,0.016261584125459194,14,False,0.0,0
syn_K6_m200_s0_gauss,synthetic,gauss,6,200,sobol,128,47,26.48872941053705,0.016780958976596594,14,False,0.0,0
syn_K6_m200_s0_gauss,synthetic,gauss,6,200,sobol,128,48,26.48872941053705,0.016682333778589964,14,False,0.0,0
syn_K6_m200_s0_gauss,synthetic,gauss,6,200,sobol,128,49,26.48872941053705,0.016803708393126726,14,False,0.0,0
syn_K6_m200_s0_gauss,synthetic,gauss,6,200,sobol,512,0,26.48872941053705,0.0172732500359416,14,False,0.0,0
syn_K6_m200_s0_gauss,synthetic,gauss,6,200,sobol,512,1,26.48872941053705,0.017280624713748693,14,False,0.0,0
syn_K6_m200_s0_gauss,synthetic,gauss,6,200,sobol,512,2,26.48872941053705,0.017004499677568674,14,False,0.0,0
syn_K6_m200_s0_gauss,synthetic,gauss,6,200,sobol,512,3,26.48872941053705,0.01706279069185257,14,False,0.0,0
syn_K6_m200_s0_gauss,synthetic,gauss,6,200,sobol,512,4,26.48872941053705,0.01702587492763996,14,False,0.0,0
syn_K6_m200_s0_gauss,synthetic,gauss,6,200,sobol,512,5,26.48872941053705,0.018018083181232214,15,False,0.0,0
syn_K6_m200_s0_gauss,synthetic,gauss,6,200,sobol,512,6,26.48872941053705,0.016884915996342897,14,False,0.0,0
syn_K6_m200_s0_gauss,synthetic,gauss,6,200,sobol,512,7,26.48872941053705,0.017062040977180004,14,False,0.0,0
syn_K6_m200_s0_gauss,synthetic,gauss,6,200,sobol,512,8,26.48872941053705,0.01769541623070836,14,False,0.0,0
syn_K6_m200_s0_gauss,synthetic,gauss,6,200,sobol,512,9,26.48872941053705,0.01722758263349533,14,False,0.0,0
syn_K6_m200_s0_gauss,synthetic,gauss,6,200,sobol,512,10,26.48872941053705,0.017128458246588707,14,False,0.0,0
syn_K6_m200_s0_gauss,synthetic,gauss,6,200,sobol,512,11,26.48872941053705,0.017198082990944386,14,False,0.0,0
syn_K6_m200_s0_gauss,synthetic,gauss,6,200,sobol,512,12,26.48872941053705,0.01718212477862835,14,False,0.0,0
syn_K6_m200_s0_gauss,synthetic,gauss,6,200,sobol,512,13,26.48872941053705,0.016862208023667336,14,False,0.0,0
syn_K6_m200_s0_gauss,synthetic,gauss,6,200,sobol,512,14,26.48872941053705,0.01684895809739828,14,False,0.0,0
syn_K6_m200_s0_gauss,synthetic,gauss,6,200,sobol,512,15,26.48872941053705,0.01712483400478959,14,False,0.0,0
syn_K6_m200_s0_gauss,synthetic,gauss,6,200,sobol,512,16,26.48872941053705,0.01701299985870719,14,False,0.0,0
syn_K6_m200_s0_gauss,synthetic,gauss,6,200,sobol,512,17,26.48872941053705,0.01680091582238674,14,False,0.0,0
syn_K6_m200_s0_gauss,synthetic,gauss,6,200,sobol,512,18,26.48872941053705,0.017600041814148426,14,False,0.0,0
syn_K6_m200_s0_gauss,synthetic,gauss,6,200,sobol,512,19,26.48872941053705,0.0165007496252656,14,False,0.0,0
syn_K6_m200_s0_gauss,synthetic,gauss,6,200,sobol,512,20,26.48872941053705,0.01722945785149932,14,False,0.0,0
syn_K6_m200_s0_gauss,synthetic,gauss,6,200,sobol,512,21,26.48872941053705,0.017149500083178282,14,False,0.0,0
syn_K6_m200_s0_gauss,synthetic,gauss,6,200,sobol,512,22,26.48872941053705,0.016770792193710804,14,False,0.0,0
syn_K6_m200_s0_gauss,synthetic,gauss,6,200,sobol,512,23,26.48872941053705,0.016900834161788225,14,False,0.0,0
syn_K6_m200_s0_gauss,synthetic,gauss,6,200,sobol,512,24,26.48872941053705,0.017129375133663416,14,False,0.0,0
syn_K6_m200_s0_gauss,synthetic,gauss,6,200,sobol,512,25,26.48872941053705,0.016526540741324425,14,False,0.0,0
syn_K6_m200_s0_gauss,synthetic,gauss,6,200,sobol,512,26,26.48872941053705,0.016859583090990782,14,False,0.0,0
syn_K6_m200_s0_gauss,synthetic,gauss,6,200,sobol,512,27,26.48872941053705,0.016428249888122082,14,False,0.0,0
syn_K6_m200_s0_gauss,synthetic,gauss,6,200,sobol,512,28,26.48872941053705,0.016726667061448097,14,False,0.0,0
syn_K6_m200_s0_gauss,synthetic,gauss,6,200,sobol,512,29,26.48872941053705,0.017203375231474638,14,False,0.0,0
syn_K6_m200_s0_gauss,synthetic,gauss,6,200,sobol,512,30,26.48872941053705,0.016894249711185694,14,False,0.0,0
syn_K6_m200_s0_gauss,synthetic,gauss,6,200,sobol,512,31,26.48872941053705,0.016745624598115683,14,False,0.0,0
syn_K6_m200_s0_gauss,synthetic,gauss,6,200,sobol,512,32,26.48872941053705,0.017176333349198103,14,False,0.0,0
syn_K6_m200_s0_gauss,synthetic,gauss,6,200,sobol,512,33,26.48872941053705,0.017109542153775692,14,False,0.0,0
syn_K6_m200_s0_gauss,synthetic,gauss,6,200,sobol,512,34,26.48872941053705,0.017295875120908022,14,False,0.0,0
syn_K6_m200_s0_gauss,synthetic,gauss,6,200,sobol,512,35,26.48872941053705,0.017301292158663273,14,False,0.0,0
syn_K6_m200_s0_gauss,synthetic,gauss,6,200,sobol,512,36,26.48872941053705,0.016904208343476057,14,False,0.0,0
syn_K6_m200_s0_gauss,synthetic,gauss,6,200,sobol,512,37,26.48872941053705,0.017086874693632126,14,False,0.0,0
syn_K6_m200_s0_gauss,synthetic,gauss,6,200,sobol,512,38,26.48872941053705,0.018194125033915043,15,False,0.0,0
syn_K6_m200_s0_gauss,synthetic,gauss,6,200,sobol,512,39,26.48872941053705,0.016972665674984455,14,False,0.0,0
syn_K6_m200_s0_gauss,synthetic,gauss,6,200,sobol,512,40,26.48872941053705,0.016862832941114902,14,False,0.0,0
syn_K6_m200_s0_gauss,synthetic,gauss,6,200,sobol,512,41,26.48872941053705,0.017291458323597908,14,False,0.0,0
syn_K6_m200_s0_gauss,synthetic,gauss,6,200,sobol,512,42,26.48872941053705,0.016835791990160942,14,False,0.0,0
syn_K6_m200_s0_gauss,synthetic,gauss,6,200,sobol,512,43,26.48872941053705,0.016876290552318096,14,False,0.0,0
syn_K6_m200_s0_gauss,synthetic,gauss,6,200,sobol,512,44,26.48872941053705,0.016791332978755236,14,False,0.0,0
syn_K6_m200_s0_gauss,synthetic,gauss,6,200,sobol,512,45,26.48872941053705,0.016817749943584204,14,False,0.0,0
syn_K6_m200_s0_gauss,synthetic,gauss,6,200,sobol,512,46,26.48872941053705,0.01669108308851719,14,False,0.0,0
syn_K6_m200_s0_gauss,synthetic,gauss,6,200,sobol,512,47,26.48872941053705,0.016347582917660475,14,False,0.0,0
syn_K6_m200_s0_gauss,synthetic,gauss,6,200,sobol,512,48,26.48872941053705,0.017219499684870243,14,False,0.0,0
syn_K6_m200_s0_gauss,synthetic,gauss,6,200,sobol,512,49,26.48872941053705,0.01732091698795557,14,False,0.0,0
syn_K6_m200_s0_gauss,synthetic,gauss,6,200,sobol,2048,0,26.48872941053705,0.01774316607043147,14,False,0.0,0
syn_K6_m200_s0_gauss,synthetic,gauss,6,200,sobol,2048,1,26.48872941053705,0.017513290978968143,14,False,0.0,0
syn_K6_m200_s0_gauss,synthetic,gauss,6,200,sobol,2048,2,26.48872941053705,0.017431125044822693,14,False,0.0,0
syn_K6_m200_s0_gauss,synthetic,gauss,6,200,sobol,2048,3,26.48872941053705,0.017540709115564823,14,False,0.0,0
syn_K6_m200_s0_gauss,synthetic,gauss,6,200,sobol,2048,4,26.48872941053705,0.017856082879006863,14,False,0.0,0
syn_K6_m200_s0_gauss,synthetic,gauss,6,200,sobol,2048,5,26.48872941053705,0.018007250037044287,14,False,0.0,0
syn_K6_m200_s0_gauss,synthetic,gauss,6,200,sobol,2048,6,26.48872941053705,0.018938875291496515,14,False,0.0,0
syn_K6_m200_s0_gauss,synthetic,gauss,6,200,sobol,2048,7,26.48872941053705,0.019310375209897757,14,False,0.0,0
syn_K6_m200_s0_gauss,synthetic,gauss,6,200,sobol,2048,8,26.48872941053705,0.018565249629318714,14,False,0.0,0
syn_K6_m200_s0_gauss,synthetic,gauss,6,200,sobol,2048,9,26.48872941053705,0.017811084166169167,14,False,0.0,0
syn_K6_m200_s0_gauss,synthetic,gauss,6,200,sobol,2048,10,26.48872941053705,0.017552167177200317,14,False,0.0,0
syn_K6_m200_s0_gauss,synthetic,gauss,6,200,sobol,2048,11,26.48872941053705,0.01787137519568205,14,False,0.0,0
syn_K6_m200_s0_gauss,synthetic,gauss,6,200,sobol,2048,12,26.48872941053705,0.018382041715085506,14,False,0.0,0
syn_K6_m200_s0_gauss,synthetic,gauss,6,200,sobol,2048,13,26.48872941053705,0.01808608416467905,14,False,0.0,0
syn_K6_m200_s0_gauss,synthetic,gauss,6,200,sobol,2048,14,26.48872941053705,0.018482500221580267,14,False,0.0,0
syn_K6_m200_s0_gauss,synthetic,gauss,6,200,sobol,2048,15,26.48872941053705,0.018038540612906218,14,False,0.0,0
syn_K6_m200_s0_gauss,synthetic,gauss,6,200,sobol,2048,16,26.48872941053705,0.018083333037793636,14,False,0.0,0
syn_K6_m200_s0_gauss,synthetic,gauss,6,200,sobol,2048,17,26.48872941053705,0.01803412474691868,14,False,0.0,0
syn_K6_m200_s0_gauss,synthetic,gauss,6,200,sobol,2048,18,26.48872941053705,0.017836707644164562,14,False,0.0,0
syn_K6_m200_s0_gauss,synthetic,gauss,6,200,sobol,2048,19,26.48872941053705,0.018239791970700026,14,False,0.0,0
syn_K6_m200_s0_gauss,synthetic,gauss,6,200,sobol,2048,20,26.48872941053705,0.01775304088369012,14,False,0.0,0
syn_K6_m200_s0_gauss,synthetic,gauss,6,200,sobol,2048,21,26.48872941053705,0.017578667029738426,14,False,0.0,0
syn_K6_m200_s0_gauss,synthetic,gauss,6,200,sobol,2048,22,26.48872941053705,0.018134874757379293,14,False,0.0,0
syn_K6_m200_s0_gauss,synthetic,gauss,6,200,sobol,2048,23,26.48872941053705,0.01755262492224574,14,False,0.0,0
syn_K6_m200_s0_gauss,synthetic,gauss,6,200,sobol,2048,24,26.48872941053705,0.017844167072325945,14,False,0.0,0
syn_K6_m200_s0_gauss,synthetic,gauss,6,200,sobol,2048,25,26.48872941053705,0.017767667304724455,14,False,0.0,0
syn_K6_m200_s0_gauss,synthetic,gauss,6,200,sobol,2048,26,26.48872941053705,0.017089916858822107,14,False,0.0,0
syn_K6_m200_s0_gauss,synthetic,gauss,6,200,sobol,2048,27,26.48872941053705,0.0179344997741282,14,False,0.0,0
syn_K6_m200_s0_gauss,synthetic,gauss,6,200,sobol,2048,28,26.48872941053705,0.017969666980206966,14,False,0.0,0
syn_K6_m200_s0_gauss,synthetic,gauss,6,200,sobol,2048,29,26.48872941053705,0.017299416940659285,14,False,0.0,0
syn_K6_m200_s0_gauss,synthetic,gauss,6,200,sobol,2048,30,26.48872941053705,0.01788154197856784,14,False,0.0,0
syn_K6_m200_s0_gauss,synthetic,gauss,6,200,sobol,2048,31,26.48872941053705,0.017311042174696922,14,False,0.0,0
syn_K6_m200_s0_gauss,synthetic,gauss,6,200,sobol,2048,32,26.48872941053705,0.017503208946436644,14,False,0.0,0
syn_K6_m200_s0_gauss,synthetic,gauss,6,200,sobol,2048,33,26.48872941053705,0.01777720870450139,14,False,0.0,0
syn_K6_m200_s0_gauss,synthetic,gauss,6,200,sobol,2048,34,26.48872941053705,0.017225167248398066,14,False,0.0,0
syn_K6_m200_s0_gauss,synthetic,gauss,6,200,sobol,2048,35,26.48872941053705,0.017552416771650314,14,False,0.0,0
syn_K6_m200_s0_gauss,synthetic,gauss,6,200,sobol,2048,36,26.48872941053705,0.017795290797948837,14,False,0.0,0
syn_K6_m200_s0_gauss,synthetic,gauss,6,200,sobol,2048,37,26.48872941053705,0.01782837463542819,14,False,0.0,0
syn_K6_m200_s0_gauss,synthetic,gauss,6,200,sobol,2048,38,26.48872941053705,0.01889154128730297,14,False,0.0,0
syn_K6_m200_s0_gauss,synthetic,gauss,6,200,sobol,2048,39,26.48872941053705,0.01860454212874174,14,False,0.0,0
syn_K6_m200_s0_gauss,synthetic,gauss,6,200,sobol,2048,40,26.48872941053705,0.018197708297520876,14,False,0.0,0
syn_K6_m200_s0_gauss,synthetic,gauss,6,200,sobol,2048,41,26.48872941053705,0.01819954114034772,14,False,0.0,0
syn_K6_m200_s0_gauss,synthetic,gauss,6,200,sobol,2048,42,26.48872941053705,0.019493915606290102,14,False,0.0,0
syn_K6_m200_s0_gauss,synthetic,gauss,6,200,sobol,2048,43,26.48872941053705,0.018146042246371508,14,False,0.0,0
syn_K6_m200_s0_gauss,synthetic,gauss,6,200,sobol,2048,44,26.48872941053705,0.018021625000983477,14,False,0.0,0
syn_K6_m200_s0_gauss,synthetic,gauss,6,200,sobol,2048,45,26.48872941053705,0.017495208885520697,14,False,0.0,0
syn_K6_m200_s0_gauss,synthetic,gauss,6,200,sobol,2048,46,26.48872941053705,0.01826424989849329,14,False,0.0,0
syn_K6_m200_s0_gauss,synthetic,gauss,6,200,sobol,2048,47,26.48872941053705,0.017828375101089478,14,False,0.0,0
syn_K6_m200_s0_gauss,synthetic,gauss,6,200,sobol,2048,48,26.48872941053705,0.017981499899178743,14,False,0.0,0
syn_K6_m200_s0_gauss,synthetic,gauss,6,200,sobol,2048,49,26.48872941053705,0.01788333337754011,14,False,0.0,0
syn_K6_m200_s1_cancel,synthetic,cancel,6,200,exp,128,0,12.14011907534909,0.02047904161736369,17,False,0.0,0
syn_K6_m200_s1_cancel,synthetic,cancel,6,200,exp,128,1,12.14011907534909,0.026318249758332968,23,False,0.0,0
syn_K6_m200_s1_cancel,synthetic,cancel,6,200,exp,128,2,12.14011907534909,0.021526874974370003,18,False,0.0,0
syn_K6_m200_s1_cancel,synthetic,cancel,6,200,exp,128,3,12.14011907534909,0.02424695808440447,20,False,0.0,0
syn_K6_m200_s1_cancel,synthetic,cancel,6,200,exp,128,4,12.14011907534909,0.024690916761755943,21,False,0.0,0
syn_K6_m200_s1_cancel,synthetic,cancel,6,200,exp,128,5,12.14011907534909,0.029760499950498343,26,False,0.0,0
syn_K6_m200_s1_cancel,synthetic,cancel,6,200,exp,128,6,12.14011907534909,0.025763832964003086,22,False,0.0,0
syn_K6_m200_s1_cancel,synthetic,cancel,6,200,exp,128,7,12.14011907534909,0.02410795772448182,21,False,0.0,0
syn_K6_m200_s1_cancel,synthetic,cancel,6,200,exp,128,8,12.14011907534909,0.029980500228703022,26,False,0.0,0
syn_K6_m200_s1_cancel,synthetic,cancel,6,200,exp,128,9,12.14011907534909,0.02905470784753561,25,False,0.0,0
syn_K6_m200_s1_cancel,synthetic,cancel,6,200,exp,128,10,12.14011907534909,0.027028417214751244,22,False,0.0,0
syn_K6_m200_s1_cancel,synthetic,cancel,6,200,exp,128,11,12.14011907534909,0.02778141712769866,23,False,0.0,0
syn_K6_m200_s1_cancel,synthetic,cancel,6,200,exp,128,12,12.14011907534909,0.01960695907473564,16,False,0.0,0
syn_K6_m200_s1_cancel,synthetic,cancel,6,200,exp,128,13,12.14011907534909,0.026150749996304512,22,False,0.0,0
syn_K6_m200_s1_cancel,synthetic,cancel,6,200,exp,128,14,12.14011907534909,0.02509354194626212,21,False,0.0,0
syn_K6_m200_s1_cancel,synthetic,cancel,6,200,exp,128,15,12.14011907534909,0.026195208076387644,22,False,0.0,0
syn_K6_m200_s1_cancel,synthetic,cancel,6,200,exp,128,16,12.14011907534909,0.027281290851533413,23,False,0.0,0
syn_K6_m200_s1_cancel,synthetic,cancel,6,200,exp,128,17,12.14011907534909,0.02179783396422863,18,False,0.0,0
syn_K6_m200_s1_cancel,synthetic,cancel,6,200,exp,128,18,12.14011907534909,0.02881233301013708,25,False,0.0,0
syn_K6_m200_s1_cancel,synthetic,cancel,6,200,exp,128,19,12.14011907534909,0.022671500220894814,19,False,0.0,0
syn_K6_m200_s1_cancel,synthetic,cancel,6,200,exp,128,20,12.14011907534909,0.024170834105461836,21,False,0.0,0
syn_K6_m200_s1_cancel,synthetic,cancel,6,200,exp,128,21,12.14011907534909,0.026600582990795374,23,False,0.0,0
syn_K6_m200_s1_cancel,synthetic,cancel,6,200,exp,128,22,12.14011907534909,0.024647584185004234,21,False,0.0,0
syn_K6_m200_s1_cancel,synthetic,cancel,6,200,exp,128,23,12.14011907534909,0.02544104168191552,22,False,0.0,0
syn_K6_m200_s1_cancel,synthetic,cancel,6,200,exp,128,24,12.14011907534909,0.02371262526139617,20,False,0.0,0
syn_K6_m200_s1_cancel,synthetic,cancel,6,200,exp,128,25,12.14011907534909,0.02569745760411024,22,False,0.0,0
syn_K6_m200_s1_cancel,synthetic,cancel,6,200,exp,128,26,12.14011907534909,0.028953416738659143,25,False,0.0,0
syn_K6_m200_s1_cancel,synthetic,cancel,6,200,exp,128,27,12.14011907534909,0.02274341695010662,19,False,0.0,0
syn_K6_m200_s1_cancel,synthetic,cancel,6,200,exp,128,28,12.14011907534909,0.023588000331074,20,False,0.0,0
syn_K6_m200_s1_cancel,synthetic,cancel,6,200,exp,128,29,12.14011907534909,0.028401250019669533,25,False,0.0,0
syn_K6_m200_s1_cancel,synthetic,cancel,6,200,exp,128,30,12.14011907534909,0.02121879206970334,18,False,0.0,0
syn_K6_m200_s1_cancel,synthetic,cancel,6,200,exp,128,31,12.14011907534909,0.024762124754488468,21,False,0.0,0
syn_K6_m200_s1_cancel,synthetic,cancel,6,200,exp,128,32,12.14011907534909,0.024737542029470205,21,False,0.0,0
syn_K6_m200_s1_cancel,synthetic,cancel,6,200,exp,128,33,12.14011907534909,0.02532033296301961,22,False,0.0,0
syn_K6_m200_s1_cancel,synthetic,cancel,6,200,exp,128,34,12.14011907534909,0.026113416999578476,22,False,0.0,0
syn_K6_m200_s1_cancel,synthetic,cancel,6,200,exp,128,35,12.14011907534909,0.028942916076630354,25,False,0.0,0
syn_K6_m200_s1_cancel,synthetic,cancel,6,200,exp,128,36,12.14011907534909,0.024895792361348867,22,False,0.0,0
syn_K6_m200_s1_cancel,synthetic,cancel,6,200,exp,128,37,12.14011907534909,0.024498832877725363,21,False,0.0,0
syn_K6_m200_s1_cancel,synthetic,cancel,6,200,exp,128,38,12.14011907534909,0.028421375434845686,25,False,0.0,0
syn_K6_m200_s1_cancel,synthetic,cancel,6,200,exp,128,39,12.14011907534909,0.027598708868026733,24,False,0.0,0
syn_K6_m200_s1_cancel,synthetic,cancel,6,200,exp,128,40,12.14011907534909,0.029839083086699247,25,False,0.0,0
syn_K6_m200_s1_cancel,synthetic,cancel,6,200,exp,128,41,12.14011907534909,0.02711487514898181,23,False,0.0,0
syn_K6_m200_s1_cancel,synthetic,cancel,6,200,exp,128,42,12.14011907534909,0.027859999798238277,24,False,0.0,0
syn_K6_m200_s1_cancel,synthetic,cancel,6,200,exp,128,43,12.14011907534909,0.023964792024344206,21,False,0.0,0
syn_K6_m200_s1_cancel,synthetic,cancel,6,200,exp,128,44,12.14011907534909,0.026889665983617306,23,False,0.0,0
syn_K6_m200_s1_cancel,synthetic,cancel,6,200,exp,128,45,12.14011907534909,0.024380083195865154,20,False,0.0,0
syn_K6_m200_s1_cancel,synthetic,cancel,6,200,exp,128,46,12.14011907534909,0.03756129089742899,27,False,0.0,0
syn_K6_m200_s1_cancel,synthetic,cancel,6,200,exp,128,47,12.14011907534909,0.02989370794966817,25,False,0.0,0
syn_K6_m200_s1_cancel,synthetic,cancel,6,200,exp,128,48,12.14011907534909,0.025149166118353605,22,False,0.0,0
syn_K6_m200_s1_cancel,synthetic,cancel,6,200,exp,128,49,12.14011907534909,0.027150665875524282,23,False,0.0,0
syn_K6_m200_s1_cancel,synthetic,cancel,6,200,exp,512,0,12.14011907534909,0.01913337502628565,16,False,0.0,0
syn_K6_m200_s1_cancel,synthetic,cancel,6,200,exp,512,1,12.14011907534909,0.019786250311881304,16,False,0.0,0
syn_K6_m200_s1_cancel,synthetic,cancel,6,200,exp,512,2,12.14011907534909,0.025730333290994167,22,False,0.0,0
syn_K6_m200_s1_cancel,synthetic,cancel,6,200,exp,512,3,12.14011907534909,0.019562124740332365,16,False,0.0,0
syn_K6_m200_s1_cancel,synthetic,cancel,6,200,exp,512,4,12.14011907534909,0.022616790607571602,19,False,0.0,0
syn_K6_m200_s1_cancel,synthetic,cancel,6,200,exp,512,5,12.14011907534909,0.02154737524688244,18,False,0.0,0
syn_K6_m200_s1_cancel,synthetic,cancel,6,200,exp,512,6,12.14011907534909,0.024439749773591757,21,False,0.0,0
syn_K6_m200_s1_cancel,synthetic,cancel,6,200,exp,512,7,12.14011907534909,0.025377250276505947,22,False,0.0,0
syn_K6_m200_s1_cancel,synthetic,cancel,6,200,exp,512,8,12.14011907534909,0.022500041872262955,19,False,0.0,0
syn_K6_m200_s1_cancel,synthetic,cancel,6,200,exp,512,9,12.14011907534909,0.02289729192852974,19,False,0.0,0
syn_K6_m200_s1_cancel,synthetic,cancel,6,200,exp,512,10,12.14011907534909,0.02437166590243578,20,False,0.0,0
syn_K6_m200_s1_cancel,synthetic,cancel,6,200,exp,512,11,12.14011907534909,0.02334850002080202,19,False,0.0,0
syn_K6_m200_s1_cancel,synthetic,cancel,6,200,exp,512,12,12.14011907534909,0.019778457935899496,16,False,0.0,0
syn_K6_m200_s1_cancel,synthetic,cancel,6,200,exp,512,13,12.14011907534909,0.017141208052635193,14,False,0.0,0
syn_K6_m200_s1_cancel,synthetic,cancel,6,200,exp,512,14,12.14011907534909,0.021505624987185,18,False,0.0,0
syn_K6_m200_s1_cancel,synthetic,cancel,6,200,exp,512,15,12.14011907534909,0.023458292242139578,20,False,0.0,0
syn_K6_m200_s1_cancel,synthetic,cancel,6,200,exp,512,16,12.14011907534909,0.020827291999012232,17,False,0.0,0
syn_K6_m200_s1_cancel,synthetic,cancel,6,200,exp,512,17,12.14011907534909,0.02539004199206829,22,False,0.0,0
syn_K6_m200_s1_cancel,synthetic,cancel,6,200,exp,512,18,12.14011907534909,0.022564041893929243,19,False,0.0,0
syn_K6_m200_s1_cancel,synthetic,cancel,6,200,exp,512,19,12.14011907534909,0.021517750341445208,18,False,0.0,0
syn_K6_m200_s1_cancel,synthetic,cancel,6,200,exp,512,20,12.14011907534909,0.02335549984127283,20,False,0.0,0
syn_K6_m200_s1_cancel,synthetic,cancel,6,200,exp,512,21,12.14011907534909,0.022499625105410814,19,False,0.0,0
syn_K6_m200_s1_cancel,synthetic,cancel,6,200,exp,512,22,12.14011907534909,0.019619375001639128,16,False,0.0,0
syn_K6_m200_s1_cancel,synthetic,cancel,6,200,exp,512,23,12.14011907534909,0.019963125232607126,16,False,0.0,0
syn_K6_m200_s1_cancel,synthetic,cancel,6,200,exp,512,24,12.14011907534909,0.016866999678313732,14,False,0.0,0
syn_K6_m200_s1_cancel,synthetic,cancel,6,200,exp,512,25,12.14011907534909,0.02483841683715582,21,False,0.0,0
syn_K6_m200_s1_cancel,synthetic,cancel,6,200,exp,512,26,12.14011907534909,0.02353779086843133,20,False,0.0,0
syn_K6_m200_s1_cancel,synthetic,cancel,6,200,exp,512,27,12.14011907534909,0.020621625240892172,17,False,0.0,0
syn_K6_m200_s1_cancel,synthetic,cancel,6,200,exp,512,28,12.14011907534909,0.024712833110243082,21,False,0.0,0
syn_K6_m200_s1_cancel,synthetic,cancel,6,200,exp,512,29,12.14011907534909,0.022818250115960836,19,False,0.0,0
syn_K6_m200_s1_cancel,synthetic,cancel,6,200,exp,512,30,12.14011907534909,0.021256542298942804,18,False,0.0,0
syn_K6_m200_s1_cancel,synthetic,cancel,6,200,exp,512,31,12.14011907534909,0.022686250042170286,19,False,0.0,0
syn_K6_m200_s1_cancel,synthetic,cancel,6,200,exp,512,32,12.14011907534909,0.02345558302477002,20,False,0.0,0
syn_K6_m200_s1_cancel,synthetic,cancel,6,200,exp,512,33,12.14011907534909,0.024245958775281906,20,False,0.0,0
syn_K6_m200_s1_cancel,synthetic,cancel,6,200,exp,512,34,12.14011907534909,0.02476654201745987,21,False,0.0,0
syn_K6_m200_s1_cancel,synthetic,cancel,6,200,exp,512,35,12.14011907534909,0.01868624985218048,15,False,0.0,0
syn_K6_m200_s1_cancel,synthetic,cancel,6,200,exp,512,36,12.14011907534909,0.024711667094379663,21,False,0.0,0
syn_K6_m200_s1_cancel,synthetic,cancel,6,200,exp,512,37,12.14011907534909,0.02185441693291068,19,False,0.0,0
syn_K6_m200_s1_cancel,synthetic,cancel,6,200,exp,512,38,12.14011907534909,0.019561832770705223,16,False,0.0,0
syn_K6_m200_s1_cancel,synthetic,cancel,6,200,exp,512,39,12.14011907534909,0.019427542109042406,16,False,0.0,0
syn_K6_m200_s1_cancel,synthetic,cancel,6,200,exp,512,40,12.14011907534909,0.0233557908795774,20,False,0.0,0
syn_K6_m200_s1_cancel,synthetic,cancel,6,200,exp,512,41,12.14011907534909,0.027596458327025175,24,False,0.0,0
syn_K6_m200_s1_cancel,synthetic,cancel,6,200,exp,512,42,12.14011907534909,0.02308254223316908,20,False,0.0,0
syn_K6_m200_s1_cancel,synthetic,cancel,6,200,exp,512,43,12.14011907534909,0.023841832764446735,20,False,0.0,0
syn_K6_m200_s1_cancel,synthetic,cancel,6,200,exp,512,44,12.14011907534909,0.02564170816913247,22,False,0.0,0
syn_K6_m200_s1_cancel,synthetic,cancel,6,200,exp,512,45,12.14011907534909,0.02178716706112027,18,False,0.0,0
syn_K6_m200_s1_cancel,synthetic,cancel,6,200,exp,512,46,12.14011907534909,0.026757334358990192,23,False,0.0,0
syn_K6_m200_s1_cancel,synthetic,cancel,6,200,exp,512,47,12.14011907534909,0.02891029231250286,25,False,0.0,0
syn_K6_m200_s1_cancel,synthetic,cancel,6,200,exp,512,48,12.14011907534909,0.02052179118618369,17,False,0.0,0
syn_K6_m200_s1_cancel,synthetic,cancel,6,200,exp,512,49,12.14011907534909,0.019309707917273045,16,False,0.0,0
syn_K6_m200_s1_cancel,synthetic,cancel,6,200,exp,2048,0,12.14011907534909,0.01988050015643239,16,False,0.0,0
syn_K6_m200_s1_cancel,synthetic,cancel,6,200,exp,2048,1,12.14011907534909,0.020042041782289743,16,False,0.0,0
syn_K6_m200_s1_cancel,synthetic,cancel,6,200,exp,2048,2,12.14011907534909,0.01805937523022294,14,False,0.0,0
syn_K6_m200_s1_cancel,synthetic,cancel,6,200,exp,2048,3,12.14011907534909,0.020280790980905294,16,False,0.0,0
syn_K6_m200_s1_cancel,synthetic,cancel,6,200,exp,2048,4,12.14011907534909,0.01795337488874793,14,False,0.0,0
syn_K6_m200_s1_cancel,synthetic,cancel,6,200,exp,2048,5,12.14011907534909,0.02002170914784074,16,False,0.0,0
syn_K6_m200_s1_cancel,synthetic,cancel,6,200,exp,2048,6,12.14011907534909,0.019731624983251095,16,False,0.0,0
syn_K6_m200_s1_cancel,synthetic,cancel,6,200,exp,2048,7,12.14011907534909,0.01958191627636552,16,False,0.0,0
syn_K6_m200_s1_cancel,synthetic,cancel,6,200,exp,2048,8,12.14011907534909,0.019075707998126745,15,False,0.0,0
syn_K6_m200_s1_cancel,synthetic,cancel,6,200,exp,2048,9,12.14011907534909,0.018316291738301516,14,False,0.0,0
syn_K6_m200_s1_cancel,synthetic,cancel,6,200,exp,2048,10,12.14011907534909,0.018929915968328714,15,False,0.0,0
syn_K6_m200_s1_cancel,synthetic,cancel,6,200,exp,2048,11,12.14011907534909,0.020323416218161583,16,False,0.0,0
syn_K6_m200_s1_cancel,synthetic,cancel,6,200,exp,2048,12,12.14011907534909,0.017412499990314245,14,False,0.0,0
syn_K6_m200_s1_cancel,synthetic,cancel,6,200,exp,2048,13,12.14011907534909,0.019975959323346615,16,False,0.0,0
syn_K6_m200_s1_cancel,synthetic,cancel,6,200,exp,2048,14,12.14011907534909,0.021287458017468452,16,False,0.0,0
syn_K6_m200_s1_cancel,synthetic,cancel,6,200,exp,2048,15,12.14011907534909,0.02153899986296892,17,False,0.0,0
syn_K6_m200_s1_cancel,synthetic,cancel,6,200,exp,2048,16,12.14011907534909,0.0225229999050498,18,False,0.0,0
syn_K6_m200_s1_cancel,synthetic,cancel,6,200,exp,2048,17,12.14011907534909,0.024294374976307154,20,False,0.0,0
syn_K6_m200_s1_cancel,synthetic,cancel,6,200,exp,2048,18,12.14011907534909,0.024156749714165926,20,False,0.0,0
syn_K6_m200_s1_cancel,synthetic,cancel,6,200,exp,2048,19,12.14011907534909,0.021122333128005266,17,False,0.0,0
syn_K6_m200_s1_cancel,synthetic,cancel,6,200,exp,2048,20,12.14011907534909,0.020738374907523394,16,False,0.0,0
syn_K6_m200_s1_cancel,synthetic,cancel,6,200,exp,2048,21,12.14011907534909,0.018774458207190037,14,False,0.0,0
syn_K6_m200_s1_cancel,synthetic,cancel,6,200,exp,2048,22,12.14011907534909,0.02385883405804634,19,False,0.0,0
syn_K6_m200_s1_cancel,synthetic,cancel,6,200,exp,2048,23,12.14011907534909,0.02034416701644659,16,False,0.0,0
syn_K6_m200_s1_cancel,synthetic,cancel,6,200,exp,2048,24,12.14011907534909,0.022276292089372873,17,False,0.0,0
syn_K6_m200_s1_cancel,synthetic,cancel,6,200,exp,2048,25,12.14011907534909,0.020949999801814556,16,False,0.0,0
syn_K6_m200_s1_cancel,synthetic,cancel,6,200,exp,2048,26,12.14011907534909,0.018551041837781668,14,False,0.0,0
syn_K6_m200_s1_cancel,synthetic,cancel,6,200,exp,2048,27,12.14011907534909,0.02043225010856986,16,False,0.0,0
syn_K6_m200_s1_cancel,synthetic,cancel,6,200,exp,2048,28,12.14011907534909,0.019238334149122238,14,False,0.0,0
syn_K6_m200_s1_cancel,synthetic,cancel,6,200,exp,2048,29,12.14011907534909,0.018607750069350004,14,False,0.0,0
syn_K6_m200_s1_cancel,synthetic,cancel,6,200,exp,2048,30,12.14011907534909,0.018551750108599663,14,False,0.0,0
syn_K6_m200_s1_cancel,synthetic,cancel,6,200,exp,2048,31,12.14011907534909,0.019953082781285048,16,False,0.0,0
syn_K6_m200_s1_cancel,synthetic,cancel,6,200,exp,2048,32,12.14011907534909,0.020412125159054995,16,False,0.0,0
syn_K6_m200_s1_cancel,synthetic,cancel,6,200,exp,2048,33,12.14011907534909,0.020509000401943922,16,False,0.0,0
syn_K6_m200_s1_cancel,synthetic,cancel,6,200,exp,2048,34,12.14011907534909,0.0238600829616189,19,False,0.0,0
syn_K6_m200_s1_cancel,synthetic,cancel,6,200,exp,2048,35,12.14011907534909,0.020285291131585836,16,False,0.0,0
syn_K6_m200_s1_cancel,synthetic,cancel,6,200,exp,2048,36,12.14011907534909,0.023247375153005123,19,False,0.0,0
syn_K6_m200_s1_cancel,synthetic,cancel,6,200,exp,2048,37,12.14011907534909,0.02254558401182294,18,False,0.0,0
syn_K6_m200_s1_cancel,synthetic,cancel,6,200,exp,2048,38,12.14011907534909,0.018241167068481445,14,False,0.0,0
syn_K6_m200_s1_cancel,synthetic,cancel,6,200,exp,2048,39,12.14011907534909,0.01829629112035036,14,False,0.0,0
syn_K6_m200_s1_cancel,synthetic,cancel,6,200,exp,2048,40,12.14011907534909,0.02243391703814268,18,False,0.0,0
syn_K6_m200_s1_cancel,synthetic,cancel,6,200,exp,2048,41,12.14011907534909,0.020463125314563513,16,False,0.0,0
syn_K6_m200_s1_cancel,synthetic,cancel,6,200,exp,2048,42,12.14011907534909,0.021295125130563974,17,False,0.0,0
syn_K6_m200_s1_cancel,synthetic,cancel,6,200,exp,2048,43,12.14011907534909,0.018308499827980995,14,False,0.0,0
syn_K6_m200_s1_cancel,synthetic,cancel,6,200,exp,2048,44,12.14011907534909,0.01823412487283349,14,False,0.0,0
syn_K6_m200_s1_cancel,synthetic,cancel,6,200,exp,2048,45,12.14011907534909,0.01939666736871004,15,False,0.0,0
syn_K6_m200_s1_cancel,synthetic,cancel,6,200,exp,2048,46,12.14011907534909,0.018603999633342028,14,False,0.0,0
syn_K6_m200_s1_cancel,synthetic,cancel,6,200,exp,2048,47,12.14011907534909,0.019905332941561937,15,False,0.0,0
syn_K6_m200_s1_cancel,synthetic,cancel,6,200,exp,2048,48,12.14011907534909,0.018721708096563816,14,False,0.0,0
syn_K6_m200_s1_cancel,synthetic,cancel,6,200,exp,2048,49,12.14011907534909,0.019965124782174826,15,False,0.0,0
syn_K6_m200_s1_cancel,synthetic,cancel,6,200,sobol,128,0,12.14011907534909,0.024593832902610302,21,False,0.0,0
syn_K6_m200_s1_cancel,synthetic,cancel,6,200,sobol,128,1,12.14011907534909,0.028823750093579292,25,False,0.0,0
syn_K6_m200_s1_cancel,synthetic,cancel,6,200,sobol,128,2,12.14011907534909,0.026380666997283697,23,False,0.0,0
syn_K6_m200_s1_cancel,synthetic,cancel,6,200,sobol,128,3,12.14011907534909,0.030602541752159595,26,False,0.0,0
syn_K6_m200_s1_cancel,synthetic,cancel,6,200,sobol,128,4,12.14011907534909,0.025521541014313698,22,False,0.0,0
syn_K6_m200_s1_cancel,synthetic,cancel,6,200,sobol,128,5,12.14011907534909,0.025545042008161545,22,False,0.0,0
syn_K6_m200_s1_cancel,synthetic,cancel,6,200,sobol,128,6,12.14011907534909,0.02468045800924301,21,False,0.0,0
syn_K6_m200_s1_cancel,synthetic,cancel,6,200,sobol,128,7,12.14011907534909,0.023293999955058098,20,False,0.0,0
syn_K6_m200_s1_cancel,synthetic,cancel,6,200,sobol,128,8,12.14011907534909,0.028303499799221754,25,False,0.0,0
syn_K6_m200_s1_cancel,synthetic,cancel,6,200,sobol,128,9,12.14011907534909,0.026848208159208298,23,False,0.0,0
syn_K6_m200_s1_cancel,synthetic,cancel,6,200,sobol,128,10,12.14011907534909,0.025578000117093325,22,False,0.0,0
syn_K6_m200_s1_cancel,synthetic,cancel,6,200,sobol,128,11,12.14011907534909,0.030339333694428205,26,False,0.0,0
syn_K6_m200_s1_cancel,synthetic,cancel,6,200,sobol,128,12,12.14011907534909,0.028808165807276964,25,False,0.0,0
syn_K6_m200_s1_cancel,synthetic,cancel,6,200,sobol,128,13,12.14011907534909,0.025341374799609184,22,False,0.0,0
syn_K6_m200_s1_cancel,synthetic,cancel,6,200,sobol,128,14,12.14011907534909,0.028175333980470896,25,False,0.0,0
syn_K6_m200_s1_cancel,synthetic,cancel,6,200,sobol,128,15,12.14011907534909,0.024670499842613935,21,False,0.0,0
syn_K6_m200_s1_cancel,synthetic,cancel,6,200,sobol,128,16,12.14011907534909,0.026390332728624344,23,False,0.0,0
syn_K6_m200_s1_cancel,synthetic,cancel,6,200,sobol,128,17,12.14011907534909,0.022715958300977945,19,False,0.0,0
syn_K6_m200_s1_cancel,synthetic,cancel,6,200,sobol,128,18,12.14011907534909,0.026604999788105488,22,False,0.0,0
syn_K6_m200_s1_cancel,synthetic,cancel,6,200,sobol,128,19,12.14011907534909,0.028247875161468983,24,False,0.0,0
syn_K6_m200_s1_cancel,synthetic,cancel,6,200,sobol,128,20,12.14011907534909,0.027733749710023403,23,False,0.0,0
syn_K6_m200_s1_cancel,synthetic,cancel,6,200,sobol,128,21,12.14011907534909,0.025919500272721052,22,False,0.0,0
syn_K6_m200_s1_cancel,synthetic,cancel,6,200,sobol,128,22,12.14011907534909,0.031144999898970127,27,False,0.0,0
syn_K6_m200_s1_cancel,synthetic,cancel,6,200,sobol,128,23,12.14011907534909,0.023670166730880737,20,False,0.0,0
syn_K6_m200_s1_cancel,synthetic,cancel,6,200,sobol,128,24,12.14011907534909,0.025350334122776985,21,False,0.0,0
syn_K6_m200_s1_cancel,synthetic,cancel,6,200,sobol,128,25,12.14011907534909,0.024553250055760145,21,False,0.0,0
syn_K6_m200_s1_cancel,synthetic,cancel,6,200,sobol,128,26,12.14011907534909,0.024895249865949154,21,False,0.0,0
syn_K6_m200_s1_cancel,synthetic,cancel,6,200,sobol,128,27,12.14011907534909,0.02699399972334504,23,False,0.0,0
syn_K6_m200_s1_cancel,synthetic,cancel,6,200,sobol,128,28,12.14011907534909,0.02298983419314027,19,False,0.0,0
syn_K6_m200_s1_cancel,synthetic,cancel,6,200,sobol,128,29,12.14011907534909,0.024550375062972307,21,False,0.0,0
syn_K6_m200_s1_cancel,synthetic,cancel,6,200,sobol,128,30,12.14011907534909,0.027361666783690453,24,False,0.0,0
syn_K6_m200_s1_cancel,synthetic,cancel,6,200,sobol,128,31,12.14011907534909,0.024684916716068983,21,False,0.0,0
syn_K6_m200_s1_cancel,synthetic,cancel,6,200,sobol,128,32,12.14011907534909,0.02382458420470357,20,False,0.0,0
syn_K6_m200_s1_cancel,synthetic,cancel,6,200,sobol,128,33,12.14011907534909,0.027955582831054926,24,False,0.0,0
syn_K6_m200_s1_cancel,synthetic,cancel,6,200,sobol,128,34,12.14011907534909,0.028118041343986988,24,False,0.0,0
syn_K6_m200_s1_cancel,synthetic,cancel,6,200,sobol,128,35,12.14011907534909,0.02441058401018381,21,False,0.0,0
syn_K6_m200_s1_cancel,synthetic,cancel,6,200,sobol,128,36,12.14011907534909,0.02613383298739791,22,False,0.0,0
syn_K6_m200_s1_cancel,synthetic,cancel,6,200,sobol,128,37,12.14011907534909,0.028507625218480825,25,False,0.0,0
syn_K6_m200_s1_cancel,synthetic,cancel,6,200,sobol,128,38,12.14011907534909,0.025651500094681978,22,False,0.0,0
syn_K6_m200_s1_cancel,synthetic,cancel,6,200,sobol,128,39,12.14011907534909,0.02295754197984934,19,False,0.0,0
syn_K6_m200_s1_cancel,synthetic,cancel,6,200,sobol,128,40,12.14011907534909,0.02635983284562826,23,False,0.0,0
syn_K6_m200_s1_cancel,synthetic,cancel,6,200,sobol,128,41,12.14011907534909,0.02475441712886095,21,False,0.0,0
syn_K6_m200_s1_cancel,synthetic,cancel,6,200,sobol,128,42,12.14011907534909,0.025953459087759256,22,False,0.0,0
syn_K6_m200_s1_cancel,synthetic,cancel,6,200,sobol,128,43,12.14011907534909,0.022473374847322702,19,False,0.0,0
syn_K6_m200_s1_cancel,synthetic,cancel,6,200,sobol,128,44,12.14011907534909,0.022288832813501358,19,False,0.0,0
syn_K6_m200_s1_cancel,synthetic,cancel,6,200,sobol,128,45,12.14011907534909,0.02597554214298725,22,False,0.0,0
syn_K6_m200_s1_cancel,synthetic,cancel,6,200,sobol,128,46,12.14011907534909,0.026929332874715328,23,False,0.0,0
syn_K6_m200_s1_cancel,synthetic,cancel,6,200,sobol,128,47,12.14011907534909,0.02699575014412403,23,False,0.0,0
syn_K6_m200_s1_cancel,synthetic,cancel,6,200,sobol,128,48,12.14011907534909,0.031176375225186348,27,False,0.0,0
syn_K6_m200_s1_cancel,synthetic,cancel,6,200,sobol,128,49,12.14011907534909,0.027315250132232904,24,False,0.0,0
syn_K6_m200_s1_cancel,synthetic,cancel,6,200,sobol,512,0,12.14011907534909,0.022776583209633827,19,False,0.0,0
syn_K6_m200_s1_cancel,synthetic,cancel,6,200,sobol,512,1,12.14011907534909,0.023296582978218794,19,False,0.0,0
syn_K6_m200_s1_cancel,synthetic,cancel,6,200,sobol,512,2,12.14011907534909,0.022128459066152573,18,False,0.0,0
syn_K6_m200_s1_cancel,synthetic,cancel,6,200,sobol,512,3,12.14011907534909,0.02470745798200369,21,False,0.0,0
syn_K6_m200_s1_cancel,synthetic,cancel,6,200,sobol,512,4,12.14011907534909,0.02414983417838812,20,False,0.0,0
syn_K6_m200_s1_cancel,synthetic,cancel,6,200,sobol,512,5,12.14011907534909,0.024390624836087227,21,False,0.0,0
syn_K6_m200_s1_cancel,synthetic,cancel,6,200,sobol,512,6,12.14011907534909,0.025611250195652246,22,False,0.0,0
syn_K6_m200_s1_cancel,synthetic,cancel,6,200,sobol,512,7,12.14011907534909,0.02160366578027606,18,False,0.0,0
syn_K6_m200_s1_cancel,synthetic,cancel,6,200,sobol,512,8,12.14011907534909,0.022483957931399345,19,False,0.0,0
syn_K6_m200_s1_cancel,synthetic,cancel,6,200,sobol,512,9,12.14011907534909,0.027747875079512596,24,False,0.0,0
syn_K6_m200_s1_cancel,synthetic,cancel,6,200,sobol,512,10,12.14011907534909,0.023727042134851217,20,False,0.0,0
syn_K6_m200_s1_cancel,synthetic,cancel,6,200,sobol,512,11,12.14011907534909,0.01943200035020709,16,False,0.0,0
syn_K6_m200_s1_cancel,synthetic,cancel,6,200,sobol,512,12,12.14011907534909,0.024039665702730417,20,False,0.0,0
syn_K6_m200_s1_cancel,synthetic,cancel,6,200,sobol,512,13,12.14011907534909,0.025725540705025196,22,False,0.0,0
syn_K6_m200_s1_cancel,synthetic,cancel,6,200,sobol,512,14,12.14011907534909,0.023579875007271767,20,False,0.0,0
syn_K6_m200_s1_cancel,synthetic,cancel,6,200,sobol,512,15,12.14011907534909,0.023507332894951105,20,False,0.0,0
syn_K6_m200_s1_cancel,synthetic,cancel,6,200,sobol,512,16,12.14011907534909,0.024720999877899885,21,False,0.0,0
syn_K6_m200_s1_cancel,synthetic,cancel,6,200,sobol,512,17,12.14011907534909,0.026187208015471697,22,False,0.0,0
syn_K6_m200_s1_cancel,synthetic,cancel,6,200,sobol,512,18,12.14011907534909,0.022667957935482264,19,False,0.0,0
syn_K6_m200_s1_cancel,synthetic,cancel,6,200,sobol,512,19,12.14011907534909,0.01959945820271969,16,False,0.0,0
syn_K6_m200_s1_cancel,synthetic,cancel,6,200,sobol,512,20,12.14011907534909,0.017601083032786846,14,False,0.0,0
syn_K6_m200_s1_cancel,synthetic,cancel,6,200,sobol,512,21,12.14011907534909,0.022806708235293627,19,False,0.0,0
syn_K6_m200_s1_cancel,synthetic,cancel,6,200,sobol,512,22,12.14011907534909,0.02130825025960803,18,False,0.0,0
syn_K6_m200_s1_cancel,synthetic,cancel,6,200,sobol,512,23,12.14011907534909,0.02364554163068533,20,False,0.0,0
syn_K6_m200_s1_cancel,synthetic,cancel,6,200,sobol,512,24,12.14011907534909,0.0267578330822289,23,False,0.0,0
syn_K6_m200_s1_cancel,synthetic,cancel,6,200,sobol,512,25,12.14011907534909,0.024064875207841396,20,False,0.0,0
syn_K6_m200_s1_cancel,synthetic,cancel,6,200,sobol,512,26,12.14011907534909,0.026192167308181524,23,False,0.0,0
syn_K6_m200_s1_cancel,synthetic,cancel,6,200,sobol,512,27,12.14011907534909,0.0265241670422256,22,False,0.0,0
syn_K6_m200_s1_cancel,synthetic,cancel,6,200,sobol,512,28,12.14011907534909,0.02087945817038417,17,False,0.0,0
syn_K6_m200_s1_cancel,synthetic,cancel,6,200,sobol,512,29,12.14011907534909,0.022011958062648773,18,False,0.0,0
syn_K6_m200_s1_cancel,synthetic,cancel,6,200,sobol,512,30,12.14011907534909,0.02596845803782344,22,False,0.0,0
syn_K6_m200_s1_cancel,synthetic,cancel,6,200,sobol,512,31,12.14011907534909,0.026034625247120857,22,False,0.0,0
syn_K6_m200_s1_cancel,synthetic,cancel,6,200,sobol,512,32,12.14011907534909,0.02510916581377387,21,False,0.0,0
syn_K6_m200_s1_cancel,synthetic,cancel,6,200,sobol,512,33,12.14011907534909,0.022640457842499018,19,False,0.0,0
syn_K6_m200_s1_cancel,synthetic,cancel,6,200,sobol,512,34,12.14011907534909,0.0175586249679327,14,False,0.0,0
syn_K6_m200_s1_cancel,synthetic,cancel,6,200,sobol,512,35,12.14011907534909,0.025007124990224838,21,False,0.0,0
syn_K6_m200_s1_cancel,synthetic,cancel,6,200,sobol,512,36,12.14011907534909,0.023045792244374752,19,False,0.0,0
syn_K6_m200_s1_cancel,synthetic,cancel,6,200,sobol,512,37,12.14011907534909,0.023328833747655153,19,False,0.0,0
syn_K6_m200_s1_cancel,synthetic,cancel,6,200,sobol,512,38,12.14011907534909,0.01992283295840025,16,False,0.0,0
syn_K6_m200_s1_cancel,synthetic,cancel,6,200,sobol,512,39,12.14011907534909,0.021543750073760748,18,False,0.0,0
syn_K6_m200_s1_cancel,synthetic,cancel,6,200,sobol,512,40,12.14011907534909,0.021589292213320732,18,False,0.0,0
syn_K6_m200_s1_cancel,synthetic,cancel,6,200,sobol,512,41,12.14011907534909,0.02561879064887762,22,False,0.0,0
syn_K6_m200_s1_cancel,synthetic,cancel,6,200,sobol,512,42,12.14011907534909,0.024687166791409254,20,False,0.0,0
syn_K6_m200_s1_cancel,synthetic,cancel,6,200,sobol,512,43,12.14011907534909,0.020899207796901464,17,False,0.0,0
syn_K6_m200_s1_cancel,synthetic,cancel,6,200,sobol,512,44,12.14011907534909,0.026105250231921673,22,False,0.0,0
syn_K6_m200_s1_cancel,synthetic,cancel,6,200,sobol,512,45,12.14011907534909,0.02482279110699892,21,False,0.0,0
syn_K6_m200_s1_cancel,synthetic,cancel,6,200,sobol,512,46,12.14011907534909,0.02281612530350685,19,False,0.0,0
syn_K6_m200_s1_cancel,synthetic,cancel,6,200,sobol,512,47,12.14011907534909,0.020445999689400196,16,False,0.0,0
syn_K6_m200_s1_cancel,synthetic,cancel,6,200,sobol,512,48,12.14011907534909,0.020570958964526653,17,False,0.0,0
syn_K6_m200_s1_cancel,synthetic,cancel,6,200,sobol,512,49,12.14011907534909,0.0227509168908,19,False,0.0,0
syn_K6_m200_s1_cancel,synthetic,cancel,6,200,sobol,2048,0,12.14011907534909,0.02067600004374981,16,False,0.0,0
syn_K6_m200_s1_cancel,synthetic,cancel,6,200,sobol,2048,1,12.14011907534909,0.01930229179561138,15,False,0.0,0
syn_K6_m200_s1_cancel,synthetic,cancel,6,200,sobol,2048,2,12.14011907534909,0.020333209075033665,16,False,0.0,0
syn_K6_m200_s1_cancel,synthetic,cancel,6,200,sobol,2048,3,12.14011907534909,0.01829958287999034,14,False,0.0,0
syn_K6_m200_s1_cancel,synthetic,cancel,6,200,sobol,2048,4,12.14011907534909,0.01862554205581546,14,False,0.0,0
syn_K6_m200_s1_cancel,synthetic,cancel,6,200,sobol,2048,5,12.14011907534909,0.01863854192197323,14,False,0.0,0
syn_K6_m200_s1_cancel,synthetic,cancel,6,200,sobol,2048,6,12.14011907534909,0.021440083160996437,16,False,0.0,0
syn_K6_m200_s1_cancel,synthetic,cancel,6,200,sobol,2048,7,12.14011907534909,0.021247041877359152,16,False,0.0,0
syn_K6_m200_s1_cancel,synthetic,cancel,6,200,sobol,2048,8,12.14011907534909,0.02028358308598399,16,False,0.0,0
syn_K6_m200_s1_cancel,synthetic,cancel,6,200,sobol,2048,9,12.14011907534909,0.018476415891200304,14,False,0.0,0
syn_K6_m200_s1_cancel,synthetic,cancel,6,200,sobol,2048,10,12.14011907534909,0.020494416821748018,16,False,0.0,0
syn_K6_m200_s1_cancel,synthetic,cancel,6,200,sobol,2048,11,12.14011907534909,0.020143375266343355,16,False,0.0,0
syn_K6_m200_s1_cancel,synthetic,cancel,6,200,sobol,2048,12,12.14011907534909,0.02035162504762411,16,False,0.0,0
syn_K6_m200_s1_cancel,synthetic,cancel,6,200,sobol,2048,13,12.14011907534909,0.02035412471741438,16,False,0.0,0
syn_K6_m200_s1_cancel,synthetic,cancel,6,200,sobol,2048,14,12.14011907534909,0.01863958314061165,14,False,0.0,0
syn_K6_m200_s1_cancel,synthetic,cancel,6,200,sobol,2048,15,12.14011907534909,0.020333583001047373,16,False,0.0,0
syn_K6_m200_s1_cancel,synthetic,cancel,6,200,sobol,2048,16,12.14011907534909,0.01916024973616004,15,False,0.0,0
syn_K6_m200_s1_cancel,synthetic,cancel,6,200,sobol,2048,17,12.14011907534909,0.01851987512782216,14,False,0.0,0
syn_K6_m200_s1_cancel,synthetic,cancel,6,200,sobol,2048,18,12.14011907534909,0.01851012511178851,14,False,0.0,0
syn_K6_m200_s1_cancel,synthetic,cancel,6,200,sobol,2048,19,12.14011907534909,0.0199927082285285,16,False,0.0,0
syn_K6_m200_s1_cancel,synthetic,cancel,6,200,sobol,2048,20,12.14011907534909,0.020225499756634235,16,False,0.0,0
syn_K6_m200_s1_cancel,synthetic,cancel,6,200,sobol,2048,21,12.14011907534909,0.023517792113125324,19,False,0.0,0
syn_K6_m200_s1_cancel,synthetic,cancel,6,200,sobol,2048,22,12.14011907534909,0.02066437480971217,16,False,0.0,0
syn_K6_m200_s1_cancel,synthetic,cancel,6,200,sobol,2048,23,12.14011907534909,0.02046845806762576,16,False,0.0,0
syn_K6_m200_s1_cancel,synthetic,cancel,6,200,sobol,2048,24,12.14011907534909,0.020356582943350077,16,False,0.0,0
syn_K6_m200_s1_cancel,synthetic,cancel,6,200,sobol,2048,25,12.14011907534909,0.02018587477505207,16,False,0.0,0
syn_K6_m200_s1_cancel,synthetic,cancel,6,200,sobol,2048,26,12.14011907534909,0.020301750395447016,16,False,0.0,0
syn_K6_m200_s1_cancel,synthetic,cancel,6,200,sobol,2048,27,12.14011907534909,0.020495417062193155,16,False,0.0,0
syn_K6_m200_s1_cancel,synthetic,cancel,6,200,sobol,2048,28,12.14011907534909,0.02191624976694584,18,False,0.0,0
syn_K6_m200_s1_cancel,synthetic,cancel,6,200,sobol,2048,29,12.14011907534909,0.018502875231206417,14,False,0.0,0
syn_K6_m200_s1_cancel,synthetic,cancel,6,200,sobol,2048,30,12.14011907534909,0.019928792025893927,16,False,0.0,0
syn_K6_m200_s1_cancel,synthetic,cancel,6,200,sobol,2048,31,12.14011907534909,0.020476290956139565,16,False,0.0,0
syn_K6_m200_s1_cancel,synthetic,cancel,6,200,sobol,2048,32,12.14011907534909,0.01840587519109249,14,False,0.0,0
syn_K6_m200_s1_cancel,synthetic,cancel,6,200,sobol,2048,33,12.14011907534909,0.020563625264912844,16,False,0.0,0
syn_K6_m200_s1_cancel,synthetic,cancel,6,200,sobol,2048,34,12.14011907534909,0.020619167014956474,16,False,0.0,0
syn_K6_m200_s1_cancel,synthetic,cancel,6,200,sobol,2048,35,12.14011907534909,0.02118129236623645,16,False,0.0,0
syn_K6_m200_s1_cancel,synthetic,cancel,6,200,sobol,2048,36,12.14011907534909,0.019690584391355515,15,False,0.0,0
syn_K6_m200_s1_cancel,synthetic,cancel,6,200,sobol,2048,37,12.14011907534909,0.02335283299908042,18,False,0.0,0
syn_K6_m200_s1_cancel,synthetic,cancel,6,200,sobol,2048,38,12.14011907534909,0.018547208048403263,14,False,0.0,0
syn_K6_m200_s1_cancel,synthetic,cancel,6,200,sobol,2048,39,12.14011907534909,0.018385457806289196,14,False,0.0,0
syn_K6_m200_s1_cancel,synthetic,cancel,6,200,sobol,2048,40,12.14011907534909,0.020146917086094618,15,False,0.0,0
syn_K6_m200_s1_cancel,synthetic,cancel,6,200,sobol,2048,41,12.14011907534909,0.02064350014552474,16,False,0.0,0
syn_K6_m200_s1_cancel,synthetic,cancel,6,200,sobol,2048,42,12.14011907534909,0.019712832756340504,14,False,0.0,0
syn_K6_m200_s1_cancel,synthetic,cancel,6,200,sobol,2048,43,12.14011907534909,0.0204909173771739,16,False,0.0,0
syn_K6_m200_s1_cancel,synthetic,cancel,6,200,sobol,2048,44,12.14011907534909,0.020690250210464,16,False,0.0,0
syn_K6_m200_s1_cancel,synthetic,cancel,6,200,sobol,2048,45,12.14011907534909,0.020580457989126444,16,False,0.0,0
syn_K6_m200_s1_cancel,synthetic,cancel,6,200,sobol,2048,46,12.14011907534909,0.01844212505966425,14,False,0.0,0
syn_K6_m200_s1_cancel,synthetic,cancel,6,200,sobol,2048,47,12.14011907534909,0.019955041352659464,16,False,0.0,0
syn_K6_m200_s1_cancel,synthetic,cancel,6,200,sobol,2048,48,12.14011907534909,0.018343416042625904,14,False,0.0,0
syn_K6_m200_s1_cancel,synthetic,cancel,6,200,sobol,2048,49,12.14011907534909,0.020436624996364117,16,False,0.0,0
syn_K6_m200_s2_gauss,synthetic,gauss,6,200,exp,128,0,28.1380971699654,0.017450666055083275,14,False,0.0,0
syn_K6_m200_s2_gauss,synthetic,gauss,6,200,exp,128,1,28.1380971699654,0.018718124832957983,15,False,0.0,0
syn_K6_m200_s2_gauss,synthetic,gauss,6,200,exp,128,2,28.1380971699654,0.017233584076166153,14,False,0.0,0
syn_K6_m200_s2_gauss,synthetic,gauss,6,200,exp,128,3,28.1380971699654,0.016779666300863028,14,False,0.0,0
syn_K6_m200_s2_gauss,synthetic,gauss,6,200,exp,128,4,28.1380971699654,0.018321458250284195,15,False,0.0,0
syn_K6_m200_s2_gauss,synthetic,gauss,6,200,exp,128,5,28.1380971699654,0.01716420892626047,14,False,0.0,0
syn_K6_m200_s2_gauss,synthetic,gauss,6,200,exp,128,6,28.1380971699654,0.016975417267531157,14,False,0.0,0
syn_K6_m200_s2_gauss,synthetic,gauss,6,200,exp,128,7,28.1380971699654,0.01712374994531274,14,False,0.0,0
syn_K6_m200_s2_gauss,synthetic,gauss,6,200,exp,128,8,28.1380971699654,0.017374125309288502,14,False,0.0,0
syn_K6_m200_s2_gauss,synthetic,gauss,6,200,exp,128,9,28.1380971699654,0.01730883400887251,14,False,0.0,0
syn_K6_m200_s2_gauss,synthetic,gauss,6,200,exp,128,10,28.1380971699654,0.01726412493735552,14,False,0.0,0
syn_K6_m200_s2_gauss,synthetic,gauss,6,200,exp,128,11,28.1380971699654,0.01666845940053463,14,False,0.0,0
syn_K6_m200_s2_gauss,synthetic,gauss,6,200,exp,128,12,28.1380971699654,0.01724983286112547,14,False,0.0,0
syn_K6_m200_s2_gauss,synthetic,gauss,6,200,exp,128,13,28.1380971699654,0.01943154213950038,16,False,0.0,0
syn_K6_m200_s2_gauss,synthetic,gauss,6,200,exp,128,14,28.1380971699654,0.01724566612392664,14,False,0.0,0
syn_K6_m200_s2_gauss,synthetic,gauss,6,200,exp,128,15,28.1380971699654,0.016856624744832516,14,False,0.0,0
syn_K6_m200_s2_gauss,synthetic,gauss,6,200,exp,128,16,28.1380971699654,0.017217790707945824,14,False,0.0,0
syn_K6_m200_s2_gauss,synthetic,gauss,6,200,exp,128,17,28.1380971699654,0.0172582920640707,14,False,0.0,0
syn_K6_m200_s2_gauss,synthetic,gauss,6,200,exp,128,18,28.1380971699654,0.016818542033433914,14,False,0.0,0
syn_K6_m200_s2_gauss,synthetic,gauss,6,200,exp,128,19,28.1380971699654,0.0173336248844862,14,False,0.0,0
syn_K6_m200_s2_gauss,synthetic,gauss,6,200,exp,128,20,28.1380971699654,0.016904250252991915,14,False,0.0,0
syn_K6_m200_s2_gauss,synthetic,gauss,6,200,exp,128,21,28.1380971699654,0.01685549970716238,14,False,0.0,0
syn_K6_m200_s2_gauss,synthetic,gauss,6,200,exp,128,22,28.1380971699654,0.01694079115986824,14,False,0.0,0
syn_K6_m200_s2_gauss,synthetic,gauss,6,200,exp,128,23,28.1380971699654,0.016720541287213564,14,False,0.0,0
syn_K6_m200_s2_gauss,synthetic,gauss,6,200,exp,128,24,28.1380971699654,0.0169967501424253,14,False,0.0,0
syn_K6_m200_s2_gauss,synthetic,gauss,6,200,exp,128,25,28.1380971699654,0.017115916591137648,14,False,0.0,0
syn_K6_m200_s2_gauss,synthetic,gauss,6,200,exp,128,26,28.1380971699654,0.016675083432346582,14,False,0.0,0
syn_K6_m200_s2_gauss,synthetic,gauss,6,200,exp,128,27,28.1380971699654,0.01701395772397518,14,False,0.0,0
syn_K6_m200_s2_gauss,synthetic,gauss,6,200,exp,128,28,28.1380971699654,0.017173375003039837,14,False,0.0,0
syn_K6_m200_s2_gauss,synthetic,gauss,6,200,exp,128,29,28.1380971699654,0.017087792046368122,14,False,0.0,0
syn_K6_m200_s2_gauss,synthetic,gauss,6,200,exp,128,30,28.1380971699654,0.017169459257274866,14,False,0.0,0
syn_K6_m200_s2_gauss,synthetic,gauss,6,200,exp,128,31,28.1380971699654,0.01724837487563491,14,False,0.0,0
syn_K6_m200_s2_gauss,synthetic,gauss,6,200,exp,128,32,28.1380971699654,0.016796583775430918,14,False,0.0,0
syn_K6_m200_s2_gauss,synthetic,gauss,6,200,exp,128,33,28.1380971699654,0.01770091662183404,14,False,0.0,0
syn_K6_m200_s2_gauss,synthetic,gauss,6,200,exp,128,34,28.1380971699654,0.01718883402645588,14,False,0.0,0
syn_K6_m200_s2_gauss,synthetic,gauss,6,200,exp,128,35,28.1380971699654,0.018583042081445456,15,False,0.0,0
syn_K6_m200_s2_gauss,synthetic,gauss,6,200,exp,128,36,28.1380971699654,0.018516541924327612,15,False,0.0,0
syn_K6_m200_s2_gauss,synthetic,gauss,6,200,exp,128,37,28.1380971699654,0.017396667040884495,14,False,0.0,0
syn_K6_m200_s2_gauss,synthetic,gauss,6,200,exp,128,38,28.1380971699654,0.017095958348363638,14,False,0.0,0
syn_K6_m200_s2_gauss,synthetic,gauss,6,200,exp,128,39,28.1380971699654,0.016788375098258257,14,False,0.0,0
syn_K6_m200_s2_gauss,synthetic,gauss,6,200,exp,128,40,28.1380971699654,0.016649459023028612,14,False,0.0,0
syn_K6_m200_s2_gauss,synthetic,gauss,6,200,exp,128,41,28.1380971699654,0.017217583023011684,14,False,0.0,0
syn_K6_m200_s2_gauss,synthetic,gauss,6,200,exp,128,42,28.1380971699654,0.017208333127200603,14,False,0.0,0
syn_K6_m200_s2_gauss,synthetic,gauss,6,200,exp,128,43,28.1380971699654,0.01698933308944106,14,False,0.0,0
syn_K6_m200_s2_gauss,synthetic,gauss,6,200,exp,128,44,28.1380971699654,0.01825558301061392,15,False,0.0,0
syn_K6_m200_s2_gauss,synthetic,gauss,6,200,exp,128,45,28.1380971699654,0.018863874953240156,16,False,0.0,0
syn_K6_m200_s2_gauss,synthetic,gauss,6,200,exp,128,46,28.1380971699654,0.01832829089835286,15,False,0.0,0
syn_K6_m200_s2_gauss,synthetic,gauss,6,200,exp,128,47,28.1380971699654,0.017278666142374277,14,False,0.0,0
syn_K6_m200_s2_gauss,synthetic,gauss,6,200,exp,128,48,28.1380971699654,0.017734792083501816,14,False,0.0,0
syn_K6_m200_s2_gauss,synthetic,gauss,6,200,exp,128,49,28.1380971699654,0.017269167117774487,14,False,0.0,0
syn_K6_m200_s2_gauss,synthetic,gauss,6,200,exp,512,0,28.1380971699654,0.01687429193407297,14,False,0.0,0
syn_K6_m200_s2_gauss,synthetic,gauss,6,200,exp,512,1,28.1380971699654,0.01756216725334525,14,False,0.0,0
syn_K6_m200_s2_gauss,synthetic,gauss,6,200,exp,512,2,28.1380971699654,0.017151250038295984,14,False,0.0,0
syn_K6_m200_s2_gauss,synthetic,gauss,6,200,exp,512,3,28.1380971699654,0.017066416796296835,14,False,0.0,0
syn_K6_m200_s2_gauss,synthetic,gauss,6,200,exp,512,4,28.1380971699654,0.01703462516888976,14,False,0.0,0
syn_K6_m200_s2_gauss,synthetic,gauss,6,200,exp,512,5,28.1380971699654,0.017254958394914865,14,False,0.0,0
syn_K6_m200_s2_gauss,synthetic,gauss,6,200,exp,512,6,28.1380971699654,0.017681041732430458,14,False,0.0,0
syn_K6_m200_s2_gauss,synthetic,gauss,6,200,exp,512,7,28.1380971699654,0.016867125406861305,14,False,0.0,0
syn_K6_m200_s2_gauss,synthetic,gauss,6,200,exp,512,8,28.1380971699654,0.01698483293876052,14,False,0.0,0
syn_K6_m200_s2_gauss,synthetic,gauss,6,200,exp,512,9,28.1380971699654,0.01712745800614357,14,False,0.0,0
syn_K6_m200_s2_gauss,synthetic,gauss,6,200,exp,512,10,28.1380971699654,0.01699270773679018,14,False,0.0,0
syn_K6_m200_s2_gauss,synthetic,gauss,6,200,exp,512,11,28.1380971699654,0.017543416935950518,14,False,0.0,0
syn_K6_m200_s2_gauss,synthetic,gauss,6,200,exp,512,12,28.1380971699654,0.01692262478172779,14,False,0.0,0
syn_K6_m200_s2_gauss,synthetic,gauss,6,200,exp,512,13,28.1380971699654,0.017454084008932114,14,False,0.0,0
syn_K6_m200_s2_gauss,synthetic,gauss,6,200,exp,512,14,28.1380971699654,0.017315542325377464,14,False,0.0,0
syn_K6_m200_s2_gauss,synthetic,gauss,6,200,exp,512,15,28.1380971699654,0.017352291848510504,14,False,0.0,0
syn_K6_m200_s2_gauss,synthetic,gauss,6,200,exp,512,16,28.1380971699654,0.01750529231503606,14,False,0.0,0
syn_K6_m200_s2_gauss,synthetic,gauss,6,200,exp,512,17,28.1380971699654,0.0170223331078887,14,False,0.0,0
syn_K6_m200_s2_gauss,synthetic,gauss,6,200,exp,512,18,28.1380971699654,0.01707454165443778,14,False,0.0,0
syn_K6_m200_s2_gauss,synthetic,gauss,6,200,exp,512,19,28.1380971699654,0.017051542177796364,14,False,0.0,0
syn_K6_m200_s2_gauss,synthetic,gauss,6,200,exp,512,20,28.1380971699654,0.01723850006237626,14,False,0.0,0
syn_K6_m200_s2_gauss,synthetic,gauss,6,200,exp,512,21,28.1380971699654,0.01709537487477064,14,False,0.0,0
syn_K6_m200_s2_gauss,synthetic,gauss,6,200,exp,512,22,28.1380971699654,0.01738045923411846,14,False,0.0,0
syn_K6_m200_s2_gauss,synthetic,gauss,6,200,exp,512,23,28.1380971699654,0.017532833386212587,14,False,0.0,0
syn_K6_m200_s2_gauss,synthetic,gauss,6,200,exp,512,24,28.1380971699654,0.017384916078299284,14,False,0.0,0
syn_K6_m200_s2_gauss,synthetic,gauss,6,200,exp,512,25,28.1380971699654,0.017206666991114616,14,False,0.0,0
syn_K6_m200_s2_gauss,synthetic,gauss,6,200,exp,512,26,28.1380971699654,0.01685449993237853,14,False,0.0,0
syn_K6_m200_s2_gauss,synthetic,gauss,6,200,exp,512,27,28.1380971699654,0.016805458813905716,14,False,0.0,0
syn_K6_m200_s2_gauss,synthetic,gauss,6,200,exp,512,28,28.1380971699654,0.017433166969567537,14,False,0.0,0
syn_K6_m200_s2_gauss,synthetic,gauss,6,200,exp,512,29,28.1380971699654,0.016747333109378815,14,False,0.0,0
syn_K6_m200_s2_gauss,synthetic,gauss,6,200,exp,512,30,28.1380971699654,0.016931249760091305,14,False,0.0,0
syn_K6_m200_s2_gauss,synthetic,gauss,6,200,exp,512,31,28.1380971699654,0.01733970921486616,14,False,0.0,0
syn_K6_m200_s2_gauss,synthetic,gauss,6,200,exp,512,32,28.1380971699654,0.017271291930228472,14,False,0.0,0
syn_K6_m200_s2_gauss,synthetic,gauss,6,200,exp,512,33,28.1380971699654,0.01695537520572543,14,False,0.0,0
syn_K6_m200_s2_gauss,synthetic,gauss,6,200,exp,512,34,28.1380971699654,0.018193999771028757,15,False,0.0,0
syn_K6_m200_s2_gauss,synthetic,gauss,6,200,exp,512,35,28.1380971699654,0.016684541944414377,14,False,0.0,0
syn_K6_m200_s2_gauss,synthetic,gauss,6,200,exp,512,36,28.1380971699654,0.017179457936435938,14,False,0.0,0
syn_K6_m200_s2_gauss,synthetic,gauss,6,200,exp,512,37,28.1380971699654,0.016708041075617075,14,False,0.0,0
syn_K6_m200_s2_gauss,synthetic,gauss,6,200,exp,512,38,28.1380971699654,0.017487958073616028,14,False,0.0,0
syn_K6_m200_s2_gauss,synthetic,gauss,6,200,exp,512,39,28.1380971699654,0.017403459176421165,14,False,0.0,0
syn_K6_m200_s2_gauss,synthetic,gauss,6,200,exp,512,40,28.1380971699654,0.016830584034323692,14,False,0.0,0
syn_K6_m200_s2_gauss,synthetic,gauss,6,200,exp,512,41,28.1380971699654,0.017373041715472937,14,False,0.0,0
syn_K6_m200_s2_gauss,synthetic,gauss,6,200,exp,512,42,28.1380971699654,0.017037541139870882,14,False,0.0,0
syn_K6_m200_s2_gauss,synthetic,gauss,6,200,exp,512,43,28.1380971699654,0.01739916717633605,14,False,0.0,0
syn_K6_m200_s2_gauss,synthetic,gauss,6,200,exp,512,44,28.1380971699654,0.017210917081683874,14,False,0.0,0
syn_K6_m200_s2_gauss,synthetic,gauss,6,200,exp,512,45,28.1380971699654,0.017419666051864624,14,False,0.0,0
syn_K6_m200_s2_gauss,synthetic,gauss,6,200,exp,512,46,28.1380971699654,0.018153958022594452,14,False,0.0,0
syn_K6_m200_s2_gauss,synthetic,gauss,6,200,exp,512,47,28.1380971699654,0.017394874710589647,14,False,0.0,0
syn_K6_m200_s2_gauss,synthetic,gauss,6,200,exp,512,48,28.1380971699654,0.016390583012253046,14,False,0.0,0
syn_K6_m200_s2_gauss,synthetic,gauss,6,200,exp,512,49,28.1380971699654,0.016812124755233526,14,False,0.0,0
syn_K6_m200_s2_gauss,synthetic,gauss,6,200,exp,2048,0,28.1380971699654,0.017741292249411345,14,False,0.0,0
syn_K6_m200_s2_gauss,synthetic,gauss,6,200,exp,2048,1,28.1380971699654,0.017162375152111053,14,False,0.0,0
syn_K6_m200_s2_gauss,synthetic,gauss,6,200,exp,2048,2,28.1380971699654,0.01728066708892584,14,False,0.0,0
syn_K6_m200_s2_gauss,synthetic,gauss,6,200,exp,2048,3,28.1380971699654,0.017374790739268064,14,False,0.0,0
syn_K6_m200_s2_gauss,synthetic,gauss,6,200,exp,2048,4,28.1380971699654,0.017563417088240385,14,False,0.0,0
syn_K6_m200_s2_gauss,synthetic,gauss,6,200,exp,2048,5,28.1380971699654,0.01730329217389226,14,False,0.0,0
syn_K6_m200_s2_gauss,synthetic,gauss,6,200,exp,2048,6,28.1380971699654,0.01737245824187994,14,False,0.0,0
syn_K6_m200_s2_gauss,synthetic,gauss,6,200,exp,2048,7,28.1380971699654,0.017366791609674692,14,False,0.0,0
syn_K6_m200_s2_gauss,synthetic,gauss,6,200,exp,2048,8,28.1380971699654,0.01745408307760954,14,False,0.0,0
syn_K6_m200_s2_gauss,synthetic,gauss,6,200,exp,2048,9,28.1380971699654,0.017567708157002926,14,False,0.0,0
syn_K6_m200_s2_gauss,synthetic,gauss,6,200,exp,2048,10,28.1380971699654,0.017632958944886923,14,False,0.0,0
syn_K6_m200_s2_gauss,synthetic,gauss,6,200,exp,2048,11,28.1380971699654,0.01722787506878376,14,False,0.0,0
syn_K6_m200_s2_gauss,synthetic,gauss,6,200,exp,2048,12,28.1380971699654,0.017577957827597857,14,False,0.0,0
syn_K6_m200_s2_gauss,synthetic,gauss,6,200,exp,2048,13,28.1380971699654,0.017393041867762804,14,False,0.0,0
syn_K6_m200_s2_gauss,synthetic,gauss,6,200,exp,2048,14,28.1380971699654,0.01756929187104106,14,False,0.0,0
syn_K6_m200_s2_gauss,synthetic,gauss,6,200,exp,2048,15,28.1380971699654,0.01766504207625985,14,False,0.0,0
syn_K6_m200_s2_gauss,synthetic,gauss,6,200,exp,2048,16,28.1380971699654,0.017464458011090755,14,False,0.0,0
syn_K6_m200_s2_gauss,synthetic,gauss,6,200,exp,2048,17,28.1380971699654,0.017505083698779345,14,False,0.0,0
syn_K6_m200_s2_gauss,synthetic,gauss,6,200,exp,2048,18,28.1380971699654,0.017238459084182978,14,False,0.0,0
syn_K6_m200_s2_gauss,synthetic,gauss,6,200,exp,2048,19,28.1380971699654,0.017058582976460457,14,False,0.0,0
syn_K6_m200_s2_gauss,synthetic,gauss,6,200,exp,2048,20,28.1380971699654,0.017723874654620886,14,False,0.0,0
syn_K6_m200_s2_gauss,synthetic,gauss,6,200,exp,2048,21,28.1380971699654,0.0174196669831872,14,False,0.0,0
syn_K6_m200_s2_gauss,synthetic,gauss,6,200,exp,2048,22,28.1380971699654,0.017245584167540073,14,False,0.0,0
syn_K6_m200_s2_gauss,synthetic,gauss,6,200,exp,2048,23,28.1380971699654,0.017620209138840437,14,False,0.0,0
syn_K6_m200_s2_gauss,synthetic,gauss,6,200,exp,2048,24,28.1380971699654,0.01740537490695715,14,False,0.0,0
syn_K6_m200_s2_gauss,synthetic,gauss,6,200,exp,2048,25,28.1380971699654,0.017707749735563993,14,False,0.0,0
syn_K6_m200_s2_gauss,synthetic,gauss,6,200,exp,2048,26,28.1380971699654,0.01741787465289235,14,False,0.0,0
syn_K6_m200_s2_gauss,synthetic,gauss,6,200,exp,2048,27,28.1380971699654,0.017300750128924847,14,False,0.0,0
syn_K6_m200_s2_gauss,synthetic,gauss,6,200,exp,2048,28,28.1380971699654,0.01751699997112155,14,False,0.0,0
syn_K6_m200_s2_gauss,synthetic,gauss,6,200,exp,2048,29,28.1380971699654,0.01775416685268283,14,False,0.0,0
syn_K6_m200_s2_gauss,synthetic,gauss,6,200,exp,2048,30,28.1380971699654,0.017167082987725735,14,False,0.0,0
syn_K6_m200_s2_gauss,synthetic,gauss,6,200,exp,2048,31,28.1380971699654,0.01738145900890231,14,False,0.0,0
syn_K6_m200_s2_gauss,synthetic,gauss,6,200,exp,2048,32,28.1380971699654,0.01734479097649455,14,False,0.0,0
syn_K6_m200_s2_gauss,synthetic,gauss,6,200,exp,2048,33,28.1380971699654,0.01721224980428815,14,False,0.0,0
syn_K6_m200_s2_gauss,synthetic,gauss,6,200,exp,2048,34,28.1380971699654,0.01701750000938773,14,False,0.0,0
syn_K6_m200_s2_gauss,synthetic,gauss,6,200,exp,2048,35,28.1380971699654,0.017212416976690292,14,False,0.0,0
syn_K6_m200_s2_gauss,synthetic,gauss,6,200,exp,2048,36,28.1380971699654,0.01746316719800234,14,False,0.0,0
syn_K6_m200_s2_gauss,synthetic,gauss,6,200,exp,2048,37,28.1380971699654,0.0172794577665627,14,False,0.0,0
syn_K6_m200_s2_gauss,synthetic,gauss,6,200,exp,2048,38,28.1380971699654,0.017458791844546795,14,False,0.0,0
syn_K6_m200_s2_gauss,synthetic,gauss,6,200,exp,2048,39,28.1380971699654,0.017618708312511444,14,False,0.0,0
syn_K6_m200_s2_gauss,synthetic,gauss,6,200,exp,2048,40,28.1380971699654,0.01704891724511981,14,False,0.0,0
syn_K6_m200_s2_gauss,synthetic,gauss,6,200,exp,2048,41,28.1380971699654,0.017650332767516375,14,False,0.0,0
syn_K6_m200_s2_gauss,synthetic,gauss,6,200,exp,2048,42,28.1380971699654,0.017545540817081928,14,False,0.0,0
syn_K6_m200_s2_gauss,synthetic,gauss,6,200,exp,2048,43,28.1380971699654,0.017571374773979187,14,False,0.0,0
syn_K6_m200_s2_gauss,synthetic,gauss,6,200,exp,2048,44,28.1380971699654,0.017335332930088043,14,False,0.0,0
syn_K6_m200_s2_gauss,synthetic,gauss,6,200,exp,2048,45,28.1380971699654,0.017377167008817196,14,False,0.0,0
syn_K6_m200_s2_gauss,synthetic,gauss,6,200,exp,2048,46,28.1380971699654,0.01732716616243124,14,False,0.0,0
syn_K6_m200_s2_gauss,synthetic,gauss,6,200,exp,2048,47,28.1380971699654,0.017646791879087687,14,False,0.0,0
syn_K6_m200_s2_gauss,synthetic,gauss,6,200,exp,2048,48,28.1380971699654,0.01737929182127118,14,False,0.0,0
syn_K6_m200_s2_gauss,synthetic,gauss,6,200,exp,2048,49,28.1380971699654,0.017672874964773655,14,False,0.0,0
syn_K6_m200_s2_gauss,synthetic,gauss,6,200,sobol,128,0,28.1380971699654,0.017007915768772364,14,False,0.0,0
syn_K6_m200_s2_gauss,synthetic,gauss,6,200,sobol,128,1,28.1380971699654,0.018152249976992607,15,False,0.0,0
syn_K6_m200_s2_gauss,synthetic,gauss,6,200,sobol,128,2,28.1380971699654,0.017199166119098663,14,False,0.0,0
syn_K6_m200_s2_gauss,synthetic,gauss,6,200,sobol,128,3,28.1380971699654,0.016880250070244074,14,False,0.0,0
syn_K6_m200_s2_gauss,synthetic,gauss,6,200,sobol,128,4,28.1380971699654,0.017039083875715733,14,False,0.0,0
syn_K6_m200_s2_gauss,synthetic,gauss,6,200,sobol,128,5,28.1380971699654,0.01705470820888877,14,False,0.0,0
syn_K6_m200_s2_gauss,synthetic,gauss,6,200,sobol,128,6,28.1380971699654,0.01685883430764079,14,False,0.0,0
syn_K6_m200_s2_gauss,synthetic,gauss,6,200,sobol,128,7,28.1380971699654,0.01671041687950492,14,False,0.0,0
syn_K6_m200_s2_gauss,synthetic,gauss,6,200,sobol,128,8,28.1380971699654,0.016795500181615353,14,False,0.0,0
syn_K6_m200_s2_gauss,synthetic,gauss,6,200,sobol,128,9,28.1380971699654,0.01837904192507267,15,False,0.0,0
syn_K6_m200_s2_gauss,synthetic,gauss,6,200,sobol,128,10,28.1380971699654,0.017487458419054747,14,False,0.0,0
syn_K6_m200_s2_gauss,synthetic,gauss,6,200,sobol,128,11,28.1380971699654,0.017356582917273045,14,False,0.0,0
syn_K6_m200_s2_gauss,synthetic,gauss,6,200,sobol,128,12,28.1380971699654,0.017329083289951086,14,False,0.0,0
syn_K6_m200_s2_gauss,synthetic,gauss,6,200,sobol,128,13,28.1380971699654,0.017483083065599203,14,False,0.0,0
syn_K6_m200_s2_gauss,synthetic,gauss,6,200,sobol,128,14,28.1380971699654,0.017087541986256838,14,False,0.0,0
syn_K6_m200_s2_gauss,synthetic,gauss,6,200,sobol,128,15,28.1380971699654,0.017272999975830317,14,False,0.0,0
syn_K6_m200_s2_gauss,synthetic,gauss,6,200,sobol,128,16,28.1380971699654,0.017959333024919033,14,False,0.0,0
syn_K6_m200_s2_gauss,synthetic,gauss,6,200,sobol,128,17,28.1380971699654,0.017626625020056963,14,False,0.0,0
syn_K6_m200_s2_gauss,synthetic,gauss,6,200,sobol,128,18,28.1380971699654,0.017271624878048897,14,False,0.0,0
syn_K6_m200_s2_gauss,synthetic,gauss,6,200,sobol,128,19,28.1380971699654,0.01732849981635809,14,False,0.0,0
syn_K6_m200_s2_gauss,synthetic,gauss,6,200,sobol,128,20,28.1380971699654,0.017313959077000618,14,False,0.0,0
syn_K6_m200_s2_gauss,synthetic,gauss,6,200,sobol,128,21,28.1380971699654,0.017157666850835085,14,False,0.0,0
syn_K6_m200_s2_gauss,synthetic,gauss,6,200,sobol,128,22,28.1380971699654,0.01752312481403351,14,False,0.0,0
syn_K6_m200_s2_gauss,synthetic,gauss,6,200,sobol,128,23,28.1380971699654,0.019289084244519472,16,False,0.0,0
syn_K6_m200_s2_gauss,synthetic,gauss,6,200,sobol,128,24,28.1380971699654,0.01658016722649336,14,False,0.0,0
syn_K6_m200_s2_gauss,synthetic,gauss,6,200,sobol,128,25,28.1380971699654,0.017235582694411278,14,False,0.0,0
syn_K6_m200_s2_gauss,synthetic,gauss,6,200,sobol,128,26,28.1380971699654,0.01682645920664072,14,False,0.0,0
syn_K6_m200_s2_gauss,synthetic,gauss,6,200,sobol,128,27,28.1380971699654,0.0185157498344779,15,False,0.0,0
syn_K6_m200_s2_gauss,synthetic,gauss,6,200,sobol,128,28,28.1380971699654,0.017051124945282936,14,False,0.0,0
syn_K6_m200_s2_gauss,synthetic,gauss,6,200,sobol,128,29,28.1380971699654,0.01734229177236557,14,False,0.0,0
syn_K6_m200_s2_gauss,synthetic,gauss,6,200,sobol,128,30,28.1380971699654,0.018005541060119867,14,False,0.0,0
syn_K6_m200_s2_gauss,synthetic,gauss,6,200,sobol,128,31,28.1380971699654,0.01703354110941291,14,False,0.0,0
syn_K6_m200_s2_gauss,synthetic,gauss,6,200,sobol,128,32,28.1380971699654,0.016724500339478254,14,False,0.0,0
syn_K6_m200_s2_gauss,synthetic,gauss,6,200,sobol,128,33,28.1380971699654,0.017390833236277103,14,False,0.0,0
syn_K6_m200_s2_gauss,synthetic,gauss,6,200,sobol,128,34,28.1380971699654,0.016860708128660917,14,False,0.0,0
syn_K6_m200_s2_gauss,synthetic,gauss,6,200,sobol,128,35,28.1380971699654,0.016952000092715025,14,False,0.0,0
syn_K6_m200_s2_gauss,synthetic,gauss,6,200,sobol,128,36,28.1380971699654,0.016987041104584932,14,False,0.0,0
syn_K6_m200_s2_gauss,synthetic,gauss,6,200,sobol,128,37,28.1380971699654,0.01689899992197752,14,False,0.0,0
syn_K6_m200_s2_gauss,synthetic,gauss,6,200,sobol,128,38,28.1380971699654,0.01699216663837433,14,False,0.0,0
syn_K6_m200_s2_gauss,synthetic,gauss,6,200,sobol,128,39,28.1380971699654,0.01713800011202693,14,False,0.0,0
syn_K6_m200_s2_gauss,synthetic,gauss,6,200,sobol,128,40,28.1380971699654,0.016835083719342947,14,False,0.0,0
syn_K6_m200_s2_gauss,synthetic,gauss,6,200,sobol,128,41,28.1380971699654,0.0192221668548882,16,False,0.0,0
syn_K6_m200_s2_gauss,synthetic,gauss,6,200,sobol,128,42,28.1380971699654,0.01717599993571639,14,False,0.0,0
syn_K6_m200_s2_gauss,synthetic,gauss,6,200,sobol,128,43,28.1380971699654,0.016928832978010178,14,False,0.0,0
syn_K6_m200_s2_gauss,synthetic,gauss,6,200,sobol,128,44,28.1380971699654,0.01681433292105794,14,False,0.0,0
syn_K6_m200_s2_gauss,synthetic,gauss,6,200,sobol,128,45,28.1380971699654,0.016832124907523394,14,False,0.0,0
syn_K6_m200_s2_gauss,synthetic,gauss,6,200,sobol,128,46,28.1380971699654,0.01707437541335821,14,False,0.0,0
syn_K6_m200_s2_gauss,synthetic,gauss,6,200,sobol,128,47,28.1380971699654,0.017002500128000975,14,False,0.0,0
syn_K6_m200_s2_gauss,synthetic,gauss,6,200,sobol,128,48,28.1380971699654,0.016960165929049253,14,False,0.0,0
syn_K6_m200_s2_gauss,synthetic,gauss,6,200,sobol,128,49,28.1380971699654,0.01750391675159335,14,False,0.0,0
syn_K6_m200_s2_gauss,synthetic,gauss,6,200,sobol,512,0,28.1380971699654,0.017420500051230192,14,False,0.0,0
syn_K6_m200_s2_gauss,synthetic,gauss,6,200,sobol,512,1,28.1380971699654,0.01694741565734148,14,False,0.0,0
syn_K6_m200_s2_gauss,synthetic,gauss,6,200,sobol,512,2,28.1380971699654,0.017501166090369225,14,False,0.0,0
syn_K6_m200_s2_gauss,synthetic,gauss,6,200,sobol,512,3,28.1380971699654,0.017138417344540358,14,False,0.0,0
syn_K6_m200_s2_gauss,synthetic,gauss,6,200,sobol,512,4,28.1380971699654,0.016800708137452602,14,False,0.0,0
syn_K6_m200_s2_gauss,synthetic,gauss,6,200,sobol,512,5,28.1380971699654,0.017101666890084743,14,False,0.0,0
syn_K6_m200_s2_gauss,synthetic,gauss,6,200,sobol,512,6,28.1380971699654,0.017247958108782768,14,False,0.0,0
syn_K6_m200_s2_gauss,synthetic,gauss,6,200,sobol,512,7,28.1380971699654,0.016985457856208086,14,False,0.0,0
syn_K6_m200_s2_gauss,synthetic,gauss,6,200,sobol,512,8,28.1380971699654,0.01725954096764326,14,False,0.0,0
syn_K6_m200_s2_gauss,synthetic,gauss,6,200,sobol,512,9,28.1380971699654,0.017216332722455263,14,False,0.0,0
syn_K6_m200_s2_gauss,synthetic,gauss,6,200,sobol,512,10,28.1380971699654,0.0174238751642406,14,False,0.0,0
syn_K6_m200_s2_gauss,synthetic,gauss,6,200,sobol,512,11,28.1380971699654,0.018382917158305645,14,False,0.0,0
syn_K6_m200_s2_gauss,synthetic,gauss,6,200,sobol,512,12,28.1380971699654,0.017420249991118908,14,False,0.0,0
syn_K6_m200_s2_gauss,synthetic,gauss,6,200,sobol,512,13,28.1380971699654,0.01698416704311967,14,False,0.0,0
syn_K6_m200_s2_gauss,synthetic,gauss,6,200,sobol,512,14,28.1380971699654,0.01722866576164961,14,False,0.0,0
syn_K6_m200_s2_gauss,synthetic,gauss,6,200,sobol,512,15,28.1380971699654,0.017387500032782555,14,False,0.0,0
syn_K6_m200_s2_gauss,synthetic,gauss,6,200,sobol,512,16,28.1380971699654,0.016974458005279303,14,False,0.0,0
syn_K6_m200_s2_gauss,synthetic,gauss,6,200,sobol,512,17,28.1380971699654,0.017854624893516302,14,False,0.0,0
syn_K6_m200_s2_gauss,synthetic,gauss,6,200,sobol,512,18,28.1380971699654,0.017848083283752203,14,False,0.0,0
syn_K6_m200_s2_gauss,synthetic,gauss,6,200,sobol,512,19,28.1380971699654,0.017632416915148497,14,False,0.0,0
syn_K6_m200_s2_gauss,synthetic,gauss,6,200,sobol,512,20,28.1380971699654,0.01769433356821537,14,False,0.0,0
syn_K6_m200_s2_gauss,synthetic,gauss,6,200,sobol,512,21,28.1380971699654,0.01770400023087859,14,False,0.0,0
syn_K6_m200_s2_gauss,synthetic,gauss,6,200,sobol,512,22,28.1380971699654,0.017405875027179718,14,False,0.0,0
syn_K6_m200_s2_gauss,synthetic,gauss,6,200,sobol,512,23,28.1380971699654,0.017597666010260582,14,False,0.0,0
syn_K6_m200_s2_gauss,synthetic,gauss,6,200,sobol,512,24,28.1380971699654,0.0171616249717772,14,False,0.0,0
syn_K6_m200_s2_gauss,synthetic,gauss,6,200,sobol,512,25,28.1380971699654,0.017063042148947716,14,False,0.0,0
syn_K6_m200_s2_gauss,synthetic,gauss,6,200,sobol,512,26,28.1380971699654,0.01700099976733327,14,False,0.0,0
syn_K6_m200_s2_gauss,synthetic,gauss,6,200,sobol,512,27,28.1380971699654,0.016923374962061644,14,False,0.0,0
syn_K6_m200_s2_gauss,synthetic,gauss,6,200,sobol,512,28,28.1380971699654,0.017745791003108025,14,False,0.0,0
syn_K6_m200_s2_gauss,synthetic,gauss,6,200,sobol,512,29,28.1380971699654,0.017701124772429466,14,False,0.0,0
syn_K6_m200_s2_gauss,synthetic,gauss,6,200,sobol,512,30,28.1380971699654,0.017263082787394524,14,False,0.0,0
syn_K6_m200_s2_gauss,synthetic,gauss,6,200,sobol,512,31,28.1380971699654,0.01730937510728836,14,False,0.0,0
syn_K6_m200_s2_gauss,synthetic,gauss,6,200,sobol,512,32,28.1380971699654,0.01747783413156867,14,False,0.0,0
syn_K6_m200_s2_gauss,synthetic,gauss,6,200,sobol,512,33,28.1380971699654,0.017302667256444693,14,False,0.0,0
syn_K6_m200_s2_gauss,synthetic,gauss,6,200,sobol,512,34,28.1380971699654,0.017315915785729885,14,False,0.0,0
syn_K6_m200_s2_gauss,synthetic,gauss,6,200,sobol,512,35,28.1380971699654,0.01747666671872139,14,False,0.0,0
syn_K6_m200_s2_gauss,synthetic,gauss,6,200,sobol,512,36,28.1380971699654,0.017393124755471945,14,False,0.0,0
syn_K6_m200_s2_gauss,synthetic,gauss,6,200,sobol,512,37,28.1380971699654,0.01803804188966751,14,False,0.0,0
syn_K6_m200_s2_gauss,synthetic,gauss,6,200,sobol,512,38,28.1380971699654,0.017214042134582996,14,False,0.0,0
syn_K6_m200_s2_gauss,synthetic,gauss,6,200,sobol,512,39,28.1380971699654,0.01733370777219534,14,False,0.0,0
syn_K6_m200_s2_gauss,synthetic,gauss,6,200,sobol,512,40,28.1380971699654,0.017250666860491037,14,False,0.0,0
syn_K6_m200_s2_gauss,synthetic,gauss,6,200,sobol,512,41,28.1380971699654,0.017146666068583727,14,False,0.0,0
syn_K6_m200_s2_gauss,synthetic,gauss,6,200,sobol,512,42,28.1380971699654,0.017511334270238876,14,False,0.0,0
syn_K6_m200_s2_gauss,synthetic,gauss,6,200,sobol,512,43,28.1380971699654,0.017851625103503466,14,False,0.0,0
syn_K6_m200_s2_gauss,synthetic,gauss,6,200,sobol,512,44,28.1380971699654,0.017633874900639057,14,False,0.0,0
syn_K6_m200_s2_gauss,synthetic,gauss,6,200,sobol,512,45,28.1380971699654,0.017842750065028667,14,False,0.0,0
syn_K6_m200_s2_gauss,synthetic,gauss,6,200,sobol,512,46,28.1380971699654,0.01726158382371068,14,False,0.0,0
syn_K6_m200_s2_gauss,synthetic,gauss,6,200,sobol,512,47,28.1380971699654,0.017097500152885914,14,False,0.0,0
syn_K6_m200_s2_gauss,synthetic,gauss,6,200,sobol,512,48,28.1380971699654,0.017399665899574757,14,False,0.0,0
syn_K6_m200_s2_gauss,synthetic,gauss,6,200,sobol,512,49,28.1380971699654,0.017216083128005266,14,False,0.0,0
syn_K6_m200_s2_gauss,synthetic,gauss,6,200,sobol,2048,0,28.1380971699654,0.017931625247001648,14,False,0.0,0
syn_K6_m200_s2_gauss,synthetic,gauss,6,200,sobol,2048,1,28.1380971699654,0.018188457936048508,14,False,0.0,0
syn_K6_m200_s2_gauss,synthetic,gauss,6,200,sobol,2048,2,28.1380971699654,0.018096749670803547,14,False,0.0,0
syn_K6_m200_s2_gauss,synthetic,gauss,6,200,sobol,2048,3,28.1380971699654,0.017879874911159277,14,False,0.0,0
syn_K6_m200_s2_gauss,synthetic,gauss,6,200,sobol,2048,4,28.1380971699654,0.01788820791989565,14,False,0.0,0
syn_K6_m200_s2_gauss,synthetic,gauss,6,200,sobol,2048,5,28.1380971699654,0.01831770781427622,14,False,0.0,0
syn_K6_m200_s2_gauss,synthetic,gauss,6,200,sobol,2048,6,28.1380971699654,0.018065457697957754,14,False,0.0,0
syn_K6_m200_s2_gauss,synthetic,gauss,6,200,sobol,2048,7,28.1380971699654,0.01806966681033373,14,False,0.0,0
syn_K6_m200_s2_gauss,synthetic,gauss,6,200,sobol,2048,8,28.1380971699654,0.0181424580514431,14,False,0.0,0
syn_K6_m200_s2_gauss,synthetic,gauss,6,200,sobol,2048,9,28.1380971699654,0.018378417007625103,14,False,0.0,0
syn_K6_m200_s2_gauss,synthetic,gauss,6,200,sobol,2048,10,28.1380971699654,0.01822025002911687,14,False,0.0,0
syn_K6_m200_s2_gauss,synthetic,gauss,6,200,sobol,2048,11,28.1380971699654,0.018398582935333252,14,False,0.0,0
syn_K6_m200_s2_gauss,synthetic,gauss,6,200,sobol,2048,12,28.1380971699654,0.018449374940246344,14,False,0.0,0
syn_K6_m200_s2_gauss,synthetic,gauss,6,200,sobol,2048,13,28.1380971699654,0.018500749953091145,14,False,0.0,0
syn_K6_m200_s2_gauss,synthetic,gauss,6,200,sobol,2048,14,28.1380971699654,0.018333917018026114,14,False,0.0,0
syn_K6_m200_s2_gauss,synthetic,gauss,6,200,sobol,2048,15,28.1380971699654,0.018075958359986544,14,False,0.0,0
syn_K6_m200_s2_gauss,synthetic,gauss,6,200,sobol,2048,16,28.1380971699654,0.017898624762892723,14,False,0.0,0
syn_K6_m200_s2_gauss,synthetic,gauss,6,200,sobol,2048,17,28.1380971699654,0.01773358415812254,14,False,0.0,0
syn_K6_m200_s2_gauss,synthetic,gauss,6,200,sobol,2048,18,28.1380971699654,0.017942791804671288,14,False,0.0,0
syn_K6_m200_s2_gauss,synthetic,gauss,6,200,sobol,2048,19,28.1380971699654,0.017684792168438435,14,False,0.0,0
syn_K6_m200_s2_gauss,synthetic,gauss,6,200,sobol,2048,20,28.1380971699654,0.017920417245477438,14,False,0.0,0
syn_K6_m200_s2_gauss,synthetic,gauss,6,200,sobol,2048,21,28.1380971699654,0.01775787491351366,14,False,0.0,0
syn_K6_m200_s2_gauss,synthetic,gauss,6,200,sobol,2048,22,28.1380971699654,0.018030083272606134,14,False,0.0,0
syn_K6_m200_s2_gauss,synthetic,gauss,6,200,sobol,2048,23,28.1380971699654,0.01809183368459344,14,False,0.0,0
syn_K6_m200_s2_gauss,synthetic,gauss,6,200,sobol,2048,24,28.1380971699654,0.017630250193178654,14,False,0.0,0
syn_K6_m200_s2_gauss,synthetic,gauss,6,200,sobol,2048,25,28.1380971699654,0.01817266596481204,14,False,0.0,0
syn_K6_m200_s2_gauss,synthetic,gauss,6,200,sobol,2048,26,28.1380971699654,0.017993667162954807,14,False,0.0,0
syn_K6_m200_s2_gauss,synthetic,gauss,6,200,sobol,2048,27,28.1380971699654,0.017676042392849922,14,False,0.0,0
syn_K6_m200_s2_gauss,synthetic,gauss,6,200,sobol,2048,28,28.1380971699654,0.017702125012874603,14,False,0.0,0
syn_K6_m200_s2_gauss,synthetic,gauss,6,200,sobol,2048,29,28.1380971699654,0.018074457999318838,14,False,0.0,0
syn_K6_m200_s2_gauss,synthetic,gauss,6,200,sobol,2048,30,28.1380971699654,0.01775916712358594,14,False,0.0,0
syn_K6_m200_s2_gauss,synthetic,gauss,6,200,sobol,2048,31,28.1380971699654,0.018114083912223577,14,False,0.0,0
syn_K6_m200_s2_gauss,synthetic,gauss,6,200,sobol,2048,32,28.1380971699654,0.017515709158033133,14,False,0.0,0
syn_K6_m200_s2_gauss,synthetic,gauss,6,200,sobol,2048,33,28.1380971699654,0.01806874992325902,14,False,0.0,0
syn_K6_m200_s2_gauss,synthetic,gauss,6,200,sobol,2048,34,28.1380971699654,0.018634833861142397,14,False,0.0,0
syn_K6_m200_s2_gauss,synthetic,gauss,6,200,sobol,2048,35,28.1380971699654,0.017685041297227144,14,False,0.0,0
syn_K6_m200_s2_gauss,synthetic,gauss,6,200,sobol,2048,36,28.1380971699654,0.017567374743521214,14,False,0.0,0
syn_K6_m200_s2_gauss,synthetic,gauss,6,200,sobol,2048,37,28.1380971699654,0.017480582930147648,14,False,0.0,0
syn_K6_m200_s2_gauss,synthetic,gauss,6,200,sobol,2048,38,28.1380971699654,0.018114457838237286,14,False,0.0,0
syn_K6_m200_s2_gauss,synthetic,gauss,6,200,sobol,2048,39,28.1380971699654,0.017680041026324034,14,False,0.0,0
syn_K6_m200_s2_gauss,synthetic,gauss,6,200,sobol,2048,40,28.1380971699654,0.01876174984499812,14,False,0.0,0
syn_K6_m200_s2_gauss,synthetic,gauss,6,200,sobol,2048,41,28.1380971699654,0.018114833161234856,14,False,0.0,0
syn_K6_m200_s2_gauss,synthetic,gauss,6,200,sobol,2048,42,28.1380971699654,0.017950832843780518,14,False,0.0,0
syn_K6_m200_s2_gauss,synthetic,gauss,6,200,sobol,2048,43,28.1380971699654,0.018209374975413084,14,False,0.0,0
syn_K6_m200_s2_gauss,synthetic,gauss,6,200,sobol,2048,44,28.1380971699654,0.018069167155772448,14,False,0.0,0
syn_K6_m200_s2_gauss,synthetic,gauss,6,200,sobol,2048,45,28.1380971699654,0.017642166931182146,14,False,0.0,0
syn_K6_m200_s2_gauss,synthetic,gauss,6,200,sobol,2048,46,28.1380971699654,0.017613166011869907,14,False,0.0,0
syn_K6_m200_s2_gauss,synthetic,gauss,6,200,sobol,2048,47,28.1380971699654,0.018185750115662813,14,False,0.0,0
syn_K6_m200_s2_gauss,synthetic,gauss,6,200,sobol,2048,48,28.1380971699654,0.017768332734704018,14,False,0.0,0
syn_K6_m200_s2_gauss,synthetic,gauss,6,200,sobol,2048,49,28.1380971699654,0.018097500316798687,14,False,0.0,0
k2_m30_s0_gauss,k2_exact,gauss,2,30,exp,128,0,8.292798324257069,0.0004917080514132977,0,True,0.0,0
k2_m30_s0_gauss,k2_exact,gauss,2,30,exp,128,1,8.292798324257069,0.0003799581900238991,0,True,0.0,0
k2_m30_s0_gauss,k2_exact,gauss,2,30,exp,128,2,8.292798324257069,0.0003730831667780876,0,True,0.0,0
k2_m30_s0_gauss,k2_exact,gauss,2,30,exp,128,3,8.292798324257069,0.0003547500818967819,0,True,0.0,0
k2_m30_s0_gauss,k2_exact,gauss,2,30,exp,128,4,8.292798324257069,0.0003521246835589409,0,True,0.0,0
k2_m30_s0_gauss,k2_exact,gauss,2,30,exp,128,5,8.292798324257069,0.0003477092832326889,0,True,0.0,0
k2_m30_s0_gauss,k2_exact,gauss,2,30,exp,128,6,8.292798324257069,0.0003428338095545769,0,True,0.0,0
k2_m30_s0_gauss,k2_exact,gauss,2,30,exp,128,7,8.292798324257069,0.00034012505784630775,0,True,0.0,0
k2_m30_s0_gauss,k2_exact,gauss,2,30,exp,128,8,8.292798324257069,0.000343875028192997,0,True,0.0,0
k2_m30_s0_gauss,k2_exact,gauss,2,30,exp,128,9,8.292798324257069,0.00033783307299017906,0,True,0.0,0
k2_m30_s0_gauss,k2_exact,gauss,2,30,exp,128,10,8.292798324257069,0.0003366251476109028,0,True,0.0,0
k2_m30_s0_gauss,k2_exact,gauss,2,30,exp,128,11,8.292798324257069,0.0003375411033630371,0,True,0.0,0
k2_m30_s0_gauss,k2_exact,gauss,2,30,exp,128,12,8.292798324257069,0.0003389171324670315,0,True,0.0,0
k2_m30_s0_gauss,k2_exact,gauss,2,30,exp,128,13,8.292798324257069,0.00033549964427948,0,True,0.0,0
k2_m30_s0_gauss,k2_exact,gauss,2,30,exp,128,14,8.292798324257069,0.0003359164111316204,0,True,0.0,0
k2_m30_s0_gauss,k2_exact,gauss,2,30,exp,128,15,8.292798324257069,0.00033629219979047775,0,True,0.0,0
k2_m30_s0_gauss,k2_exact,gauss,2,30,exp,128,16,8.292798324257069,0.00033916719257831573,0,True,0.0,0
k2_m30_s0_gauss,k2_exact,gauss,2,30,exp,128,17,8.292798324257069,0.00033441605046391487,0,True,0.0,0
k2_m30_s0_gauss,k2_exact,gauss,2,30,exp,128,18,8.292798324257069,0.00033462513238191605,0,True,0.0,0
k2_m30_s0_gauss,k2_exact,gauss,2,30,exp,128,19,8.292798324257069,0.0003415411338210106,0,True,0.0,0
k2_m30_s0_gauss,k2_exact,gauss,2,30,exp,128,20,8.292798324257069,0.0003361250273883343,0,True,0.0,0
k2_m30_s0_gauss,k2_exact,gauss,2,30,exp,128,21,8.292798324257069,0.0003342078998684883,0,True,0.0,0
k2_m30_s0_gauss,k2_exact,gauss,2,30,exp,128,22,8.292798324257069,0.00033399974927306175,0,True,0.0,0
k2_m30_s0_gauss,k2_exact,gauss,2,30,exp,128,23,8.292798324257069,0.0003453339450061321,0,True,0.0,0
k2_m30_s0_gauss,k2_exact,gauss,2,30,exp,128,24,8.292798324257069,0.0003338749520480633,0,True,0.0,0
k2_m30_s0_gauss,k2_exact,gauss,2,30,exp,128,25,8.292798324257069,0.0003371252678334713,0,True,0.0,0
k2_m30_s0_gauss,k2_exact,gauss,2,30,exp,128,26,8.292798324257069,0.00033687520772218704,0,True,0.0,0
k2_m30_s0_gauss,k2_exact,gauss,2,30,exp,128,27,8.292798324257069,0.00033458322286605835,0,True,0.0,0
k2_m30_s0_gauss,k2_exact,gauss,2,30,exp,128,28,8.292798324257069,0.0003354591317474842,0,True,0.0,0
k2_m30_s0_gauss,k2_exact,gauss,2,30,exp,128,29,8.292798324257069,0.00033237505704164505,0,True,0.0,0
k2_m30_s0_gauss,k2_exact,gauss,2,30,exp,128,30,8.292798324257069,0.0004842090420424938,0,True,0.0,0
k2_m30_s0_gauss,k2_exact,gauss,2,30,exp,128,31,8.292798324257069,0.0004237499088048935,0,True,0.0,0
k2_m30_s0_gauss,k2_exact,gauss,2,30,exp,128,32,8.292798324257069,0.00038012489676475525,0,True,0.0,0
k2_m30_s0_gauss,k2_exact,gauss,2,30,exp,128,33,8.292798324257069,0.00036795902997255325,0,True,0.0,0
k2_m30_s0_gauss,k2_exact,gauss,2,30,exp,128,34,8.292798324257069,0.00035729166120290756,0,True,0.0,0
k2_m30_s0_gauss,k2_exact,gauss,2,30,exp,128,35,8.292798324257069,0.0003459169529378414,0,True,0.0,0
k2_m30_s0_gauss,k2_exact,gauss,2,30,exp,128,36,8.292798324257069,0.0003431248478591442,0,True,0.0,0
k2_m30_s0_gauss,k2_exact,gauss,2,30,exp,128,37,8.292798324257069,0.00033945823088288307,0,True,0.0,0
k2_m30_s0_gauss,k2_exact,gauss,2,30,exp,128,38,8.292798324257069,0.0003409162163734436,0,True,0.0,0
k2_m30_s0_gauss,k2_exact,gauss,2,30,exp,128,39,8.292798324257069,0.00033833272755146027,0,True,0.0,0
k2_m30_s0_gauss,k2_exact,gauss,2,30,exp,128,40,8.292798324257069,0.0008595408871769905,0,True,0.0,0
k2_m30_s0_gauss,k2_exact,gauss,2,30,exp,128,41,8.292798324257069,0.0004154159687459469,0,True,0.0,0
k2_m30_s0_gauss,k2_exact,gauss,2,30,exp,128,42,8.292798324257069,0.0003838748671114445,0,True,0.0,0
k2_m30_s0_gauss,k2_exact,gauss,2,30,exp,128,43,8.292798324257069,0.00039112474769353867,0,True,0.0,0
k2_m30_s0_gauss,k2_exact,gauss,2,30,exp,128,44,8.292798324257069,0.00036075012758374214,0,True,0.0,0
k2_m30_s0_gauss,k2_exact,gauss,2,30,exp,128,45,8.292798324257069,0.0003548329696059227,0,True,0.0,0
k2_m30_s0_gauss,k2_exact,gauss,2,30,exp,128,46,8.292798324257069,0.0003510001115500927,0,True,0.0,0
k2_m30_s0_gauss,k2_exact,gauss,2,30,exp,128,47,8.292798324257069,0.0003486252389848232,0,True,0.0,0
k2_m30_s0_gauss,k2_exact,gauss,2,30,exp,128,48,8.292798324257069,0.00035133305937051773,0,True,0.0,0
k2_m30_s0_gauss,k2_exact,gauss,2,30,exp,128,49,8.292798324257069,0.00034300005063414574,0,True,0.0,0
k2_m30_s0_gauss,k2_exact,gauss,2,30,exp,512,0,8.292798324257069,0.0003404580056667328,0,True,0.0,0
k2_m30_s0_gauss,k2_exact,gauss,2,30,exp,512,1,8.292798324257069,0.00034179119393229485,0,True,0.0,0
k2_m30_s0_gauss,k2_exact,gauss,2,30,exp,512,2,8.292798324257069,0.00035445811226963997,0,True,0.0,0
k2_m30_s0_gauss,k2_exact,gauss,2,30,exp,512,3,8.292798324257069,0.0003450419753789902,0,True,0.0,0
k2_m30_s0_gauss,k2_exact,gauss,2,30,exp,512,4,8.292798324257069,0.0003437497653067112,0,True,0.0,0
k2_m30_s0_gauss,k2_exact,gauss,2,30,exp,512,5,8.292798324257069,0.0003375830128788948,0,True,0.0,0
k2_m30_s0_gauss,k2_exact,gauss,2,30,exp,512,6,8.292798324257069,0.00035062478855252266,0,True,0.0,0
k2_m30_s0_gauss,k2_exact,gauss,2,30,exp,512,7,8.292798324257069,0.0003370000049471855,0,True,0.0,0
k2_m30_s0_gauss,k2_exact,gauss,2,30,exp,512,8,8.292798324257069,0.0003365408629179001,0,True,0.0,0
k2_m30_s0_gauss,k2_exact,gauss,2,30,exp,512,9,8.292798324257069,0.0003386670723557472,0,True,0.0,0
k2_m30_s0_gauss,k2_exact,gauss,2,30,exp,512,10,8.292798324257069,0.0006201248615980148,0,True,0.0,0
k2_m30_s0_gauss,k2_exact,gauss,2,30,exp,512,11,8.292798324257069,0.0003794170916080475,0,True,0.0,0
k2_m30_s0_gauss,k2_exact,gauss,2,30,exp,512,12,8.292798324257069,0.00034800032153725624,0,True,0.0,0
k2_m30_s0_gauss,k2_exact,gauss,2,30,exp,512,13,8.292798324257069,0.000341624952852726,0,True,0.0,0
k2_m30_s0_gauss,k2_exact,gauss,2,30,exp,512,14,8.292798324257069,0.0003393753431737423,0,True,0.0,0
k2_m30_s0_gauss,k2_exact,gauss,2,30,exp,512,15,8.292798324257069,0.000341042410582304,0,True,0.0,0
k2_m30_s0_gauss,k2_exact,gauss,2,30,exp,512,16,8.292798324257069,0.0003487500362098217,0,True,0.0,0
k2_m30_s0_gauss,k2_exact,gauss,2,30,exp,512,17,8.292798324257069,0.0003371662460267544,0,True,0.0,0
k2_m30_s0_gauss,k2_exact,gauss,2,30,exp,512,18,8.292798324257069,0.0003366251476109028,0,True,0.0,0
k2_m30_s0_gauss,k2_exact,gauss,2,30,exp,512,19,8.292798324257069,0.0003364169970154762,0,True,0.0,0
k2_m30_s0_gauss,k2_exact,gauss,2,30,exp,512,20,8.292798324257069,0.00033570826053619385,0,True,0.0,0
k2_m30_s0_gauss,k2_exact,gauss,2,30,exp,512,21,8.292798324257069,0.00033395830541849136,0,True,0.0,0
k2_m30_s0_gauss,k2_exact,gauss,2,30,exp,512,22,8.292798324257069,0.0003353753127157688,0,True,0.0,0
k2_m30_s0_gauss,k2_exact,gauss,2,30,exp,512,23,8.292798324257069,0.0003343750722706318,0,True,0.0,0
k2_m30_s0_gauss,k2_exact,gauss,2,30,exp,512,24,8.292798324257069,0.0003332500346004963,0,True,0.0,0
k2_m30_s0_gauss,k2_exact,gauss,2,30,exp,512,25,8.292798324257069,0.00033299997448921204,0,True,0.0,0
k2_m30_s0_gauss,k2_exact,gauss,2,30,exp,512,26,8.292798324257069,0.00033454131335020065,0,True,0.0,0
k2_m30_s0_gauss,k2_exact,gauss,2,30,exp,512,27,8.292798324257069,0.00033504189923405647,0,True,0.0,0
k2_m30_s0_gauss,k2_exact,gauss,2,30,exp,512,28,8.292798324257069,0.00034112483263015747,0,True,0.0,0
k2_m30_s0_gauss,k2_exact,gauss,2,30,exp,512,29,8.292798324257069,0.00033412501215934753,0,True,0.0,0
k2_m30_s0_gauss,k2_exact,gauss,2,30,exp,512,30,8.292798324257069,0.0003332081250846386,0,True,0.0,0
k2_m30_s0_gauss,k2_exact,gauss,2,30,exp,512,31,8.292798324257069,0.0007333327084779739,0,True,0.0,0
k2_m30_s0_gauss,k2_exact,gauss,2,30,exp,512,32,8.292798324257069,0.0005067498423159122,0,True,0.0,0
k2_m30_s0_gauss,k2_exact,gauss,2,30,exp,512,33,8.292798324257069,0.00036004185676574707,0,True,0.0,0
k2_m30_s0_gauss,k2_exact,gauss,2,30,exp,512,34,8.292798324257069,0.00035066716372966766,0,True,0.0,0
k2_m30_s0_gauss,k2_exact,gauss,2,30,exp,512,35,8.292798324257069,0.0003398340195417404,0,True,0.0,0
k2_m30_s0_gauss,k2_exact,gauss,2,30,exp,512,36,8.292798324257069,0.0003382079303264618,0,True,0.0,0
k2_m30_s0_gauss,k2_exact,gauss,2,30,exp,512,37,8.292798324257069,0.0003369161859154701,0,True,0.0,0
k2_m30_s0_gauss,k2_exact,gauss,2,30,exp,512,38,8.292798324257069,0.00033666566014289856,0,True,0.0,0
k2_m30_s0_gauss,k2_exact,gauss,2,30,exp,512,39,8.292798324257069,0.00033795787021517754,0,True,0.0,0
k2_m30_s0_gauss,k2_exact,gauss,2,30,exp,512,40,8.292798324257069,0.0003364169970154762,0,True,0.0,0
k2_m30_s0_gauss,k2_exact,gauss,2,30,exp,512,41,8.292798324257069,0.00033525004982948303,0,True,0.0,0
k2_m30_s0_gauss,k2_exact,gauss,2,30,exp,512,42,8.292798324257069,0.0003405413590371609,0,True,0.0,0
k2_m30_s0_gauss,k2_exact,gauss,2,30,exp,512,43,8.292798324257069,0.00033279089257121086,0,True,0.0,0
k2_m30_s0_gauss,k2_exact,gauss,2,30,exp,512,44,8.292798324257069,0.00033337483182549477,0,True,0.0,0
k2_m30_s0_gauss,k2_exact,gauss,2,30,exp,512,45,8.292798324257069,0.0003343750722706318,0,True,0.0,0
k2_m30_s0_gauss,k2_exact,gauss,2,30,exp,512,46,8.292798324257069,0.0003416668623685837,0,True,0.0,0
k2_m30_s0_gauss,k2_exact,gauss,2,30,exp,512,47,8.292798324257069,0.00033354200422763824,0,True,0.0,0
k2_m30_s0_gauss,k2_exact,gauss,2,30,exp,512,48,8.292798324257069,0.0003386670723557472,0,True,0.0,0
k2_m30_s0_gauss,k2_exact,gauss,2,30,exp,512,49,8.292798324257069,0.0003327499143779278,0,True,0.0,0
k2_m30_s0_gauss,k2_exact,gauss,2,30,exp,2048,0,8.292798324257069,0.0003326251171529293,0,True,0.0,0
k2_m30_s0_gauss,k2_exact,gauss,2,30,exp,2048,1,8.292798324257069,0.000760749913752079,0,True,0.0,0
k2_m30_s0_gauss,k2_exact,gauss,2,30,exp,2048,2,8.292798324257069,0.00041283387690782547,0,True,0.0,0
k2_m30_s0_gauss,k2_exact,gauss,2,30,exp,2048,3,8.292798324257069,0.0003677080385386944,0,True,0.0,0
k2_m30_s0_gauss,k2_exact,gauss,2,30,exp,2048,4,8.292798324257069,0.0003521661274135113,0,True,0.0,0
k2_m30_s0_gauss,k2_exact,gauss,2,30,exp,2048,5,8.292798324257069,0.0003459579311311245,0,True,0.0,0
k2_m30_s0_gauss,k2_exact,gauss,2,30,exp,2048,6,8.292798324257069,0.0003431253135204315,0,True,0.0,0
k2_m30_s0_gauss,k2_exact,gauss,2,30,exp,2048,7,8.292798324257069,0.0003471663221716881,0,True,0.0,0
k2_m30_s0_gauss,k2_exact,gauss,2,30,exp,2048,8,8.292798324257069,0.0003389590419828892,0,True,0.0,0
k2_m30_s0_gauss,k2_exact,gauss,2,30,exp,2048,9,8.292798324257069,0.0003376249223947525,0,True,0.0,0
k2_m30_s0_gauss,k2_exact,gauss,2,30,exp,2048,10,8.292798324257069,0.00033504096791148186,0,True,0.0,0
k2_m30_s0_gauss,k2_exact,gauss,2,30,exp,2048,11,8.292798324257069,0.0003361250273883343,0,True,0.0,0
k2_m30_s0_gauss,k2_exact,gauss,2,30,exp,2048,12,8.292798324257069,0.00033462466672062874,0,True,0.0,0
k2_m30_s0_gauss,k2_exact,gauss,2,30,exp,2048,13,8.292798324257069,0.00033462513238191605,0,True,0.0,0
k2_m30_s0_gauss,k2_exact,gauss,2,30,exp,2048,14,8.292798324257069,0.00033395877107977867,0,True,0.0,0
k2_m30_s0_gauss,k2_exact,gauss,2,30,exp,2048,15,8.292798324257069,0.00033512478694319725,0,True,0.0,0
k2_m30_s0_gauss,k2_exact,gauss,2,30,exp,2048,16,8.292798324257069,0.0003347080200910568,0,True,0.0,0
k2_m30_s0_gauss,k2_exact,gauss,2,30,exp,2048,17,8.292798324257069,0.00033458322286605835,0,True,0.0,0
k2_m30_s0_gauss,k2_exact,gauss,2,30,exp,2048,18,8.292798324257069,0.00033391593024134636,0,True,0.0,0
k2_m30_s0_gauss,k2_exact,gauss,2,30,exp,2048,19,8.292798324257069,0.00033416692167520523,0,True,0.0,0
k2_m30_s0_gauss,k2_exact,gauss,2,30,exp,2048,20,8.292798324257069,0.00033404212445020676,0,True,0.0,0
k2_m30_s0_gauss,k2_exact,gauss,2,30,exp,2048,21,8.292798324257069,0.0003342078998684883,0,True,0.0,0
k2_m30_s0_gauss,k2_exact,gauss,2,30,exp,2048,22,8.292798324257069,0.0008000419475138187,0,True,0.0,0
k2_m30_s0_gauss,k2_exact,gauss,2,30,exp,2048,23,8.292798324257069,0.00035187508910894394,0,True,0.0,0
k2_m30_s0_gauss,k2_exact,gauss,2,30,exp,2048,24,8.292798324257069,0.0003465828485786915,0,True,0.0,0
k2_m30_s0_gauss,k2_exact,gauss,2,30,exp,2048,25,8.292798324257069,0.0003450419753789902,0,True,0.0,0
k2_m30_s0_gauss,k2_exact,gauss,2,30,exp,2048,26,8.292798324257069,0.00033512525260448456,0,True,0.0,0
k2_m30_s0_gauss,k2_exact,gauss,2,30,exp,2048,27,8.292798324257069,0.0003444170579314232,0,True,0.0,0
k2_m30_s0_gauss,k2_exact,gauss,2,30,exp,2048,28,8.292798324257069,0.00033291708678007126,0,True,0.0,0
k2_m30_s0_gauss,k2_exact,gauss,2,30,exp,2048,29,8.292798324257069,0.00033129192888736725,0,True,0.0,0
k2_m30_s0_gauss,k2_exact,gauss,2,30,exp,2048,30,8.292798324257069,0.00033683329820632935,0,True,0.0,0
k2_m30_s0_gauss,k2_exact,gauss,2,30,exp,2048,31,8.292798324257069,0.0003375830128788948,0,True,0.0,0
k2_m30_s0_gauss,k2_exact,gauss,2,30,exp,2048,32,8.292798324257069,0.00033112475648522377,0,True,0.0,0
k2_m30_s0_gauss,k2_exact,gauss,2,30,exp,2048,33,8.292798324257069,0.00033245794475078583,0,True,0.0,0
k2_m30_s0_gauss,k2_exact,gauss,2,30,exp,2048,34,8.292798324257069,0.0003304579295217991,0,True,0.0,0
k2_m30_s0_gauss,k2_exact,gauss,2,30,exp,2048,35,8.292798324257069,0.0003299172967672348,0,True,0.0,0
k2_m30_s0_gauss,k2_exact,gauss,2,30,exp,2048,36,8.292798324257069,0.000337792094796896,0,True,0.0,0
k2_m30_s0_gauss,k2_exact,gauss,2,30,exp,2048,37,8.292798324257069,0.0003315419889986515,0,True,0.0,0
k2_m30_s0_gauss,k2_exact,gauss,2,30,exp,2048,38,8.292798324257069,0.000332667026668787,0,True,0.0,0
k2_m30_s0_gauss,k2_exact,gauss,2,30,exp,2048,39,8.292798324257069,0.000330459326505661,0,True,0.0,0
k2_m30_s0_gauss,k2_exact,gauss,2,30,exp,2048,40,8.292798324257069,0.00033066608011722565,0,True,0.0,0
k2_m30_s0_gauss,k2_exact,gauss,2,30,exp,2048,41,8.292798324257069,0.0003302912227809429,0,True,0.0,0
k2_m30_s0_gauss,k2_exact,gauss,2,30,exp,2048,42,8.292798324257069,0.0003300001844763756,0,True,0.0,0
k2_m30_s0_gauss,k2_exact,gauss,2,30,exp,2048,43,8.292798324257069,0.0007617082446813583,0,True,0.0,0
k2_m30_s0_gauss,k2_exact,gauss,2,30,exp,2048,44,8.292798324257069,0.00034745829179883003,0,True,0.0,0
k2_m30_s0_gauss,k2_exact,gauss,2,30,exp,2048,45,8.292798324257069,0.00034058280289173126,0,True,0.0,0
k2_m30_s0_gauss,k2_exact,gauss,2,30,exp,2048,46,8.292798324257069,0.00033341674134135246,0,True,0.0,0
k2_m30_s0_gauss,k2_exact,gauss,2,30,exp,2048,47,8.292798324257069,0.0003320407122373581,0,True,0.0,0
k2_m30_s0_gauss,k2_exact,gauss,2,30,exp,2048,48,8.292798324257069,0.0003436249680817127,0,True,0.0,0
k2_m30_s0_gauss,k2_exact,gauss,2,30,exp,2048,49,8.292798324257069,0.0003330833278596401,0,True,0.0,0
k2_m30_s0_gauss,k2_exact,gauss,2,30,sobol,128,0,8.292798324257069,0.0003547500818967819,0,True,0.0,0
k2_m30_s0_gauss,k2_exact,gauss,2,30,sobol,128,1,8.292798324257069,0.00034508388489484787,0,True,0.0,0
k2_m30_s0_gauss,k2_exact,gauss,2,30,sobol,128,2,8.292798324257069,0.0003453753888607025,0,True,0.0,0
k2_m30_s0_gauss,k2_exact,gauss,2,30,sobol,128,3,8.292798324257069,0.0003421250730752945,0,True,0.0,0
k2_m30_s0_gauss,k2_exact,gauss,2,30,sobol,128,4,8.292798324257069,0.0003428338095545769,0,True,0.0,0
k2_m30_s0_gauss,k2_exact,gauss,2,30,sobol,128,5,8.292798324257069,0.0003392500802874565,0,True,0.0,0
k2_m30_s0_gauss,k2_exact,gauss,2,30,sobol,128,6,8.292798324257069,0.00033958302810788155,0,True,0.0,0
k2_m30_s0_gauss,k2_exact,gauss,2,30,sobol,128,7,8.292798324257069,0.00034233275800943375,0,True,0.0,0
k2_m30_s0_gauss,k2_exact,gauss,2,30,sobol,128,8,8.292798324257069,0.0003387918695807457,0,True,0.0,0
k2_m30_s0_gauss,k2_exact,gauss,2,30,sobol,128,9,8.292798324257069,0.0003486252389848232,0,True,0.0,0
k2_m30_s0_gauss,k2_exact,gauss,2,30,sobol,128,10,8.292798324257069,0.000759749673306942,0,True,0.0,0
k2_m30_s0_gauss,k2_exact,gauss,2,30,sobol,128,11,8.292798324257069,0.0004825838841497898,0,True,0.0,0
k2_m30_s0_gauss,k2_exact,gauss,2,30,sobol,128,12,8.292798324257069,0.00045949965715408325,0,True,0.0,0
k2_m30_s0_gauss,k2_exact,gauss,2,30,sobol,128,13,8.292798324257069,0.00039075035601854324,0,True,0.0,0
k2_m30_s0_gauss,k2_exact,gauss,2,30,sobol,128,14,8.292798324257069,0.00035133305937051773,0,True,0.0,0
k2_m30_s0_gauss,k2_exact,gauss,2,30,sobol,128,15,8.292798324257069,0.0003469577059149742,0,True,0.0,0
k2_m30_s0_gauss,k2_exact,gauss,2,30,sobol,128,16,8.292798324257069,0.0003497907891869545,0,True,0.0,0
k2_m30_s0_gauss,k2_exact,gauss,2,30,sobol,128,17,8.292798324257069,0.0003493749536573887,0,True,0.0,0
k2_m30_s0_gauss,k2_exact,gauss,2,30,sobol,128,18,8.292798324257069,0.00034345779567956924,0,True,0.0,0
k2_m30_s0_gauss,k2_exact,gauss,2,30,sobol,128,19,8.292798324257069,0.0003413748927414417,0,True,0.0,0
k2_m30_s0_gauss,k2_exact,gauss,2,30,sobol,128,20,8.292798324257069,0.00034074997529387474,0,True,0.0,0
k2_m30_s0_gauss,k2_exact,gauss,2,30,sobol,128,21,8.292798324257069,0.00034287525340914726,0,True,0.0,0
k2_m30_s0_gauss,k2_exact,gauss,2,30,sobol,128,22,8.292798324257069,0.00034062517806887627,0,True,0.0,0
k2_m30_s0_gauss,k2_exact,gauss,2,30,sobol,128,23,8.292798324257069,0.000341624952852726,0,True,0.0,0
k2_m30_s0_gauss,k2_exact,gauss,2,30,sobol,128,24,8.292798324257069,0.00033904192969202995,0,True,0.0,0
k2_m30_s0_gauss,k2_exact,gauss,2,30,sobol,128,25,8.292798324257069,0.0006042500026524067,0,True,0.0,0
k2_m30_s0_gauss,k2_exact,gauss,2,30,sobol,128,26,8.292798324257069,0.0005059586837887764,0,True,0.0,0
k2_m30_s0_gauss,k2_exact,gauss,2,30,sobol,128,27,8.292798324257069,0.0003971667028963566,0,True,0.0,0
k2_m30_s0_gauss,k2_exact,gauss,2,30,sobol,128,28,8.292798324257069,0.000374749768525362,0,True,0.0,0
k2_m30_s0_gauss,k2_exact,gauss,2,30,sobol,128,29,8.292798324257069,0.00036804191768169403,0,True,0.0,0
k2_m30_s0_gauss,k2_exact,gauss,2,30,sobol,128,30,8.292798324257069,0.0003649592399597168,0,True,0.0,0
k2_m30_s0_gauss,k2_exact,gauss,2,30,sobol,128,31,8.292798324257069,0.0004759998992085457,0,True,0.0,0
k2_m30_s0_gauss,k2_exact,gauss,2,30,sobol,128,32,8.292798324257069,0.00036900024861097336,0,True,0.0,0
k2_m30_s0_gauss,k2_exact,gauss,2,30,sobol,128,33,8.292798324257069,0.00035837525501847267,0,True,0.0,0
k2_m30_s0_gauss,k2_exact,gauss,2,30,sobol,128,34,8.292798324257069,0.00035579223185777664,0,True,0.0,0
k2_m30_s0_gauss,k2_exact,gauss,2,30,sobol,128,35,8.292798324257069,0.00035558314993977547,0,True,0.0,0
k2_m30_s0_gauss,k2_exact,gauss,2,30,sobol,128,36,8.292798324257069,0.0003476659767329693,0,True,0.0,0
k2_m30_s0_gauss,k2_exact,gauss,2,30,sobol,128,37,8.292798324257069,0.00034670764580368996,0,True,0.0,0
k2_m30_s0_gauss,k2_exact,gauss,2,30,sobol,128,38,8.292798324257069,0.0003436249680817127,0,True,0.0,0
k2_m30_s0_gauss,k2_exact,gauss,2,30,sobol,128,39,8.292798324257069,0.0003531249240040779,0,True,0.0,0
k2_m30_s0_gauss,k2_exact,gauss,2,30,sobol,128,40,8.292798324257069,0.0004214169457554817,0,True,0.0,0
k2_m30_s0_gauss,k2_exact,gauss,2,30,sobol,128,41,8.292798324257069,0.0003586658276617527,0,True,0.0,0
k2_m30_s0_gauss,k2_exact,gauss,2,30,sobol,128,42,8.292798324257069,0.00035395799204707146,0,True,0.0,0
k2_m30_s0_gauss,k2_exact,gauss,2,30,sobol,128,43,8.292798324257069,0.0003660409711301327,0,True,0.0,0
k2_m30_s0_gauss,k2_exact,gauss,2,30,sobol,128,44,8.292798324257069,0.0003503751941025257,0,True,0.0,0
k2_m30_s0_gauss,k2_exact,gauss,2,30,sobol,128,45,8.292798324257069,0.00035016611218452454,0,True,0.0,0
k2_m30_s0_gauss,k2_exact,gauss,2,30,sobol,128,46,8.292798324257069,0.00035512493923306465,0,True,0.0,0
k2_m30_s0_gauss,k2_exact,gauss,2,30,sobol,128,47,8.292798324257069,0.0003508753143250942,0,True,0.0,0
k2_m30_s0_gauss,k2_exact,gauss,2,30,sobol,128,48,8.292798324257069,0.0003477921709418297,0,True,0.0,0
k2_m30_s0_gauss,k2_exact,gauss,2,30,sobol,128,49,8.292798324257069,0.0003477092832326889,0,True,0.0,0
k2_m30_s0_gauss,k2_exact,gauss,2,30,sobol,512,0,8.292798324257069,0.00043716607615351677,0,True,0.0,0
k2_m30_s0_gauss,k2_exact,gauss,2,30,sobol,512,1,8.292798324257069,0.0003610840067267418,0,True,0.0,0
k2_m30_s0_gauss,k2_exact,gauss,2,30,sobol,512,2,8.292798324257069,0.0003542080521583557,0,True,0.0,0
k2_m30_s0_gauss,k2_exact,gauss,2,30,sobol,512,3,8.292798324257069,0.00034695910289883614,0,True,0.0,0
k2_m30_s0_gauss,k2_exact,gauss,2,30,sobol,512,4,8.292798324257069,0.00034300005063414574,0,True,0.0,0
k2_m30_s0_gauss,k2_exact,gauss,2,30,sobol,512,5,8.292798324257069,0.00034950021654367447,0,True,0.0,0
k2_m30_s0_gauss,k2_exact,gauss,2,30,sobol,512,6,8.292798324257069,0.0004297499544918537,0,True,0.0,0
k2_m30_s0_gauss,k2_exact,gauss,2,30,sobol,512,7,8.292798324257069,0.00037845876067876816,0,True,0.0,0
k2_m30_s0_gauss,k2_exact,gauss,2,30,sobol,512,8,8.292798324257069,0.00036137504503130913,0,True,0.0,0
k2_m30_s0_gauss,k2_exact,gauss,2,30,sobol,512,9,8.292798324257069,0.00035949982702732086,0,True,0.0,0
k2_m30_s0_gauss,k2_exact,gauss,2,30,sobol,512,10,8.292798324257069,0.0003587920218706131,0,True,0.0,0
k2_m30_s0_gauss,k2_exact,gauss,2,30,sobol,512,11,8.292798324257069,0.00035345787182450294,0,True,0.0,0
k2_m30_s0_gauss,k2_exact,gauss,2,30,sobol,512,12,8.292798324257069,0.00035691680386662483,0,True,0.0,0
k2_m30_s0_gauss,k2_exact,gauss,2,30,sobol,512,13,8.292798324257069,0.00035141734406352043,0,True,0.0,0
k2_m30_s0_gauss,k2_exact,gauss,2,30,sobol,512,14,8.292798324257069,0.00035720784217119217,0,True,0.0,0
k2_m30_s0_gauss,k2_exact,gauss,2,30,sobol,512,15,8.292798324257069,0.00035295914858579636,0,True,0.0,0
k2_m30_s0_gauss,k2_exact,gauss,2,30,sobol,512,16,8.292798324257069,0.00035416707396507263,0,True,0.0,0
k2_m30_s0_gauss,k2_exact,gauss,2,30,sobol,512,17,8.292798324257069,0.0003549167886376381,0,True,0.0,0
k2_m30_s0_gauss,k2_exact,gauss,2,30,sobol,512,18,8.292798324257069,0.00034679099917411804,0,True,0.0,0
k2_m30_s0_gauss,k2_exact,gauss,2,30,sobol,512,19,8.292798324257069,0.0005235001444816589,0,True,0.0,0
k2_m30_s0_gauss,k2_exact,gauss,2,30,sobol,512,20,8.292798324257069,0.0003638342022895813,0,True,0.0,0
k2_m30_s0_gauss,k2_exact,gauss,2,30,sobol,512,21,8.292798324257069,0.0004432089626789093,0,True,0.0,0
k2_m30_s0_gauss,k2_exact,gauss,2,30,sobol,512,22,8.292798324257069,0.0003515840508043766,0,True,0.0,0
k2_m30_s0_gauss,k2_exact,gauss,2,30,sobol,512,23,8.292798324257069,0.0003604581579566002,0,True,0.0,0
k2_m30_s0_gauss,k2_exact,gauss,2,30,sobol,512,24,8.292798324257069,0.0003514168784022331,0,True,0.0,0
k2_m30_s0_gauss,k2_exact,gauss,2,30,sobol,512,25,8.292798324257069,0.00034950021654367447,0,True,0.0,0
k2_m30_s0_gauss,k2_exact,gauss,2,30,sobol,512,26,8.292798324257069,0.0003526248037815094,0,True,0.0,0
k2_m30_s0_gauss,k2_exact,gauss,2,30,sobol,512,27,8.292798324257069,0.00034791603684425354,0,True,0.0,0
k2_m30_s0_gauss,k2_exact,gauss,2,30,sobol,512,28,8.292798324257069,0.00035399990156292915,0,True,0.0,0
k2_m30_s0_gauss,k2_exact,gauss,2,30,sobol,512,29,8.292798324257069,0.0003449581563472748,0,True,0.0,0
k2_m30_s0_gauss,k2_exact,gauss,2,30,sobol,512,30,8.292798324257069,0.0003447909839451313,0,True,0.0,0
k2_m30_s0_gauss,k2_exact,gauss,2,30,sobol,512,31,8.292798324257069,0.00034341728314757347,0,True,0.0,0
k2_m30_s0_gauss,k2_exact,gauss,2,30,sobol,512,32,8.292798324257069,0.0003453749231994152,0,True,0.0,0
k2_m30_s0_gauss,k2_exact,gauss,2,30,sobol,512,33,8.292798324257069,0.00034675002098083496,0,True,0.0,0
k2_m30_s0_gauss,k2_exact,gauss,2,30,sobol,512,34,8.292798324257069,0.0003459588624536991,0,True,0.0,0
k2_m30_s0_gauss,k2_exact,gauss,2,30,sobol,512,35,8.292798324257069,0.00034408317878842354,0,True,0.0,0
k2_m30_s0_gauss,k2_exact,gauss,2,30,sobol,512,36,8.292798324257069,0.00035791704431176186,0,True,0.0,0
k2_m30_s0_gauss,k2_exact,gauss,2,30,sobol,512,37,8.292798324257069,0.00034620799124240875,0,True,0.0,0
k2_m30_s0_gauss,k2_exact,gauss,2,30,sobol,512,38,8.292798324257069,0.00042845821008086205,0,True,0.0,0
k2_m30_s0_gauss,k2_exact,gauss,2,30,sobol,512,39,8.292798324257069,0.00036345934495329857,0,True,0.0,0
k2_m30_s0_gauss,k2_exact,gauss,2,30,sobol,512,40,8.292798324257069,0.0003447909839451313,0,True,0.0,0
k2_m30_s0_gauss,k2_exact,gauss,2,30,sobol,512,41,8.292798324257069,0.0003485409542918205,0,True,0.0,0
k2_m30_s0_gauss,k2_exact,gauss,2,30,sobol,512,42,8.292798324257069,0.0003499998711049557,0,True,0.0,0
k2_m30_s0_gauss,k2_exact,gauss,2,30,sobol,512,43,8.292798324257069,0.00035508396103978157,0,True,0.0,0
k2_m30_s0_gauss,k2_exact,gauss,2,30,sobol,512,44,8.292798324257069,0.0003410419449210167,0,True,0.0,0
k2_m30_s0_gauss,k2_exact,gauss,2,30,sobol,512,45,8.292798324257069,0.0003432082012295723,0,True,0.0,0
k2_m30_s0_gauss,k2_exact,gauss,2,30,sobol,512,46,8.292798324257069,0.0003419159911572933,0,True,0.0,0
k2_m30_s0_gauss,k2_exact,gauss,2,30,sobol,512,47,8.292798324257069,0.00034291576594114304,0,True,0.0,0
k2_m30_s0_gauss,k2_exact,gauss,2,30,sobol,512,48,8.292798324257069,0.00034008268266916275,0,True,0.0,0
k2_m30_s0_gauss,k2_exact,gauss,2,30,sobol,512,49,8.292798324257069,0.00034808414056897163,0,True,0.0,0
k2_m30_s0_gauss,k2_exact,gauss,2,30,sobol,2048,0,8.292798324257069,0.0003427499905228615,0,True,0.0,0
k2_m30_s0_gauss,k2_exact,gauss,2,30,sobol,2048,1,8.292798324257069,0.0005462081171572208,0,True,0.0,0
k2_m30_s0_gauss,k2_exact,gauss,2,30,sobol,2048,2,8.292798324257069,0.0004387497901916504,0,True,0.0,0
k2_m30_s0_gauss,k2_exact,gauss,2,30,sobol,2048,3,8.292798324257069,0.00047004222869873047,0,True,0.0,0
k2_m30_s0_gauss,k2_exact,gauss,2,30,sobol,2048,4,8.292798324257069,0.00042849965393543243,0,True,0.0,0
k2_m30_s0_gauss,k2_exact,gauss,2,30,sobol,2048,5,8.292798324257069,0.0003792918287217617,0,True,0.0,0
k2_m30_s0_gauss,k2_exact,gauss,2,30,sobol,2048,6,8.292798324257069,0.0003720000386238098,0,True,0.0,0
k2_m30_s0_gauss,k2_exact,gauss,2,30,sobol,2048,7,8.292798324257069,0.0005408329889178276,0,True,0.0,0
k2_m30_s0_gauss,k2_exact,gauss,2,30,sobol,2048,8,8.292798324257069,0.0003974996507167816,0,True,0.0,0
k2_m30_s0_gauss,k2_exact,gauss,2,30,sobol,2048,9,8.292798324257069,0.0003810832276940346,0,True,0.0,0
k2_m30_s0_gauss,k2_exact,gauss,2,30,sobol,2048,10,8.292798324257069,0.00037129083648324013,0,True,0.0,0
k2_m30_s0_gauss,k2_exact,gauss,2,30,sobol,2048,11,8.292798324257069,0.00036337506026029587,0,True,0.0,0
k2_m30_s0_gauss,k2_exact,gauss,2,30,sobol,2048,12,8.292798324257069,0.0003553330898284912,0,True,0.0,0
k2_m30_s0_gauss,k2_exact,gauss,2,30,sobol,2048,13,8.292798324257069,0.00034950021654367447,0,True,0.0,0
k2_m30_s0_gauss,k2_exact,gauss,2,30,sobol,2048,14,8.292798324257069,0.00034637516364455223,0,True,0.0,0
k2_m30_s0_gauss,k2_exact,gauss,2,30,sobol,2048,15,8.292798324257069,0.0003502918407320976,0,True,0.0,0
k2_m30_s0_gauss,k2_exact,gauss,2,30,sobol,2048,16,8.292798324257069,0.00035237520933151245,0,True,0.0,0
k2_m30_s0_gauss,k2_exact,gauss,2,30,sobol,2048,17,8.292798324257069,0.00034683290868997574,0,True,0.0,0
k2_m30_s0_gauss,k2_exact,gauss,2,30,sobol,2048,18,8.292798324257069,0.0003932081162929535,0,True,0.0,0
k2_m30_s0_gauss,k2_exact,gauss,2,30,sobol,2048,19,8.292798324257069,0.00040633324533700943,0,True,0.0,0
k2_m30_s0_gauss,k2_exact,gauss,2,30,sobol,2048,20,8.292798324257069,0.0003616251051425934,0,True,0.0,0
k2_m30_s0_gauss,k2_exact,gauss,2,30,sobol,2048,21,8.292798324257069,0.00035183317959308624,0,True,0.0,0
k2_m30_s0_gauss,k2_exact,gauss,2,30,sobol,2048,22,8.292798324257069,0.0003565829247236252,0,True,0.0,0
k2_m30_s0_gauss,k2_exact,gauss,2,30,sobol,2048,23,8.292798324257069,0.0003508753143250942,0,True,0.0,0
k2_m30_s0_gauss,k2_exact,gauss,2,30,sobol,2048,24,8.292798324257069,0.0003497907891869545,0,True,0.0,0
k2_m30_s0_gauss,k2_exact,gauss,2,30,sobol,2048,25,8.292798324257069,0.0003450000658631325,0,True,0.0,0
k2_m30_s0_gauss,k2_exact,gauss,2,30,sobol,2048,26,8.292798324257069,0.0004625408910214901,0,True,0.0,0
k2_m30_s0_gauss,k2_exact,gauss,2,30,sobol,2048,27,8.292798324257069,0.0003627501428127289,0,True,0.0,0
k2_m30_s0_gauss,k2_exact,gauss,2,30,sobol,2048,28,8.292798324257069,0.00034908298403024673,0,True,0.0,0
k2_m30_s0_gauss,k2_exact,gauss,2,30,sobol,2048,29,8.292798324257069,0.0003514587879180908,0,True,0.0,0
k2_m30_s0_gauss,k2_exact,gauss,2,30,sobol,2048,30,8.292798324257069,0.000350958202034235,0,True,0.0,0
k2_m30_s0_gauss,k2_exact,gauss,2,30,sobol,2048,31,8.292798324257069,0.0003487924113869667,0,True,0.0,0
k2_m30_s0_gauss,k2_exact,gauss,2,30,sobol,2048,32,8.292798324257069,0.0003463327884674072,0,True,0.0,0
k2_m30_s0_gauss,k2_exact,gauss,2,30,sobol,2048,33,8.292798324257069,0.00034441566094756126,0,True,0.0,0
k2_m30_s0_gauss,k2_exact,gauss,2,30,sobol,2048,34,8.292798324257069,0.000398166012018919,0,True,0.0,0
k2_m30_s0_gauss,k2_exact,gauss,2,30,sobol,2048,35,8.292798324257069,0.00036070775240659714,0,True,0.0,0
k2_m30_s0_gauss,k2_exact,gauss,2,30,sobol,2048,36,8.292798324257069,0.0003504999913275242,0,True,0.0,0
k2_m30_s0_gauss,k2_exact,gauss,2,30,sobol,2048,37,8.292798324257069,0.00034724967554211617,0,True,0.0,0
k2_m30_s0_gauss,k2_exact,gauss,2,30,sobol,2048,38,8.292798324257069,0.00034841708838939667,0,True,0.0,0
k2_m30_s0_gauss,k2_exact,gauss,2,30,sobol,2048,39,8.292798324257069,0.0003498340956866741,0,True,0.0,0
k2_m30_s0_gauss,k2_exact,gauss,2,30,sobol,2048,40,8.292798324257069,0.0003421669825911522,0,True,0.0,0
k2_m30_s0_gauss,k2_exact,gauss,2,30,sobol,2048,41,8.292798324257069,0.0003522923216223717,0,True,0.0,0
k2_m30_s0_gauss,k2_exact,gauss,2,30,sobol,2048,42,8.292798324257069,0.0003499169833958149,0,True,0.0,0
k2_m30_s0_gauss,k2_exact,gauss,2,30,sobol,2048,43,8.292798324257069,0.0003472091630101204,0,True,0.0,0
k2_m30_s0_gauss,k2_exact,gauss,2,30,sobol,2048,44,8.292798324257069,0.00035291723906993866,0,True,0.0,0
k2_m30_s0_gauss,k2_exact,gauss,2,30,sobol,2048,45,8.292798324257069,0.00043612532317638397,0,True,0.0,0
k2_m30_s0_gauss,k2_exact,gauss,2,30,sobol,2048,46,8.292798324257069,0.0003787921741604805,0,True,0.0,0
k2_m30_s0_gauss,k2_exact,gauss,2,30,sobol,2048,47,8.292798324257069,0.0003570830449461937,0,True,0.0,0
k2_m30_s0_gauss,k2_exact,gauss,2,30,sobol,2048,48,8.292798324257069,0.0003637499175965786,0,True,0.0,0
k2_m30_s0_gauss,k2_exact,gauss,2,30,sobol,2048,49,8.292798324257069,0.0003510420210659504,0,True,0.0,0
k2_m30_s1_cancel,k2_exact,cancel,2,30,exp,128,0,0.5282129909381206,0.003691209014505148,25,False,0.0,0
k2_m30_s1_cancel,k2_exact,cancel,2,30,exp,128,1,0.5282129909381206,0.003756625112146139,24,False,0.0,0
k2_m30_s1_cancel,k2_exact,cancel,2,30,exp,128,2,0.5282129909381206,0.0034130001440644264,24,False,0.0,0
k2_m30_s1_cancel,k2_exact,cancel,2,30,exp,128,3,0.5282129909381206,0.0034956252202391624,26,False,0.0,0
k2_m30_s1_cancel,k2_exact,cancel,2,30,exp,128,4,0.5282129909381206,0.0035189581103622913,25,False,0.0,0
k2_m30_s1_cancel,k2_exact,cancel,2,30,exp,128,5,0.5282129909381206,0.003523083869367838,25,False,0.0,0
k2_m30_s1_cancel,k2_exact,cancel,2,30,exp,128,6,0.5282129909381206,0.0034917090088129044,25,False,0.0,0
k2_m30_s1_cancel,k2_exact,cancel,2,30,exp,128,7,0.5282129909381206,0.003799707628786564,25,False,0.0,0
k2_m30_s1_cancel,k2_exact,cancel,2,30,exp,128,8,0.5282129909381206,0.0037852078676223755,26,False,0.0,0
k2_m30_s1_cancel,k2_exact,cancel,2,30,exp,128,9,0.5282129909381206,0.003685583360493183,25,False,0.0,0
k2_m30_s1_cancel,k2_exact,cancel,2,30,exp,128,10,0.5282129909381206,0.0033844998106360435,24,False,0.0,0
k2_m30_s1_cancel,k2_exact,cancel,2,30,exp,128,11,0.5282129909381206,0.003792374860495329,26,False,0.0,0
k2_m30_s1_cancel,k2_exact,cancel,2,30,exp,128,12,0.5282129909381206,0.0036513330414891243,24,False,0.0,0
k2_m30_s1_cancel,k2_exact,cancel,2,30,exp,128,13,0.5282129909381206,0.0041284579783678055,26,False,0.0,0
k2_m30_s1_cancel,k2_exact,cancel,2,30,exp,128,14,0.5282129909381206,0.003515208140015602,26,False,0.0,0
k2_m30_s1_cancel,k2_exact,cancel,2,30,exp,128,15,0.5282129909381206,0.0039007081650197506,23,False,0.0,0
k2_m30_s1_cancel,k2_exact,cancel,2,30,exp,128,16,0.5282129909381206,0.003490875009447336,24,False,0.0,0
k2_m30_s1_cancel,k2_exact,cancel,2,30,exp,128,17,0.5282129909381206,0.004176374990493059,26,False,0.0,0
k2_m30_s1_cancel,k2_exact,cancel,2,30,exp,128,18,0.5282129909381206,0.0036436249502003193,26,False,0.0,0
k2_m30_s1_cancel,k2_exact,cancel,2,30,exp,128,19,0.5282129909381206,0.004252290818840265,26,False,0.0,0
k2_m30_s1_cancel,k2_exact,cancel,2,30,exp,128,20,0.5282129909381206,0.0036416249349713326,24,False,0.0,0
k2_m30_s1_cancel,k2_exact,cancel,2,30,exp,128,21,0.5282129909381206,0.0038671251386404037,26,False,0.0,0
k2_m30_s1_cancel,k2_exact,cancel,2,30,exp,128,22,0.5282129909381206,0.003743499983102083,26,False,0.0,0
k2_m30_s1_cancel,k2_exact,cancel,2,30,exp,128,23,0.5282129909381206,0.003335915971547365,24,False,0.0,0
k2_m30_s1_cancel,k2_exact,cancel,2,30,exp,128,24,0.5282129909381206,0.003579499665647745,24,False,0.0,0
k2_m30_s1_cancel,k2_exact,cancel,2,30,exp,128,25,0.5282129909381206,0.0032949582673609257,23,False,0.0,0
k2_m30_s1_cancel,k2_exact,cancel,2,30,exp,128,26,0.5282129909381206,0.0036904998123645782,25,False,0.0,0
k2_m30_s1_cancel,k2_exact,cancel,2,30,exp,128,27,0.5282129909381206,0.0036120410077273846,25,False,0.0,0
k2_m30_s1_cancel,k2_exact,cancel,2,30,exp,128,28,0.5282129909381206,0.004043583292514086,26,False,0.0,0
k2_m30_s1_cancel,k2_exact,cancel,2,30,exp,128,29,0.5282129909381206,0.00335491681471467,23,False,0.0,0
k2_m30_s1_cancel,k2_exact,cancel,2,30,exp,128,30,0.5282129909381206,0.003495042212307453,23,False,0.0,0
k2_m30_s1_cancel,k2_exact,cancel,2,30,exp,128,31,0.5282129909381206,0.0036550420336425304,25,False,0.0,0
k2_m30_s1_cancel,k2_exact,cancel,2,30,exp,128,32,0.5282129909381206,0.003557249903678894,26,False,0.0,0
k2_m30_s1_cancel,k2_exact,cancel,2,30,exp,128,33,0.5282129909381206,0.0036800000816583633,25,False,0.0,0
k2_m30_s1_cancel,k2_exact,cancel,2,30,exp,128,34,0.5282129909381206,0.0034696669317781925,25,False,0.0,0
k2_m30_s1_cancel,k2_exact,cancel,2,30,exp,128,35,0.5282129909381206,0.0034428751096129417,23,False,0.0,0
k2_m30_s1_cancel,k2_exact,cancel,2,30,exp,128,36,0.5282129909381206,0.0036775004118680954,26,False,0.0,0
k2_m30_s1_cancel,k2_exact,cancel,2,30,exp,128,37,0.5282129909381206,0.003697458654642105,26,False,0.0,0
k2_m30_s1_cancel,k2_exact,cancel,2,30,exp,128,38,0.5282129909381206,0.0037777917459607124,26,False,0.0,0
k2_m30_s1_cancel,k2_exact,cancel,2,30,exp,128,39,0.5282129909381206,0.0037335827946662903,26,False,0.0,0
k2_m30_s1_cancel,k2_exact,cancel,2,30,exp,128,40,0.5282129909381206,0.0037215412594377995,27,False,0.0,0
k2_m30_s1_cancel,k2_exact,cancel,2,30,exp,128,41,0.5282129909381206,0.003498499747365713,24,False,0.0,0
k2_m30_s1_cancel,k2_exact,cancel,2,30,exp,128,42,0.5282129909381206,0.004114041104912758,26,False,0.0,0
k2_m30_s1_cancel,k2_exact,cancel,2,30,exp,128,43,0.5282129909381206,0.0035886657424271107,25,False,0.0,0
k2_m30_s1_cancel,k2_exact,cancel,2,30,exp,128,44,0.5282129909381206,0.003950958140194416,25,False,0.0,0
k2_m30_s1_cancel,k2_exact,cancel,2,30,exp,128,45,0.5282129909381206,0.003483917098492384,25,False,0.0,0
k2_m30_s1_cancel,k2_exact,cancel,2,30,exp,128,46,0.5282129909381206,0.004062124993652105,24,False,0.0,0
k2_m30_s1_cancel,k2_exact,cancel,2,30,exp,128,47,0.5282129909381206,0.0034857499413192272,23,False,0.0,0
k2_m30_s1_cancel,k2_exact,cancel,2,30,exp,128,48,0.5282129909381206,0.004105833824723959,27,False,0.0,0
k2_m30_s1_cancel,k2_exact,cancel,2,30,exp,128,49,0.5282129909381206,0.0035823751240968704,25,False,0.0,0
k2_m30_s1_cancel,k2_exact,cancel,2,30,exp,512,0,0.5282129909381206,0.004661292303353548,27,False,0.0,0
k2_m30_s1_cancel,k2_exact,cancel,2,30,exp,512,1,0.5282129909381206,0.00433733407407999,27,False,0.0,0
k2_m30_s1_cancel,k2_exact,cancel,2,30,exp,512,2,0.5282129909381206,0.004787791054695845,27,False,0.0,0
k2_m30_s1_cancel,k2_exact,cancel,2,30,exp,512,3,0.5282129909381206,0.00417895894497633,25,False,0.0,0
k2_m30_s1_cancel,k2_exact,cancel,2,30,exp,512,4,0.5282129909381206,0.004904582630842924,27,False,0.0,0
k2_m30_s1_cancel,k2_exact,cancel,2,30,exp,512,5,0.5282129909381206,0.004245624877512455,27,False,0.0,0
k2_m30_s1_cancel,k2_exact,cancel,2,30,exp,512,6,0.5282129909381206,0.004489125218242407,26,False,0.0,0
k2_m30_s1_cancel,k2_exact,cancel,2,30,exp,512,7,0.5282129909381206,0.003969540819525719,24,False,0.0,0
k2_m30_s1_cancel,k2_exact,cancel,2,30,exp,512,8,0.5282129909381206,0.004471249878406525,27,False,0.0,0
k2_m30_s1_cancel,k2_exact,cancel,2,30,exp,512,9,0.5282129909381206,0.004489874932914972,27,False,0.0,0
k2_m30_s1_cancel,k2_exact,cancel,2,30,exp,512,10,0.5282129909381206,0.0043103331699967384,27,False,0.0,0
k2_m30_s1_cancel,k2_exact,cancel,2,30,exp,512,11,0.5282129909381206,0.004614875186234713,26,False,0.0,0
k2_m30_s1_cancel,k2_exact,cancel,2,30,exp,512,12,0.5282129909381206,0.004430999979376793,26,False,0.0,0
k2_m30_s1_cancel,k2_exact,cancel,2,30,exp,512,13,0.5282129909381206,0.004399708006531,27,False,0.0,0
k2_m30_s1_cancel,k2_exact,cancel,2,30,exp,512,14,0.5282129909381206,0.004300333093851805,26,False,0.0,0
k2_m30_s1_cancel,k2_exact,cancel,2,30,exp,512,15,0.5282129909381206,0.004378166049718857,24,False,0.0,0
k2_m30_s1_cancel,k2_exact,cancel,2,30,exp,512,16,0.5282129909381206,0.004337165970355272,25,False,0.0,0
k2_m30_s1_cancel,k2_exact,cancel,2,30,exp,512,17,0.5282129909381206,0.004115832969546318,23,False,0.0,0
k2_m30_s1_cancel,k2_exact,cancel,2,30,exp,512,18,0.5282129909381206,0.0042646657675504684,26,False,0.0,0
k2_m30_s1_cancel,k2_exact,cancel,2,30,exp,512,19,0.5282129909381206,0.0045083751901984215,28,False,0.0,0
k2_m30_s1_cancel,k2_exact,cancel,2,30,exp,512,20,0.5282129909381206,0.004368457943201065,27,False,0.0,0
k2_m30_s1_cancel,k2_exact,cancel,2,30,exp,512,21,0.5282129909381206,0.004444540943950415,27,False,0.0,0
k2_m30_s1_cancel,k2_exact,cancel,2,30,exp,512,22,0.5282129909381206,0.00417083315551281,27,False,0.0,0
k2_m30_s1_cancel,k2_exact,cancel,2,30,exp,512,23,0.5282129909381206,0.0049519166350364685,26,False,0.0,0
k2_m30_s1_cancel,k2_exact,cancel,2,30,exp,512,24,0.5282129909381206,0.004768457729369402,26,False,0.0,0
k2_m30_s1_cancel,k2_exact,cancel,2,30,exp,512,25,0.5282129909381206,0.004188499879091978,27,False,0.0,0
k2_m30_s1_cancel,k2_exact,cancel,2,30,exp,512,26,0.5282129909381206,0.004980749916285276,27,False,0.0,0
k2_m30_s1_cancel,k2_exact,cancel,2,30,exp,512,27,0.5282129909381206,0.004316207952797413,26,False,0.0,0
k2_m30_s1_cancel,k2_exact,cancel,2,30,exp,512,28,0.5282129909381206,0.004711583256721497,24,False,0.0,0
k2_m30_s1_cancel,k2_exact,cancel,2,30,exp,512,29,0.5282129909381206,0.004091375041753054,27,False,0.0,0
k2_m30_s1_cancel,k2_exact,cancel,2,30,exp,512,30,0.5282129909381206,0.00471000000834465,27,False,0.0,0
k2_m30_s1_cancel,k2_exact,cancel,2,30,exp,512,31,0.5282129909381206,0.004201542120426893,25,False,0.0,0
k2_m30_s1_cancel,k2_exact,cancel,2,30,exp,512,32,0.5282129909381206,0.004614416044205427,27,False,0.0,0
k2_m30_s1_cancel,k2_exact,cancel,2,30,exp,512,33,0.5282129909381206,0.004578458145260811,27,False,0.0,0
k2_m30_s1_cancel,k2_exact,cancel,2,30,exp,512,34,0.5282129909381206,0.004265916999429464,24,False,0.0,0
k2_m30_s1_cancel,k2_exact,cancel,2,30,exp,512,35,0.5282129909381206,0.004581124987453222,26,False,0.0,0
k2_m30_s1_cancel,k2_exact,cancel,2,30,exp,512,36,0.5282129909381206,0.004248625133186579,24,False,0.0,0
k2_m30_s1_cancel,k2_exact,cancel,2,30,exp,512,37,0.5282129909381206,0.004787708166986704,25,False,0.0,0
k2_m30_s1_cancel,k2_exact,cancel,2,30,exp,512,38,0.5282129909381206,0.004289417061954737,27,False,0.0,0
k2_m30_s1_cancel,k2_exact,cancel,2,30,exp,512,39,0.5282129909381206,0.00448079127818346,27,False,0.0,0
k2_m30_s1_cancel,k2_exact,cancel,2,30,exp,512,40,0.5282129909381206,0.004170916974544525,23,False,0.0,0
k2_m30_s1_cancel,k2_exact,cancel,2,30,exp,512,41,0.5282129909381206,0.004343959037214518,26,False,0.0,0
k2_m30_s1_cancel,k2_exact,cancel,2,30,exp,512,42,0.5282129909381206,0.004359167069196701,27,False,0.0,0
k2_m30_s1_cancel,k2_exact,cancel,2,30,exp,512,43,0.5282129909381206,0.004555415827780962,27,False,0.0,0
k2_m30_s1_cancel,k2_exact,cancel,2,30,exp,512,44,0.5282129909381206,0.004375208169221878,25,False,0.0,0
k2_m30_s1_cancel,k2_exact,cancel,2,30,exp,512,45,0.5282129909381206,0.004635542165488005,25,False,0.0,0
k2_m30_s1_cancel,k2_exact,cancel,2,30,exp,512,46,0.5282129909381206,0.004747000057250261,26,False,0.0,0
k2_m30_s1_cancel,k2_exact,cancel,2,30,exp,512,47,0.5282129909381206,0.004397792275995016,27,False,0.0,0
k2_m30_s1_cancel,k2_exact,cancel,2,30,exp,512,48,0.5282129909381206,0.004284041002392769,26,False,0.0,0
k2_m30_s1_cancel,k2_exact,cancel,2,30,exp,512,49,0.5282129909381206,0.0043268329463899136,25,False,0.0,0
k2_m30_s1_cancel,k2_exact,cancel,2,30,exp,2048,0,0.5282129909381206,0.007238582707941532,25,False,0.0,0
k2_m30_s1_cancel,k2_exact,cancel,2,30,exp,2048,1,0.5282129909381206,0.007070000283420086,26,False,0.0,0
k2_m30_s1_cancel,k2_exact,cancel,2,30,exp,2048,2,0.5282129909381206,0.007119959220290184,26,False,0.0,0
k2_m30_s1_cancel,k2_exact,cancel,2,30,exp,2048,3,0.5282129909381206,0.006863458082079887,26,False,0.0,0
k2_m30_s1_cancel,k2_exact,cancel,2,30,exp,2048,4,0.5282129909381206,0.0067326659336686134,27,False,0.0,0
k2_m30_s1_cancel,k2_exact,cancel,2,30,exp,2048,5,0.5282129909381206,0.006432124879211187,26,False,0.0,0
k2_m30_s1_cancel,k2_exact,cancel,2,30,exp,2048,6,0.5282129909381206,0.00692987535148859,27,False,0.0,0
k2_m30_s1_cancel,k2_exact,cancel,2,30,exp,2048,7,0.5282129909381206,0.006963666994124651,27,False,0.0,0
k2_m30_s1_cancel,k2_exact,cancel,2,30,exp,2048,8,0.5282129909381206,0.006949707865715027,27,False,0.0,0
k2_m30_s1_cancel,k2_exact,cancel,2,30,exp,2048,9,0.5282129909381206,0.0067565832287073135,26,False,0.0,0
k2_m30_s1_cancel,k2_exact,cancel,2,30,exp,2048,10,0.5282129909381206,0.0066314577125012875,27,False,0.0,0
k2_m30_s1_cancel,k2_exact,cancel,2,30,exp,2048,11,0.5282129909381206,0.007088332902640104,26,False,0.0,0
k2_m30_s1_cancel,k2_exact,cancel,2,30,exp,2048,12,0.5282129909381206,0.006792000029236078,27,False,0.0,0
k2_m30_s1_cancel,k2_exact,cancel,2,30,exp,2048,13,0.5282129909381206,0.006741000339388847,27,False,0.0,0
k2_m30_s1_cancel,k2_exact,cancel,2,30,exp,2048,14,0.5282129909381206,0.0065035829320549965,26,False,0.0,0
k2_m30_s1_cancel,k2_exact,cancel,2,30,exp,2048,15,0.5282129909381206,0.007619041018188,25,False,0.0,0
k2_m30_s1_cancel,k2_exact,cancel,2,30,exp,2048,16,0.5282129909381206,0.007082666270434856,26,False,0.0,0
k2_m30_s1_cancel,k2_exact,cancel,2,30,exp,2048,17,0.5282129909381206,0.006375208031386137,24,False,0.0,0
k2_m30_s1_cancel,k2_exact,cancel,2,30,exp,2048,18,0.5282129909381206,0.006761499680578709,27,False,0.0,0
k2_m30_s1_cancel,k2_exact,cancel,2,30,exp,2048,19,0.5282129909381206,0.0066244169138371944,25,False,0.0,0
k2_m30_s1_cancel,k2_exact,cancel,2,30,exp,2048,20,0.5282129909381206,0.006986833177506924,25,False,0.0,0
k2_m30_s1_cancel,k2_exact,cancel,2,30,exp,2048,21,0.5282129909381206,0.006973958108574152,27,False,0.0,0
k2_m30_s1_cancel,k2_exact,cancel,2,30,exp,2048,22,0.5282129909381206,0.006749041844159365,26,False,0.0,0
k2_m30_s1_cancel,k2_exact,cancel,2,30,exp,2048,23,0.5282129909381206,0.006467124912887812,24,False,0.0,0
k2_m30_s1_cancel,k2_exact,cancel,2,30,exp,2048,24,0.5282129909381206,0.006749833934009075,26,False,0.0,0
k2_m30_s1_cancel,k2_exact,cancel,2,30,exp,2048,25,0.5282129909381206,0.006819374859333038,25,False,0.0,0
k2_m30_s1_cancel,k2_exact,cancel,2,30,exp,2048,26,0.5282129909381206,0.00640933308750391,24,False,0.0,0
k2_m30_s1_cancel,k2_exact,cancel,2,30,exp,2048,27,0.5282129909381206,0.006744333077222109,25,False,0.0,0
k2_m30_s1_cancel,k2_exact,cancel,2,30,exp,2048,28,0.5282129909381206,0.006846375297755003,26,False,0.0,0
k2_m30_s1_cancel,k2_exact,cancel,2,30,exp,2048,29,0.5282129909381206,0.006709374953061342,25,False,0.0,0
k2_m30_s1_cancel,k2_exact,cancel,2,30,exp,2048,30,0.5282129909381206,0.006823417264968157,27,False,0.0,0
k2_m30_s1_cancel,k2_exact,cancel,2,30,exp,2048,31,0.5282129909381206,0.006834832951426506,25,False,0.0,0
k2_m30_s1_cancel,k2_exact,cancel,2,30,exp,2048,32,0.5282129909381206,0.006431249901652336,25,False,0.0,0
k2_m30_s1_cancel,k2_exact,cancel,2,30,exp,2048,33,0.5282129909381206,0.006499957758933306,25,False,0.0,0
k2_m30_s1_cancel,k2_exact,cancel,2,30,exp,2048,34,0.5282129909381206,0.006781000178307295,26,False,0.0,0
k2_m30_s1_cancel,k2_exact,cancel,2,30,exp,2048,35,0.5282129909381206,0.0072286250069737434,24,False,0.0,0
k2_m30_s1_cancel,k2_exact,cancel,2,30,exp,2048,36,0.5282129909381206,0.007148375269025564,26,False,0.0,0
k2_m30_s1_cancel,k2_exact,cancel,2,30,exp,2048,37,0.5282129909381206,0.006717375013977289,25,False,0.0,0
k2_m30_s1_cancel,k2_exact,cancel,2,30,exp,2048,38,0.5282129909381206,0.007274458184838295,26,False,0.0,0
k2_m30_s1_cancel,k2_exact,cancel,2,30,exp,2048,39,0.5282129909381206,0.006555749569088221,25,False,0.0,0
k2_m30_s1_cancel,k2_exact,cancel,2,30,exp,2048,40,0.5282129909381206,0.006875707767903805,25,False,0.0,0
k2_m30_s1_cancel,k2_exact,cancel,2,30,exp,2048,41,0.5282129909381206,0.006909791845828295,26,False,0.0,0
k2_m30_s1_cancel,k2_exact,cancel,2,30,exp,2048,42,0.5282129909381206,0.0069227078929543495,26,False,0.0,0
k2_m30_s1_cancel,k2_exact,cancel,2,30,exp,2048,43,0.5282129909381206,0.0066633750684559345,26,False,0.0,0
k2_m30_s1_cancel,k2_exact,cancel,2,30,exp,2048,44,0.5282129909381206,0.006577124819159508,26,False,0.0,0
k2_m30_s1_cancel,k2_exact,cancel,2,30,exp,2048,45,0.5282129909381206,0.007238499820232391,27,False,0.0,0
k2_m30_s1_cancel,k2_exact,cancel,2,30,exp,2048,46,0.5282129909381206,0.006929625291377306,25,False,0.0,0
k2_m30_s1_cancel,k2_exact,cancel,2,30,exp,2048,47,0.5282129909381206,0.0069548748433589935,27,False,0.0,0
k2_m30_s1_cancel,k2_exact,cancel,2,30,exp,2048,48,0.5282129909381206,0.0068869576789438725,26,False,0.0,0
k2_m30_s1_cancel,k2_exact,cancel,2,30,exp,2048,49,0.5282129909381206,0.006521082948893309,27,False,0.0,0
k2_m30_s1_cancel,k2_exact,cancel,2,30,sobol,128,0,0.5282129909381206,0.0034504588693380356,24,False,0.0,0
k2_m30_s1_cancel,k2_exact,cancel,2,30,sobol,128,1,0.5282129909381206,0.0033915829844772816,24,False,0.0,0
k2_m30_s1_cancel,k2_exact,cancel,2,30,sobol,128,2,0.5282129909381206,0.003317417111247778,23,False,0.0,0
k2_m30_s1_cancel,k2_exact,cancel,2,30,sobol,128,3,0.5282129909381206,0.0033519170247018337,24,False,0.0,0
k2_m30_s1_cancel,k2_exact,cancel,2,30,sobol,128,4,0.5282129909381206,0.003648791927844286,24,False,0.0,0
k2_m30_s1_cancel,k2_exact,cancel,2,30,sobol,128,5,0.5282129909381206,0.0036861668340861797,26,False,0.0,0
k2_m30_s1_cancel,k2_exact,cancel,2,30,sobol,128,6,0.5282129909381206,0.003525333944708109,23,False,0.0,0
k2_m30_s1_cancel,k2_exact,cancel,2,30,sobol,128,7,0.5282129909381206,0.003497249912470579,24,False,0.0,0
k2_m30_s1_cancel,k2_exact,cancel,2,30,sobol,128,8,0.5282129909381206,0.003757291939109564,26,False,0.0,0
k2_m30_s1_cancel,k2_exact,cancel,2,30,sobol,128,9,0.5282129909381206,0.00348995765671134,23,False,0.0,0
k2_m30_s1_cancel,k2_exact,cancel,2,30,sobol,128,10,0.5282129909381206,0.0038940003141760826,24,False,0.0,0
k2_m30_s1_cancel,k2_exact,cancel,2,30,sobol,128,11,0.5282129909381206,0.004066041670739651,24,False,0.0,0
k2_m30_s1_cancel,k2_exact,cancel,2,30,sobol,128,12,0.5282129909381206,0.006282750051468611,26,False,0.0,0
k2_m30_s1_cancel,k2_exact,cancel,2,30,sobol,128,13,0.5282129909381206,0.011023000348359346,24,False,0.0,0
k2_m30_s1_cancel,k2_exact,cancel,2,30,sobol,128,14,0.5282129909381206,0.010701624676585197,26,False,0.0,0
k2_m30_s1_cancel,k2_exact,cancel,2,30,sobol,128,15,0.5282129909381206,0.004107666201889515,24,False,0.0,0
k2_m30_s1_cancel,k2_exact,cancel,2,30,sobol,128,16,0.5282129909381206,0.003768041729927063,24,False,0.0,0
k2_m30_s1_cancel,k2_exact,cancel,2,30,sobol,128,17,0.5282129909381206,0.003954124636948109,25,False,0.0,0
k2_m30_s1_cancel,k2_exact,cancel,2,30,sobol,128,18,0.5282129909381206,0.003837000112980604,23,False,0.0,0
k2_m30_s1_cancel,k2_exact,cancel,2,30,sobol,128,19,0.5282129909381206,0.0036128750070929527,24,False,0.0,0
k2_m30_s1_cancel,k2_exact,cancel,2,30,sobol,128,20,0.5282129909381206,0.003731417004019022,24,False,0.0,0
k2_m30_s1_cancel,k2_exact,cancel,2,30,sobol,128,21,0.5282129909381206,0.0034234998747706413,24,False,0.0,0
k2_m30_s1_cancel,k2_exact,cancel,2,30,sobol,128,22,0.5282129909381206,0.003718750085681677,24,False,0.0,0
k2_m30_s1_cancel,k2_exact,cancel,2,30,sobol,128,23,0.5282129909381206,0.003346208017319441,23,False,0.0,0
k2_m30_s1_cancel,k2_exact,cancel,2,30,sobol,128,24,0.5282129909381206,0.00340470764786005,23,False,0.0,0
k2_m30_s1_cancel,k2_exact,cancel,2,30,sobol,128,25,0.5282129909381206,0.003682292066514492,23,False,0.0,0
k2_m30_s1_cancel,k2_exact,cancel,2,30,sobol,128,26,0.5282129909381206,0.00350787490606308,24,False,0.0,0
k2_m30_s1_cancel,k2_exact,cancel,2,30,sobol,128,27,0.5282129909381206,0.0036636670120060444,24,False,0.0,0
k2_m30_s1_cancel,k2_exact,cancel,2,30,sobol,128,28,0.5282129909381206,0.003738167230039835,27,False,0.0,0
k2_m30_s1_cancel,k2_exact,cancel,2,30,sobol,128,29,0.5282129909381206,0.0036267079412937164,24,False,0.0,0
k2_m30_s1_cancel,k2_exact,cancel,2,30,sobol,128,30,0.5282129909381206,0.003611459396779537,24,False,0.0,0
k2_m30_s1_cancel,k2_exact,cancel,2,30,sobol,128,31,0.5282129909381206,0.0036045419983565807,24,False,0.0,0
k2_m30_s1_cancel,k2_exact,cancel,2,30,sobol,128,32,0.5282129909381206,0.0033431248739361763,23,False,0.0,0
k2_m30_s1_cancel,k2_exact,cancel,2,30,sobol,128,33,0.5282129909381206,0.0036009997129440308,23,False,0.0,0
k2_m30_s1_cancel,k2_exact,cancel,2,30,sobol,128,34,0.5282129909381206,0.00334929209202528,23,False,0.0,0
k2_m30_s1_cancel,k2_exact,cancel,2,30,sobol,128,35,0.5282129909381206,0.00361008383333683,23,False,0.0,0
k2_m30_s1_cancel,k2_exact,cancel,2,30,sobol,128,36,0.5282129909381206,0.0032845409587025642,22,False,0.0,0
k2_m30_s1_cancel,k2_exact,cancel,2,30,sobol,128,37,0.5282129909381206,0.0033366247080266476,24,False,0.0,0
k2_m30_s1_cancel,k2_exact,cancel,2,30,sobol,128,38,0.5282129909381206,0.0036364998668432236,24,False,0.0,0
k2_m30_s1_cancel,k2_exact,cancel,2,30,sobol,128,39,0.5282129909381206,0.003762334119528532,26,False,0.0,0
k2_m30_s1_cancel,k2_exact,cancel,2,30,sobol,128,40,0.5282129909381206,0.003806500229984522,26,False,0.0,0
k2_m30_s1_cancel,k2_exact,cancel,2,30,sobol,128,41,0.5282129909381206,0.0033297501504421234,23,False,0.0,0
k2_m30_s1_cancel,k2_exact,cancel,2,30,sobol,128,42,0.5282129909381206,0.00352758402004838,24,False,0.0,0
k2_m30_s1_cancel,k2_exact,cancel,2,30,sobol,128,43,0.5282129909381206,0.0035468325950205326,24,False,0.0,0
k2_m30_s1_cancel,k2_exact,cancel,2,30,sobol,128,44,0.5282129909381206,0.0035503339022397995,24,False,0.0,0
k2_m30_s1_cancel,k2_exact,cancel,2,30,sobol,128,45,0.5282129909381206,0.003351416904479265,23,False,0.0,0
k2_m30_s1_cancel,k2_exact,cancel,2,30,sobol,128,46,0.5282129909381206,0.0036292909644544125,24,False,0.0,0
k2_m30_s1_cancel,k2_exact,cancel,2,30,sobol,128,47,0.5282129909381206,0.0036445409059524536,26,False,0.0,0
k2_m30_s1_cancel,k2_exact,cancel,2,30,sobol,128,48,0.5282129909381206,0.0033806245774030685,24,False,0.0,0
k2_m30_s1_cancel,k2_exact,cancel,2,30,sobol,128,49,0.5282129909381206,0.003644416108727455,23,False,0.0,0
k2_m30_s1_cancel,k2_exact,cancel,2,30,sobol,512,0,0.5282129909381206,0.004253250081092119,26,False,0.0,0
k2_m30_s1_cancel,k2_exact,cancel,2,30,sobol,512,1,0.5282129909381206,0.004571666941046715,27,False,0.0,0
k2_m30_s1_cancel,k2_exact,cancel,2,30,sobol,512,2,0.5282129909381206,0.00451479060575366,27,False,0.0,0
k2_m30_s1_cancel,k2_exact,cancel,2,30,sobol,512,3,0.5282129909381206,0.004385708831250668,27,False,0.0,0
k2_m30_s1_cancel,k2_exact,cancel,2,30,sobol,512,4,0.5282129909381206,0.004587540868669748,27,False,0.0,0
k2_m30_s1_cancel,k2_exact,cancel,2,30,sobol,512,5,0.5282129909381206,0.004312708042562008,27,False,0.0,0
k2_m30_s1_cancel,k2_exact,cancel,2,30,sobol,512,6,0.5282129909381206,0.004363832995295525,27,False,0.0,0
k2_m30_s1_cancel,k2_exact,cancel,2,30,sobol,512,7,0.5282129909381206,0.004343958105891943,26,False,0.0,0
k2_m30_s1_cancel,k2_exact,cancel,2,30,sobol,512,8,0.5282129909381206,0.004389999900013208,26,False,0.0,0
k2_m30_s1_cancel,k2_exact,cancel,2,30,sobol,512,9,0.5282129909381206,0.004286999814212322,27,False,0.0,0
k2_m30_s1_cancel,k2_exact,cancel,2,30,sobol,512,10,0.5282129909381206,0.004278083331882954,27,False,0.0,0
k2_m30_s1_cancel,k2_exact,cancel,2,30,sobol,512,11,0.5282129909381206,0.00415783328935504,27,False,0.0,0
k2_m30_s1_cancel,k2_exact,cancel,2,30,sobol,512,12,0.5282129909381206,0.00441691605374217,27,False,0.0,0
k2_m30_s1_cancel,k2_exact,cancel,2,30,sobol,512,13,0.5282129909381206,0.00432954216375947,26,False,0.0,0
k2_m30_s1_cancel,k2_exact,cancel,2,30,sobol,512,14,0.5282129909381206,0.00435091694816947,27,False,0.0,0
k2_m30_s1_cancel,k2_exact,cancel,2,30,sobol,512,15,0.5282129909381206,0.004794707987457514,27,False,0.0,0
k2_m30_s1_cancel,k2_exact,cancel,2,30,sobol,512,16,0.5282129909381206,0.0044541251845657825,27,False,0.0,0
k2_m30_s1_cancel,k2_exact,cancel,2,30,sobol,512,17,0.5282129909381206,0.004402291961014271,27,False,0.0,0
k2_m30_s1_cancel,k2_exact,cancel,2,30,sobol,512,18,0.5282129909381206,0.004373665899038315,27,False,0.0,0
k2_m30_s1_cancel,k2_exact,cancel,2,30,sobol,512,19,0.5282129909381206,0.004293709062039852,27,False,0.0,0
k2_m30_s1_cancel,k2_exact,cancel,2,30,sobol,512,20,0.5282129909381206,0.004185041878372431,27,False,0.0,0
k2_m30_s1_cancel,k2_exact,cancel,2,30,sobol,512,21,0.5282129909381206,0.00424491660669446,27,False,0.0,0
k2_m30_s1_cancel,k2_exact,cancel,2,30,sobol,512,22,0.5282129909381206,0.0041921669617295265,27,False,0.0,0
k2_m30_s1_cancel,k2_exact,cancel,2,30,sobol,512,23,0.5282129909381206,0.00432283291593194,26,False,0.0,0
k2_m30_s1_cancel,k2_exact,cancel,2,30,sobol,512,24,0.5282129909381206,0.004416417330503464,26,False,0.0,0
k2_m30_s1_cancel,k2_exact,cancel,2,30,sobol,512,25,0.5282129909381206,0.004337625112384558,27,False,0.0,0
k2_m30_s1_cancel,k2_exact,cancel,2,30,sobol,512,26,0.5282129909381206,0.004603041801601648,27,False,0.0,0
k2_m30_s1_cancel,k2_exact,cancel,2,30,sobol,512,27,0.5282129909381206,0.004315999802201986,27,False,0.0,0
k2_m30_s1_cancel,k2_exact,cancel,2,30,sobol,512,28,0.5282129909381206,0.004346834030002356,26,False,0.0,0
k2_m30_s1_cancel,k2_exact,cancel,2,30,sobol,512,29,0.5282129909381206,0.004364500287920237,26,False,0.0,0
k2_m30_s1_cancel,k2_exact,cancel,2,30,sobol,512,30,0.5282129909381206,0.004207416903227568,27,False,0.0,0
k2_m30_s1_cancel,k2_exact,cancel,2,30,sobol,512,31,0.5282129909381206,0.004174916073679924,26,False,0.0,0
k2_m30_s1_cancel,k2_exact,cancel,2,30,sobol,512,32,0.5282129909381206,0.004260167013853788,27,False,0.0,0
k2_m30_s1_cancel,k2_exact,cancel,2,30,sobol,512,33,0.5282129909381206,0.004332208074629307,27,False,0.0,0
k2_m30_s1_cancel,k2_exact,cancel,2,30,sobol,512,34,0.5282129909381206,0.004569165874272585,27,False,0.0,0
k2_m30_s1_cancel,k2_exact,cancel,2,30,sobol,512,35,0.5282129909381206,0.006268749944865704,26,False,0.0,0
k2_m30_s1_cancel,k2_exact,cancel,2,30,sobol,512,36,0.5282129909381206,0.004355417098850012,26,False,0.0,0
k2_m30_s1_cancel,k2_exact,cancel,2,30,sobol,512,37,0.5282129909381206,0.004821000155061483,27,False,0.0,0
k2_m30_s1_cancel,k2_exact,cancel,2,30,sobol,512,38,0.5282129909381206,0.004733374807983637,27,False,0.0,0
k2_m30_s1_cancel,k2_exact,cancel,2,30,sobol,512,39,0.5282129909381206,0.004824125207960606,27,False,0.0,0
k2_m30_s1_cancel,k2_exact,cancel,2,30,sobol,512,40,0.5282129909381206,0.0045431251637637615,27,False,0.0,0
k2_m30_s1_cancel,k2_exact,cancel,2,30,sobol,512,41,0.5282129909381206,0.004459457937628031,25,False,0.0,0
k2_m30_s1_cancel,k2_exact,cancel,2,30,sobol,512,42,0.5282129909381206,0.00469879200682044,26,False,0.0,0
k2_m30_s1_cancel,k2_exact,cancel,2,30,sobol,512,43,0.5282129909381206,0.004451790824532509,25,False,0.0,0
k2_m30_s1_cancel,k2_exact,cancel,2,30,sobol,512,44,0.5282129909381206,0.004120916593819857,27,False,0.0,0
k2_m30_s1_cancel,k2_exact,cancel,2,30,sobol,512,45,0.5282129909381206,0.004870125092566013,27,False,0.0,0
k2_m30_s1_cancel,k2_exact,cancel,2,30,sobol,512,46,0.5282129909381206,0.004630291368812323,26,False,0.0,0
k2_m30_s1_cancel,k2_exact,cancel,2,30,sobol,512,47,0.5282129909381206,0.004437082912772894,26,False,0.0,0
k2_m30_s1_cancel,k2_exact,cancel,2,30,sobol,512,48,0.5282129909381206,0.004519749898463488,27,False,0.0,0
k2_m30_s1_cancel,k2_exact,cancel,2,30,sobol,512,49,0.5282129909381206,0.004480750299990177,27,False,0.0,0
k2_m30_s1_cancel,k2_exact,cancel,2,30,sobol,2048,0,0.5282129909381206,0.006803332827985287,27,False,0.0,0
k2_m30_s1_cancel,k2_exact,cancel,2,30,sobol,2048,1,0.5282129909381206,0.006911416072398424,26,False,0.0,0
k2_m30_s1_cancel,k2_exact,cancel,2,30,sobol,2048,2,0.5282129909381206,0.006539666093885899,25,False,0.0,0
k2_m30_s1_cancel,k2_exact,cancel,2,30,sobol,2048,3,0.5282129909381206,0.006508749909698963,26,False,0.0,0
k2_m30_s1_cancel,k2_exact,cancel,2,30,sobol,2048,4,0.5282129909381206,0.006696625147014856,27,False,0.0,0
k2_m30_s1_cancel,k2_exact,cancel,2,30,sobol,2048,5,0.5282129909381206,0.00679716607555747,26,False,0.0,0
k2_m30_s1_cancel,k2_exact,cancel,2,30,sobol,2048,6,0.5282129909381206,0.006611249875277281,27,False,0.0,0
k2_m30_s1_cancel,k2_exact,cancel,2,30,sobol,2048,7,0.5282129909381206,0.006516375113278627,25,False,0.0,0
k2_m30_s1_cancel,k2_exact,cancel,2,30,sobol,2048,8,0.5282129909381206,0.006782290991395712,27,False,0.0,0
k2_m30_s1_cancel,k2_exact,cancel,2,30,sobol,2048,9,0.5282129909381206,0.006567583419382572,27,False,0.0,0
k2_m30_s1_cancel,k2_exact,cancel,2,30,sobol,2048,10,0.5282129909381206,0.006536500062793493,27,False,0.0,0
k2_m30_s1_cancel,k2_exact,cancel,2,30,sobol,2048,11,0.5282129909381206,0.006737916264683008,26,False,0.0,0
k2_m30_s1_cancel,k2_exact,cancel,2,30,sobol,2048,12,0.5282129909381206,0.0065756672993302345,26,False,0.0,0
k2_m30_s1_cancel,k2_exact,cancel,2,30,sobol,2048,13,0.5282129909381206,0.006523665972054005,27,False,0.0,0
k2_m30_s1_cancel,k2_exact,cancel,2,30,sobol,2048,14,0.5282129909381206,0.00687575014308095,27,False,0.0,0
k2_m30_s1_cancel,k2_exact,cancel,2,30,sobol,2048,15,0.5282129909381206,0.006928708404302597,27,False,0.0,0
k2_m30_s1_cancel,k2_exact,cancel,2,30,sobol,2048,16,0.5282129909381206,0.006514541804790497,24,False,0.0,0
k2_m30_s1_cancel,k2_exact,cancel,2,30,sobol,2048,17,0.5282129909381206,0.006741000339388847,27,False,0.0,0
k2_m30_s1_cancel,k2_exact,cancel,2,30,sobol,2048,18,0.5282129909381206,0.006534582935273647,24,False,0.0,0
k2_m30_s1_cancel,k2_exact,cancel,2,30,sobol,2048,19,0.5282129909381206,0.0065788342617452145,27,False,0.0,0
k2_m30_s1_cancel,k2_exact,cancel,2,30,sobol,2048,20,0.5282129909381206,0.006469249725341797,25,False,0.0,0
k2_m30_s1_cancel,k2_exact,cancel,2,30,sobol,2048,21,0.5282129909381206,0.006811666768044233,25,False,0.0,0
k2_m30_s1_cancel,k2_exact,cancel,2,30,sobol,2048,22,0.5282129909381206,0.006817582994699478,24,False,0.0,0
k2_m30_s1_cancel,k2_exact,cancel,2,30,sobol,2048,23,0.5282129909381206,0.00675395829603076,24,False,0.0,0
k2_m30_s1_cancel,k2_exact,cancel,2,30,sobol,2048,24,0.5282129909381206,0.006691624876111746,25,False,0.0,0
k2_m30_s1_cancel,k2_exact,cancel,2,30,sobol,2048,25,0.5282129909381206,0.006579417269676924,25,False,0.0,0
k2_m30_s1_cancel,k2_exact,cancel,2,30,sobol,2048,26,0.5282129909381206,0.006412417162209749,27,False,0.0,0
k2_m30_s1_cancel,k2_exact,cancel,2,30,sobol,2048,27,0.5282129909381206,0.006630083080381155,25,False,0.0,0
k2_m30_s1_cancel,k2_exact,cancel,2,30,sobol,2048,28,0.5282129909381206,0.00667229201644659,26,False,0.0,0
k2_m30_s1_cancel,k2_exact,cancel,2,30,sobol,2048,29,0.5282129909381206,0.006957499776035547,27,False,0.0,0
k2_m30_s1_cancel,k2_exact,cancel,2,30,sobol,2048,30,0.5282129909381206,0.006650709081441164,26,False,0.0,0
k2_m30_s1_cancel,k2_exact,cancel,2,30,sobol,2048,31,0.5282129909381206,0.006815667264163494,27,False,0.0,0
k2_m30_s1_cancel,k2_exact,cancel,2,30,sobol,2048,32,0.5282129909381206,0.0063657090067863464,24,False,0.0,0
k2_m30_s1_cancel,k2_exact,cancel,2,30,sobol,2048,33,0.5282129909381206,0.007015957962721586,26,False,0.0,0
k2_m30_s1_cancel,k2_exact,cancel,2,30,sobol,2048,34,0.5282129909381206,0.006746541243046522,25,False,0.0,0
k2_m30_s1_cancel,k2_exact,cancel,2,30,sobol,2048,35,0.5282129909381206,0.0068670837208628654,26,False,0.0,0
k2_m30_s1_cancel,k2_exact,cancel,2,30,sobol,2048,36,0.5282129909381206,0.007078458089381456,27,False,0.0,0
k2_m30_s1_cancel,k2_exact,cancel,2,30,sobol,2048,37,0.5282129909381206,0.006924542132765055,27,False,0.0,0
k2_m30_s1_cancel,k2_exact,cancel,2,30,sobol,2048,38,0.5282129909381206,0.006507500074803829,25,False,0.0,0
k2_m30_s1_cancel,k2_exact,cancel,2,30,sobol,2048,39,0.5282129909381206,0.0065377079881727695,25,False,0.0,0
k2_m30_s1_cancel,k2_exact,cancel,2,30,sobol,2048,40,0.5282129909381206,0.006661250256001949,26,False,0.0,0
k2_m30_s1_cancel,k2_exact,cancel,2,30,sobol,2048,41,0.5282129909381206,0.006688334047794342,26,False,0.0,0
k2_m30_s1_cancel,k2_exact,cancel,2,30,sobol,2048,42,0.5282129909381206,0.006813874933868647,27,False,0.0,0
k2_m30_s1_cancel,k2_exact,cancel,2,30,sobol,2048,43,0.5282129909381206,0.006947333924472332,26,False,0.0,0
k2_m30_s1_cancel,k2_exact,cancel,2,30,sobol,2048,44,0.5282129909381206,0.006479083094745874,26,False,0.0,0
k2_m30_s1_cancel,k2_exact,cancel,2,30,sobol,2048,45,0.5282129909381206,0.006271666847169399,25,False,0.0,0
k2_m30_s1_cancel,k2_exact,cancel,2,30,sobol,2048,46,0.5282129909381206,0.006773374974727631,26,False,0.0,0
k2_m30_s1_cancel,k2_exact,cancel,2,30,sobol,2048,47,0.5282129909381206,0.006754082627594471,25,False,0.0,0
k2_m30_s1_cancel,k2_exact,cancel,2,30,sobol,2048,48,0.5282129909381206,0.006634250283241272,26,False,0.0,0
k2_m30_s1_cancel,k2_exact,cancel,2,30,sobol,2048,49,0.5282129909381206,0.0070075830444693565,27,False,0.0,0
k2_m200_s0_gauss,k2_exact,gauss,2,200,exp,128,0,4.638318475714356,0.017854374833405018,37,False,0.0,0
k2_m200_s0_gauss,k2_exact,gauss,2,200,exp,128,1,4.638318475714356,0.01742220763117075,36,False,0.0,0
k2_m200_s0_gauss,k2_exact,gauss,2,200,exp,128,2,4.638318475714353,0.017178207635879517,36,False,5.744614719863551e-16,0
k2_m200_s0_gauss,k2_exact,gauss,2,200,exp,128,3,4.6383184757142955,0.01721779117360711,36,False,1.3021126698357382e-14,0
k2_m200_s0_gauss,k2_exact,gauss,2,200,exp,128,4,4.638318475714225,0.017250292003154755,36,False,2.81486121273314e-14,0
k2_m200_s0_gauss,k2_exact,gauss,2,200,exp,128,5,4.638318475714176,0.017331291921436787,36,False,3.8680405780414573e-14,0
k2_m200_s0_gauss,k2_exact,gauss,2,200,exp,128,6,4.638318475714346,0.017101207748055458,36,False,2.1063587306166352e-15,0
k2_m200_s0_gauss,k2_exact,gauss,2,200,exp,128,7,4.638318475714356,0.017926708795130253,39,False,0.0,0
k2_m200_s0_gauss,k2_exact,gauss,2,200,exp,128,8,4.638318475714329,0.01687150029465556,36,False,5.744614719863551e-15,0
k2_m200_s0_gauss,k2_exact,gauss,2,200,exp,128,9,4.638318475714354,0.016793500166386366,36,False,3.829743146575701e-16,0
k2_m200_s0_gauss,k2_exact,gauss,2,200,exp,128,10,4.638318475714356,0.018571999855339527,40,False,0.0,0
k2_m200_s0_gauss,k2_exact,gauss,2,200,exp,128,11,4.638318475714343,0.01677183387801051,35,False,2.6808202026029905e-15,0
k2_m200_s0_gauss,k2_exact,gauss,2,200,exp,128,12,4.638318475714356,0.01746779214590788,37,False,0.0,0
k2_m200_s0_gauss,k2_exact,gauss,2,200,exp,128,13,4.638318475714351,0.01708566676825285,36,False,9.574357866439252e-16,0
k2_m200_s0_gauss,k2_exact,gauss,2,200,exp,128,14,4.638318475714356,0.017776290886104107,37,False,0.0,0
k2_m200_s0_gauss,k2_exact,gauss,2,200,exp,128,15,4.638318475714334,0.016765708103775978,36,False,4.787178933219626e-15,0
k2_m200_s0_gauss,k2_exact,gauss,2,200,exp,128,16,4.638318475714347,0.016861500218510628,36,False,1.9148715732878504e-15,0
k2_m200_s0_gauss,k2_exact,gauss,2,200,exp,128,17,4.638318475714291,0.0177180003374815,38,False,1.3978562485001308e-14,0
k2_m200_s0_gauss,k2_exact,gauss,2,200,exp,128,18,4.638318475714289,0.0169065841473639,36,False,1.4361536799658877e-14,0
k2_m200_s0_gauss,k2_exact,gauss,2,200,exp,128,19,4.638318475713949,0.017326540779322386,37,False,8.770111805658355e-14,0
k2_m200_s0_gauss,k2_exact,gauss,2,200,exp,128,20,4.638318475714356,0.018269292078912258,39,False,0.0,0
k2_m200_s0_gauss,k2_exact,gauss,2,200,exp,128,21,4.6383184757143106,0.016468083020299673,35,False,9.765845023768036e-15,0
k2_m200_s0_gauss,k2_exact,gauss,2,200,exp,128,22,4.638318475714333,0.017087459098547697,36,False,4.9786660905484106e-15,0
k2_m200_s0_gauss,k2_exact,gauss,2,200,exp,128,23,4.638318475714353,0.01689866604283452,36,False,5.744614719863551e-16,0
k2_m200_s0_gauss,k2_exact,gauss,2,200,exp,128,24,4.638318475714356,0.017564167268574238,37,False,0.0,0
k2_m200_s0_gauss,k2_exact,gauss,2,200,exp,128,25,4.638318475714352,0.01666354201734066,36,False,7.659486293151402e-16,0
k2_m200_s0_gauss,k2_exact,gauss,2,200,exp,128,26,4.638318475714352,0.01791229099035263,37,False,7.659486293151402e-16,0
k2_m200_s0_gauss,k2_exact,gauss,2,200,exp,128,27,4.638318475714352,0.017132291104644537,36,False,7.659486293151402e-16,0
k2_m200_s0_gauss,k2_exact,gauss,2,200,exp,128,28,4.638318475714352,0.01715995790436864,36,False,7.659486293151402e-16,0
k2_m200_s0_gauss,k2_exact,gauss,2,200,exp,128,29,4.638318475714356,0.017183749936521053,36,False,0.0,0
k2_m200_s0_gauss,k2_exact,gauss,2,200,exp,128,30,4.638318475714356,0.016600000206381083,35,False,0.0,0
k2_m200_s0_gauss,k2_exact,gauss,2,200,exp,128,31,4.638318475714344,0.0172114591114223,36,False,2.4893330452742053e-15,0
k2_m200_s0_gauss,k2_exact,gauss,2,200,exp,128,32,4.638318475714356,0.017593167256563902,37,False,0.0,0
k2_m200_s0_gauss,k2_exact,gauss,2,200,exp,128,33,4.638318475714354,0.017824084032326937,37,False,3.829743146575701e-16,0
k2_m200_s0_gauss,k2_exact,gauss,2,200,exp,128,34,4.638318475714356,0.017339542042464018,37,False,0.0,0
k2_m200_s0_gauss,k2_exact,gauss,2,200,exp,128,35,4.638318475714356,0.017105458304286003,36,False,0.0,0
k2_m200_s0_gauss,k2_exact,gauss,2,200,exp,128,36,4.638318475714355,0.017331582959741354,36,False,1.9148715732878504e-16,0
k2_m200_s0_gauss,k2_exact,gauss,2,200,exp,128,37,4.638318475714353,0.01809412520378828,37,False,5.744614719863551e-16,0
k2_m200_s0_gauss,k2_exact,gauss,2,200,exp,128,38,4.638318475714337,0.016766041982918978,36,False,4.021230303904486e-15,0
k2_m200_s0_gauss,k2_exact,gauss,2,200,exp,128,39,4.638318475714356,0.017616833094507456,37,False,0.0,0
k2_m200_s0_gauss,k2_exact,gauss,2,200,exp,128,40,4.6383184757143425,0.016992665827274323,36,False,2.8723073599317754e-15,0
k2_m200_s0_gauss,k2_exact,gauss,2,200,exp,128,41,4.638318475714356,0.017425708007067442,37,False,0.0,0
k2_m200_s0_gauss,k2_exact,gauss,2,200,exp,128,42,4.638318475714346,0.01798883406445384,38,False,2.1063587306166352e-15,0
k2_m200_s0_gauss,k2_exact,gauss,2,200,exp,128,43,4.638318475714352,0.017318999860435724,36,False,7.659486293151402e-16,0
k2_m200_s0_gauss,k2_exact,gauss,2,200,exp,128,44,4.638318475714352,0.01724145794287324,36,False,7.659486293151402e-16,0
k2_m200_s0_gauss,k2_exact,gauss,2,200,exp,128,45,4.638318475714353,0.016954666934907436,36,False,5.744614719863551e-16,0
k2_m200_s0_gauss,k2_exact,gauss,2,200,exp,128,46,4.638318475714356,0.01787512470036745,38,False,0.0,0
k2_m200_s0_gauss,k2_exact,gauss,2,200,exp,128,47,4.638318475714344,0.0170755828730762,36,False,2.4893330452742053e-15,0
k2_m200_s0_gauss,k2_exact,gauss,2,200,exp,128,48,4.638318475714356,0.017153416760265827,37,False,0.0,0
k2_m200_s0_gauss,k2_exact,gauss,2,200,exp,128,49,4.63831847571435,0.017735333181917667,38,False,1.3404101013014953e-15,0
k2_m200_s0_gauss,k2_exact,gauss,2,200,exp,512,0,4.638318475714335,0.01840825006365776,37,False,4.404204618562056e-15,0
k2_m200_s0_gauss,k2_exact,gauss,2,200,exp,512,1,4.638318475714292,0.017821707762777805,37,False,1.3787075327672523e-14,0
k2_m200_s0_gauss,k2_exact,gauss,2,200,exp,512,2,4.638318475714319,0.018215958960354328,37,False,7.850973450480187e-15,0
k2_m200_s0_gauss,k2_exact,gauss,2,200,exp,512,3,4.63831847571433,0.01781908283010125,37,False,5.553127562534766e-15,0
k2_m200_s0_gauss,k2_exact,gauss,2,200,exp,512,4,4.638318475714356,0.01810266589745879,38,False,0.0,0
k2_m200_s0_gauss,k2_exact,gauss,2,200,exp,512,5,4.638318475714339,0.017789499834179878,37,False,3.6382559892469155e-15,0
k2_m200_s0_gauss,k2_exact,gauss,2,200,exp,512,6,4.638318475714302,0.017739625182002783,35,False,1.1680716597055887e-14,0
k2_m200_s0_gauss,k2_exact,gauss,2,200,exp,512,7,4.638318475714356,0.021115833893418312,38,False,0.0,0
k2_m200_s0_gauss,k2_exact,gauss,2,200,exp,512,8,4.638318475714346,0.01800062507390976,37,False,2.1063587306166352e-15,0
k2_m200_s0_gauss,k2_exact,gauss,2,200,exp,512,9,4.638318475714336,0.018755875062197447,38,False,4.2127174612332704e-15,0
k2_m200_s0_gauss,k2_exact,gauss,2,200,exp,512,10,4.638318475714326,0.01832245895639062,37,False,6.510563349178691e-15,0
k2_m200_s0_gauss,k2_exact,gauss,2,200,exp,512,11,4.638318475714344,0.0178954997099936,37,False,2.4893330452742053e-15,0
k2_m200_s0_gauss,k2_exact,gauss,2,200,exp,512,12,4.638318475714335,0.01735870912671089,35,False,4.404204618562056e-15,0
k2_m200_s0_gauss,k2_exact,gauss,2,200,exp,512,13,4.638318475714356,0.018207875080406666,38,False,0.0,0
k2_m200_s0_gauss,k2_exact,gauss,2,200,exp,512,14,4.6383184757143345,0.018044833093881607,37,False,4.595691775890841e-15,0
k2_m200_s0_gauss,k2_exact,gauss,2,200,exp,512,15,4.638318475714348,0.018689041025936604,38,False,1.7233844159590653e-15,0
k2_m200_s0_gauss,k2_exact,gauss,2,200,exp,512,16,4.638318475714356,0.018779832869768143,38,False,0.0,0
k2_m200_s0_gauss,k2_exact,gauss,2,200,exp,512,17,4.6383184757143345,0.01877154177054763,37,False,4.595691775890841e-15,0
k2_m200_s0_gauss,k2_exact,gauss,2,200,exp,512,18,4.638318475714356,0.018429791554808617,38,False,0.0,0
k2_m200_s0_gauss,k2_exact,gauss,2,200,exp,512,19,4.6383184757143265,0.019051291048526764,38,False,6.319076191849906e-15,0
k2_m200_s0_gauss,k2_exact,gauss,2,200,exp,512,20,4.638318475714324,0.017986916936933994,37,False,6.893537663836261e-15,0
k2_m200_s0_gauss,k2_exact,gauss,2,200,exp,512,21,4.638318475714322,0.01796795893460512,37,False,7.276511978493831e-15,0
k2_m200_s0_gauss,k2_exact,gauss,2,200,exp,512,22,4.638318475714308,0.018980959430336952,38,False,1.0340306495754392e-14,0
k2_m200_s0_gauss,k2_exact,gauss,2,200,exp,512,23,4.638318475714332,0.017572250217199326,35,False,5.170153247877196e-15,0
k2_m200_s0_gauss,k2_exact,gauss,2,200,exp,512,24,4.638318475714337,0.01880320906639099,38,False,4.021230303904486e-15,0
k2_m200_s0_gauss,k2_exact,gauss,2,200,exp,512,25,4.638318475714333,0.017650750000029802,36,False,4.9786660905484106e-15,0
k2_m200_s0_gauss,k2_exact,gauss,2,200,exp,512,26,4.638318475714347,0.018569708336144686,38,False,1.9148715732878504e-15,0
k2_m200_s0_gauss,k2_exact,gauss,2,200,exp,512,27,4.638318475714348,0.018288125284016132,37,False,1.7233844159590653e-15,0
k2_m200_s0_gauss,k2_exact,gauss,2,200,exp,512,28,4.638318475714356,0.018275542184710503,38,False,0.0,0
k2_m200_s0_gauss,k2_exact,gauss,2,200,exp,512,29,4.638318475714329,0.01898179203271866,38,False,5.744614719863551e-15,0
k2_m200_s0_gauss,k2_exact,gauss,2,200,exp,512,30,4.638318475714356,0.019024916924536228,38,False,0.0,0
k2_m200_s0_gauss,k2_exact,gauss,2,200,exp,512,31,4.638318475714303,0.018094582948833704,36,False,1.1489229439727101e-14,0
k2_m200_s0_gauss,k2_exact,gauss,2,200,exp,512,32,4.638318475714335,0.018376832827925682,37,False,4.404204618562056e-15,0
k2_m200_s0_gauss,k2_exact,gauss,2,200,exp,512,33,4.63831847571435,0.018804999999701977,38,False,1.3404101013014953e-15,0
k2_m200_s0_gauss,k2_exact,gauss,2,200,exp,512,34,4.638318475714343,0.01898637507110834,37,False,2.6808202026029905e-15,0
k2_m200_s0_gauss,k2_exact,gauss,2,200,exp,512,35,4.638318475714342,0.018398583866655827,37,False,3.0637945172605606e-15,0
k2_m200_s0_gauss,k2_exact,gauss,2,200,exp,512,36,4.6383184757143425,0.01756554190069437,36,False,2.8723073599317754e-15,0
k2_m200_s0_gauss,k2_exact,gauss,2,200,exp,512,37,4.638318475714356,0.018331250175833702,38,False,0.0,0
k2_m200_s0_gauss,k2_exact,gauss,2,200,exp,512,38,4.638318475714336,0.01854670885950327,38,False,4.2127174612332704e-15,0
k2_m200_s0_gauss,k2_exact,gauss,2,200,exp,512,39,4.638318475714342,0.01849645934998989,38,False,3.0637945172605606e-15,0
k2_m200_s0_gauss,k2_exact,gauss,2,200,exp,512,40,4.638318475714356,0.018288125284016132,38,False,0.0,0
k2_m200_s0_gauss,k2_exact,gauss,2,200,exp,512,41,4.638318475714336,0.017930874601006508,37,False,4.2127174612332704e-15,0
k2_m200_s0_gauss,k2_exact,gauss,2,200,exp,512,42,4.638318475714348,0.019230874720960855,38,False,1.7233844159590653e-15,0
k2_m200_s0_gauss,k2_exact,gauss,2,200,exp,512,43,4.638318475714356,0.019349416717886925,38,False,0.0,0
k2_m200_s0_gauss,k2_exact,gauss,2,200,exp,512,44,4.638318475714356,0.017954709008336067,37,False,0.0,0
k2_m200_s0_gauss,k2_exact,gauss,2,200,exp,512,45,4.638318475714346,0.018702625297009945,38,False,2.1063587306166352e-15,0
k2_m200_s0_gauss,k2_exact,gauss,2,200,exp,512,46,4.638318475714344,0.01790716592222452,37,False,2.4893330452742053e-15,0
k2_m200_s0_gauss,k2_exact,gauss,2,200,exp,512,47,4.638318475714356,0.01854908326640725,38,False,0.0,0
k2_m200_s0_gauss,k2_exact,gauss,2,200,exp,512,48,4.638318475714356,0.017932166811078787,38,False,0.0,0
k2_m200_s0_gauss,k2_exact,gauss,2,200,exp,512,49,4.638318475714315,0.01795358257368207,37,False,8.808409237124111e-15,0
k2_m200_s0_gauss,k2_exact,gauss,2,200,exp,2048,0,4.638318475714347,0.021619000006467104,37,False,1.9148715732878504e-15,0
k2_m200_s0_gauss,k2_exact,gauss,2,200,exp,2048,1,4.638318475714347,0.02166958386078477,37,False,1.9148715732878504e-15,0
k2_m200_s0_gauss,k2_exact,gauss,2,200,exp,2048,2,4.638318475714348,0.021179167088121176,36,False,1.7233844159590653e-15,0
k2_m200_s0_gauss,k2_exact,gauss,2,200,exp,2048,3,4.638318475714347,0.02096370793879032,37,False,1.9148715732878504e-15,0
k2_m200_s0_gauss,k2_exact,gauss,2,200,exp,2048,4,4.638318475714344,0.02168745780363679,37,False,2.4893330452742053e-15,0
k2_m200_s0_gauss,k2_exact,gauss,2,200,exp,2048,5,4.6383184757143425,0.021484999917447567,37,False,2.8723073599317754e-15,0
k2_m200_s0_gauss,k2_exact,gauss,2,200,exp,2048,6,4.638318475714352,0.021723125129938126,37,False,7.659486293151402e-16,0
k2_m200_s0_gauss,k2_exact,gauss,2,200,exp,2048,7,4.638318475714349,0.022108333185315132,37,False,1.5318972586302803e-15,0
k2_m200_s0_gauss,k2_exact,gauss,2,200,exp,2048,8,4.638318475714347,0.02159879170358181,36,False,1.9148715732878504e-15,0
k2_m200_s0_gauss,k2_exact,gauss,2,200,exp,2048,9,4.638318475714346,0.021159666124731302,36,False,2.1063587306166352e-15,0
k2_m200_s0_gauss,k2_exact,gauss,2,200,exp,2048,10,4.638318475714344,0.020548000000417233,36,False,2.4893330452742053e-15,0
k2_m200_s0_gauss,k2_exact,gauss,2,200,exp,2048,11,4.638318475714346,0.021563292015343904,37,False,2.1063587306166352e-15,0
k2_m200_s0_gauss,k2_exact,gauss,2,200,exp,2048,12,4.638318475714346,0.02156449994072318,36,False,2.1063587306166352e-15,0
k2_m200_s0_gauss,k2_exact,gauss,2,200,exp,2048,13,4.638318475714348,0.021732207853347063,37,False,1.7233844159590653e-15,0
k2_m200_s0_gauss,k2_exact,gauss,2,200,exp,2048,14,4.638318475714348,0.021876290906220675,37,False,1.7233844159590653e-15,0
k2_m200_s0_gauss,k2_exact,gauss,2,200,exp,2048,15,4.638318475714344,0.02074445877224207,36,False,2.4893330452742053e-15,0
k2_m200_s0_gauss,k2_exact,gauss,2,200,exp,2048,16,4.638318475714347,0.021279874723404646,36,False,1.9148715732878504e-15,0
k2_m200_s0_gauss,k2_exact,gauss,2,200,exp,2048,17,4.638318475714346,0.021275958977639675,37,False,2.1063587306166352e-15,0
k2_m200_s0_gauss,k2_exact,gauss,2,200,exp,2048,18,4.638318475714344,0.02176929172128439,36,False,2.4893330452742053e-15,0
k2_m200_s0_gauss,k2_exact,gauss,2,200,exp,2048,19,4.638318475714346,0.02181695820763707,36,False,2.1063587306166352e-15,0
k2_m200_s0_gauss,k2_exact,gauss,2,200,exp,2048,20,4.638318475714346,0.021370000205934048,36,False,2.1063587306166352e-15,0
k2_m200_s0_gauss,k2_exact,gauss,2,200,exp,2048,21,4.638318475714343,0.021147040650248528,36,False,2.6808202026029905e-15,0
k2_m200_s0_gauss,k2_exact,gauss,2,200,exp,2048,22,4.638318475714348,0.02162641705945134,37,False,1.7233844159590653e-15,0
k2_m200_s0_gauss,k2_exact,gauss,2,200,exp,2048,23,4.63831847571435,0.02160545764490962,37,False,1.3404101013014953e-15,0
k2_m200_s0_gauss,k2_exact,gauss,2,200,exp,2048,24,4.638318475714342,0.02074379101395607,36,False,3.0637945172605606e-15,0
k2_m200_s0_gauss,k2_exact,gauss,2,200,exp,2048,25,4.638318475714356,0.02135983295738697,37,False,0.0,0
k2_m200_s0_gauss,k2_exact,gauss,2,200,exp,2048,26,4.63831847571434,0.02139075007289648,36,False,3.4467688319181307e-15,0
k2_m200_s0_gauss,k2_exact,gauss,2,200,exp,2048,27,4.638318475714348,0.021372458897531033,37,False,1.7233844159590653e-15,0
k2_m200_s0_gauss,k2_exact,gauss,2,200,exp,2048,28,4.638318475714344,0.02230387507006526,37,False,2.4893330452742053e-15,0
k2_m200_s0_gauss,k2_exact,gauss,2,200,exp,2048,29,4.638318475714344,0.022387000266462564,37,False,2.4893330452742053e-15,0
k2_m200_s0_gauss,k2_exact,gauss,2,200,exp,2048,30,4.638318475714347,0.02137116715312004,36,False,1.9148715732878504e-15,0
k2_m200_s0_gauss,k2_exact,gauss,2,200,exp,2048,31,4.638318475714348,0.022317208349704742,37,False,1.7233844159590653e-15,0
k2_m200_s0_gauss,k2_exact,gauss,2,200,exp,2048,32,4.638318475714343,0.021679332945495844,37,False,2.6808202026029905e-15,0
k2_m200_s0_gauss,k2_exact,gauss,2,200,exp,2048,33,4.638318475714347,0.021599334198981524,36,False,1.9148715732878504e-15,0
k2_m200_s0_gauss,k2_exact,gauss,2,200,exp,2048,34,4.6383184757143425,0.021489625331014395,36,False,2.8723073599317754e-15,0
k2_m200_s0_gauss,k2_exact,gauss,2,200,exp,2048,35,4.638318475714355,0.0213082917034626,37,False,1.9148715732878504e-16,0
k2_m200_s0_gauss,k2_exact,gauss,2,200,exp,2048,36,4.638318475714347,0.021445041056722403,37,False,1.9148715732878504e-15,0
k2_m200_s0_gauss,k2_exact,gauss,2,200,exp,2048,37,4.638318475714355,0.02162658330053091,37,False,1.9148715732878504e-16,0
k2_m200_s0_gauss,k2_exact,gauss,2,200,exp,2048,38,4.63831847571435,0.02138341683894396,37,False,1.3404101013014953e-15,0
k2_m200_s0_gauss,k2_exact,gauss,2,200,exp,2048,39,4.638318475714347,0.02214120840653777,37,False,1.9148715732878504e-15,0
k2_m200_s0_gauss,k2_exact,gauss,2,200,exp,2048,40,4.638318475714339,0.02169591700658202,36,False,3.6382559892469155e-15,0
k2_m200_s0_gauss,k2_exact,gauss,2,200,exp,2048,41,4.63831847571435,0.02180283283814788,37,False,1.3404101013014953e-15,0
k2_m200_s0_gauss,k2_exact,gauss,2,200,exp,2048,42,4.638318475714348,0.021614667028188705,37,False,1.7233844159590653e-15,0
k2_m200_s0_gauss,k2_exact,gauss,2,200,exp,2048,43,4.638318475714347,0.021247333846986294,37,False,1.9148715732878504e-15,0
k2_m200_s0_gauss,k2_exact,gauss,2,200,exp,2048,44,4.638318475714344,0.021668209228664637,36,False,2.4893330452742053e-15,0
k2_m200_s0_gauss,k2_exact,gauss,2,200,exp,2048,45,4.638318475714342,0.021440624725073576,37,False,3.0637945172605606e-15,0
k2_m200_s0_gauss,k2_exact,gauss,2,200,exp,2048,46,4.638318475714346,0.022381125018000603,37,False,2.1063587306166352e-15,0
k2_m200_s0_gauss,k2_exact,gauss,2,200,exp,2048,47,4.638318475714344,0.02144774980843067,37,False,2.4893330452742053e-15,0
k2_m200_s0_gauss,k2_exact,gauss,2,200,exp,2048,48,4.638318475714343,0.020880999974906445,36,False,2.6808202026029905e-15,0
k2_m200_s0_gauss,k2_exact,gauss,2,200,exp,2048,49,4.638318475714348,0.022087083663791418,37,False,1.7233844159590653e-15,0
k2_m200_s0_gauss,k2_exact,gauss,2,200,sobol,128,0,4.63831847571433,0.01792245777323842,38,False,5.553127562534766e-15,0
k2_m200_s0_gauss,k2_exact,gauss,2,200,sobol,128,1,4.6383184757143345,0.017646917141973972,38,False,4.595691775890841e-15,0
k2_m200_s0_gauss,k2_exact,gauss,2,200,sobol,128,2,4.638318475714295,0.016386625356972218,35,False,1.3212613855686167e-14,0
k2_m200_s0_gauss,k2_exact,gauss,2,200,sobol,128,3,4.638318475714355,0.01676412532106042,36,False,1.9148715732878504e-16,0
k2_m200_s0_gauss,k2_exact,gauss,2,200,sobol,128,4,4.638318475714355,0.01682733418419957,36,False,1.9148715732878504e-16,0
k2_m200_s0_gauss,k2_exact,gauss,2,200,sobol,128,5,4.638318475714355,0.01701562525704503,36,False,1.9148715732878504e-16,0
k2_m200_s0_gauss,k2_exact,gauss,2,200,sobol,128,6,4.638318475714247,0.016200500074774027,35,False,2.355292035144056e-14,0
k2_m200_s0_gauss,k2_exact,gauss,2,200,sobol,128,7,4.638318475714356,0.01679283380508423,36,False,0.0,0
k2_m200_s0_gauss,k2_exact,gauss,2,200,sobol,128,8,4.638318475714353,0.017078957986086607,36,False,5.744614719863551e-16,0
k2_m200_s0_gauss,k2_exact,gauss,2,200,sobol,128,9,4.638318475714356,0.01815629191696644,38,False,0.0,0
k2_m200_s0_gauss,k2_exact,gauss,2,200,sobol,128,10,4.638318475714324,0.01653008395805955,35,False,6.893537663836261e-15,0
k2_m200_s0_gauss,k2_exact,gauss,2,200,sobol,128,11,4.638318475714276,0.016673583071678877,35,False,1.7233844159590652e-14,0
k2_m200_s0_gauss,k2_exact,gauss,2,200,sobol,128,12,4.638318475714334,0.01773729082196951,38,False,4.787178933219626e-15,0
k2_m200_s0_gauss,k2_exact,gauss,2,200,sobol,128,13,4.638318475714356,0.016649124678224325,35,False,0.0,0
k2_m200_s0_gauss,k2_exact,gauss,2,200,sobol,128,14,4.638318475714302,0.016418499872088432,35,False,1.1680716597055887e-14,0
k2_m200_s0_gauss,k2_exact,gauss,2,200,sobol,128,15,4.638318475714356,0.017677125055342913,38,False,0.0,0
k2_m200_s0_gauss,k2_exact,gauss,2,200,sobol,128,16,4.6383184757142475,0.01638012519106269,35,False,2.3361433194111773e-14,0
k2_m200_s0_gauss,k2_exact,gauss,2,200,sobol,128,17,4.6383184757143345,0.017788417171686888,38,False,4.595691775890841e-15,0
k2_m200_s0_gauss,k2_exact,gauss,2,200,sobol,128,18,4.6383184757143,0.016313834115862846,35,False,1.2063690911713457e-14,0
k2_m200_s0_gauss,k2_exact,gauss,2,200,sobol,128,19,4.638318475714354,0.016917791683226824,36,False,3.829743146575701e-16,0
k2_m200_s0_gauss,k2_exact,gauss,2,200,sobol,128,20,4.638318475714356,0.017047875095158815,36,False,0.0,0
k2_m200_s0_gauss,k2_exact,gauss,2,200,sobol,128,21,4.638318475714334,0.017823291942477226,38,False,4.787178933219626e-15,0
k2_m200_s0_gauss,k2_exact,gauss,2,200,sobol,128,22,4.638318475714319,0.01719708275049925,35,False,7.850973450480187e-15,0
k2_m200_s0_gauss,k2_exact,gauss,2,200,sobol,128,23,4.638318475714315,0.01653525000438094,35,False,8.808409237124111e-15,0
k2_m200_s0_gauss,k2_exact,gauss,2,200,sobol,128,24,4.638318475714243,0.01657245820388198,35,False,2.43188689807557e-14,0
k2_m200_s0_gauss,k2_exact,gauss,2,200,sobol,128,25,4.638318475714356,0.016884167212992907,36,False,0.0,0
k2_m200_s0_gauss,k2_exact,gauss,2,200,sobol,128,26,4.638318475714356,0.01705883303657174,36,False,0.0,0
k2_m200_s0_gauss,k2_exact,gauss,2,200,sobol,128,27,4.63831847571435,0.01746766595169902,36,False,1.3404101013014953e-15,0
k2_m200_s0_gauss,k2_exact,gauss,2,200,sobol,128,28,4.638318475714302,0.01598620880395174,34,False,1.1680716597055887e-14,0
k2_m200_s0_gauss,k2_exact,gauss,2,200,sobol,128,29,4.638318475714356,0.018612292129546404,39,False,0.0,0
k2_m200_s0_gauss,k2_exact,gauss,2,200,sobol,128,30,4.638318475714353,0.01745616691187024,36,False,5.744614719863551e-16,0
k2_m200_s0_gauss,k2_exact,gauss,2,200,sobol,128,31,4.638318475714328,0.017092875204980373,35,False,5.936101877192336e-15,0
k2_m200_s0_gauss,k2_exact,gauss,2,200,sobol,128,32,4.638318475714262,0.016741625033318996,35,False,2.0297638676851213e-14,0
k2_m200_s0_gauss,k2_exact,gauss,2,200,sobol,128,33,4.638318475714356,0.01789174973964691,38,False,0.0,0
k2_m200_s0_gauss,k2_exact,gauss,2,200,sobol,128,34,4.638318475714337,0.016763207968324423,35,False,4.021230303904486e-15,0
k2_m200_s0_gauss,k2_exact,gauss,2,200,sobol,128,35,4.638318475714354,0.01730425003916025,36,False,3.829743146575701e-16,0
k2_m200_s0_gauss,k2_exact,gauss,2,200,sobol,128,36,4.6383184757142555,0.0167883331887424,35,False,2.163804877815271e-14,0
k2_m200_s0_gauss,k2_exact,gauss,2,200,sobol,128,37,4.638318475714259,0.01681708311662078,35,False,2.087210014883757e-14,0
k2_m200_s0_gauss,k2_exact,gauss,2,200,sobol,128,38,4.63831847571434,0.018122457899153233,38,False,3.4467688319181307e-15,0
k2_m200_s0_gauss,k2_exact,gauss,2,200,sobol,128,39,4.638318475714356,0.01707787485793233,36,False,0.0,0
k2_m200_s0_gauss,k2_exact,gauss,2,200,sobol,128,40,4.638318475714321,0.017986375372856855,38,False,7.467999135822616e-15,0
k2_m200_s0_gauss,k2_exact,gauss,2,200,sobol,128,41,4.63831847571433,0.01781358290463686,38,False,5.553127562534766e-15,0
k2_m200_s0_gauss,k2_exact,gauss,2,200,sobol,128,42,4.638318475714129,0.01658408297225833,34,False,4.8829225118840184e-14,0
k2_m200_s0_gauss,k2_exact,gauss,2,200,sobol,128,43,4.638318475714356,0.018244583159685135,39,False,0.0,0
k2_m200_s0_gauss,k2_exact,gauss,2,200,sobol,128,44,4.638318475714307,0.016445583198219538,35,False,1.0531793653083177e-14,0
k2_m200_s0_gauss,k2_exact,gauss,2,200,sobol,128,45,4.638318475714356,0.017374624963849783,36,False,0.0,0
k2_m200_s0_gauss,k2_exact,gauss,2,200,sobol,128,46,4.638318475714353,0.016991000156849623,35,False,5.744614719863551e-16,0
k2_m200_s0_gauss,k2_exact,gauss,2,200,sobol,128,47,4.63831847571433,0.01818400016054511,38,False,5.553127562534766e-15,0
k2_m200_s0_gauss,k2_exact,gauss,2,200,sobol,128,48,4.638318475714354,0.017713833134621382,37,False,3.829743146575701e-16,0
k2_m200_s0_gauss,k2_exact,gauss,2,200,sobol,128,49,4.638318475714245,0.016929833218455315,35,False,2.393589466609813e-14,0
k2_m200_s0_gauss,k2_exact,gauss,2,200,sobol,512,0,4.638318475714344,0.019084499683231115,37,False,2.4893330452742053e-15,0
k2_m200_s0_gauss,k2_exact,gauss,2,200,sobol,512,1,4.638318475714337,0.01854291558265686,37,False,4.021230303904486e-15,0
k2_m200_s0_gauss,k2_exact,gauss,2,200,sobol,512,2,4.638318475714344,0.01877716602757573,37,False,2.4893330452742053e-15,0
k2_m200_s0_gauss,k2_exact,gauss,2,200,sobol,512,3,4.638318475714344,0.01812654174864292,37,False,2.4893330452742053e-15,0
k2_m200_s0_gauss,k2_exact,gauss,2,200,sobol,512,4,4.638318475714335,0.017957333009690046,36,False,4.404204618562056e-15,0
k2_m200_s0_gauss,k2_exact,gauss,2,200,sobol,512,5,4.638318475714339,0.018422124907374382,37,False,3.6382559892469155e-15,0
k2_m200_s0_gauss,k2_exact,gauss,2,200,sobol,512,6,4.63831847571433,0.01781770819798112,37,False,5.553127562534766e-15,0
k2_m200_s0_gauss,k2_exact,gauss,2,200,sobol,512,7,4.638318475714338,0.017678499687463045,36,False,3.829743146575701e-15,0
k2_m200_s0_gauss,k2_exact,gauss,2,200,sobol,512,8,4.6383184757143425,0.01785887498408556,37,False,2.8723073599317754e-15,0
k2_m200_s0_gauss,k2_exact,gauss,2,200,sobol,512,9,4.6383184757143425,0.017733000218868256,37,False,2.8723073599317754e-15,0
k2_m200_s0_gauss,k2_exact,gauss,2,200,sobol,512,10,4.638318475714355,0.018014125060290098,37,False,1.9148715732878504e-16,0
k2_m200_s0_gauss,k2_exact,gauss,2,200,sobol,512,11,4.638318475714325,0.017724458128213882,37,False,6.702050506507476e-15,0
k2_m200_s0_gauss,k2_exact,gauss,2,200,sobol,512,12,4.638318475714356,0.018496999982744455,38,False,0.0,0
k2_m200_s0_gauss,k2_exact,gauss,2,200,sobol,512,13,4.638318475714335,0.01792324986308813,37,False,4.404204618562056e-15,0
k2_m200_s0_gauss,k2_exact,gauss,2,200,sobol,512,14,4.638318475714337,0.01893933303654194,37,False,4.021230303904486e-15,0
k2_m200_s0_gauss,k2_exact,gauss,2,200,sobol,512,15,4.638318475714337,0.017999875359237194,36,False,4.021230303904486e-15,0
k2_m200_s0_gauss,k2_exact,gauss,2,200,sobol,512,16,4.638318475714337,0.018472457770258188,37,False,4.021230303904486e-15,0
k2_m200_s0_gauss,k2_exact,gauss,2,200,sobol,512,17,4.638318475714347,0.01836354099214077,37,False,1.9148715732878504e-15,0
k2_m200_s0_gauss,k2_exact,gauss,2,200,sobol,512,18,4.638318475714343,0.018657667096704245,37,False,2.6808202026029905e-15,0
k2_m200_s0_gauss,k2_exact,gauss,2,200,sobol,512,19,4.638318475714339,0.018434124998748302,37,False,3.6382559892469155e-15,0
k2_m200_s0_gauss,k2_exact,gauss,2,200,sobol,512,20,4.638318475714338,0.018155000172555447,37,False,3.829743146575701e-15,0
k2_m200_s0_gauss,k2_exact,gauss,2,200,sobol,512,21,4.638318475714348,0.018145208712667227,37,False,1.7233844159590653e-15,0
k2_m200_s0_gauss,k2_exact,gauss,2,200,sobol,512,22,4.638318475714343,0.018363832961767912,37,False,2.6808202026029905e-15,0
k2_m200_s0_gauss,k2_exact,gauss,2,200,sobol,512,23,4.638318475714315,0.018188375048339367,37,False,8.808409237124111e-15,0
k2_m200_s0_gauss,k2_exact,gauss,2,200,sobol,512,24,4.638318475714342,0.017678500153124332,37,False,3.0637945172605606e-15,0
k2_m200_s0_gauss,k2_exact,gauss,2,200,sobol,512,25,4.638318475714329,0.017848083283752203,37,False,5.744614719863551e-15,0
k2_m200_s0_gauss,k2_exact,gauss,2,200,sobol,512,26,4.638318475714348,0.018230291083455086,37,False,1.7233844159590653e-15,0
k2_m200_s0_gauss,k2_exact,gauss,2,200,sobol,512,27,4.638318475714343,0.018593667075037956,37,False,2.6808202026029905e-15,0
k2_m200_s0_gauss,k2_exact,gauss,2,200,sobol,512,28,4.638318475714344,0.01841949997469783,37,False,2.4893330452742053e-15,0
k2_m200_s0_gauss,k2_exact,gauss,2,200,sobol,512,29,4.638318475714346,0.017630166839808226,37,False,2.1063587306166352e-15,0
k2_m200_s0_gauss,k2_exact,gauss,2,200,sobol,512,30,4.638318475714344,0.017796082887798548,37,False,2.4893330452742053e-15,0
k2_m200_s0_gauss,k2_exact,gauss,2,200,sobol,512,31,4.638318475714342,0.01794016733765602,37,False,3.0637945172605606e-15,0
k2_m200_s0_gauss,k2_exact,gauss,2,200,sobol,512,32,4.638318475714344,0.017873916774988174,37,False,2.4893330452742053e-15,0
k2_m200_s0_gauss,k2_exact,gauss,2,200,sobol,512,33,4.638318475714342,0.018145082984119654,37,False,3.0637945172605606e-15,0
k2_m200_s0_gauss,k2_exact,gauss,2,200,sobol,512,34,4.638318475714346,0.01781812496483326,37,False,2.1063587306166352e-15,0
k2_m200_s0_gauss,k2_exact,gauss,2,200,sobol,512,35,4.638318475714333,0.017818333115428686,37,False,4.9786660905484106e-15,0
k2_m200_s0_gauss,k2_exact,gauss,2,200,sobol,512,36,4.638318475714342,0.017770749982446432,37,False,3.0637945172605606e-15,0
k2_m200_s0_gauss,k2_exact,gauss,2,200,sobol,512,37,4.638318475714343,0.017293250188231468,36,False,2.6808202026029905e-15,0
k2_m200_s0_gauss,k2_exact,gauss,2,200,sobol,512,38,4.638318475714336,0.017730374820530415,37,False,4.2127174612332704e-15,0
k2_m200_s0_gauss,k2_exact,gauss,2,200,sobol,512,39,4.638318475714336,0.01819424983114004,37,False,4.2127174612332704e-15,0
k2_m200_s0_gauss,k2_exact,gauss,2,200,sobol,512,40,4.638318475714342,0.01784670865163207,37,False,3.0637945172605606e-15,0
k2_m200_s0_gauss,k2_exact,gauss,2,200,sobol,512,41,4.638318475714353,0.018693082965910435,37,False,5.744614719863551e-16,0
k2_m200_s0_gauss,k2_exact,gauss,2,200,sobol,512,42,4.638318475714356,0.018896583002060652,38,False,0.0,0
k2_m200_s0_gauss,k2_exact,gauss,2,200,sobol,512,43,4.638318475714338,0.01826729066669941,37,False,3.829743146575701e-15,0
k2_m200_s0_gauss,k2_exact,gauss,2,200,sobol,512,44,4.638318475714347,0.01786241726949811,37,False,1.9148715732878504e-15,0
k2_m200_s0_gauss,k2_exact,gauss,2,200,sobol,512,45,4.638318475714346,0.018156707752496004,37,False,2.1063587306166352e-15,0
k2_m200_s0_gauss,k2_exact,gauss,2,200,sobol,512,46,4.638318475714346,0.018024791963398457,37,False,2.1063587306166352e-15,0
k2_m200_s0_gauss,k2_exact,gauss,2,200,sobol,512,47,4.638318475714349,0.01782933296635747,37,False,1.5318972586302803e-15,0
k2_m200_s0_gauss,k2_exact,gauss,2,200,sobol,512,48,4.638318475714342,0.018100916873663664,37,False,3.0637945172605606e-15,0
k2_m200_s0_gauss,k2_exact,gauss,2,200,sobol,512,49,4.6383184757143425,0.017798250075429678,37,False,2.8723073599317754e-15,0
k2_m200_s0_gauss,k2_exact,gauss,2,200,sobol,2048,0,4.638318475714346,0.022506375331431627,37,False,2.1063587306166352e-15,0
k2_m200_s0_gauss,k2_exact,gauss,2,200,sobol,2048,1,4.638318475714351,0.021709542255848646,37,False,9.574357866439252e-16,0
k2_m200_s0_gauss,k2_exact,gauss,2,200,sobol,2048,2,4.638318475714344,0.021191792096942663,36,False,2.4893330452742053e-15,0
k2_m200_s0_gauss,k2_exact,gauss,2,200,sobol,2048,3,4.638318475714346,0.02148154191672802,37,False,2.1063587306166352e-15,0
k2_m200_s0_gauss,k2_exact,gauss,2,200,sobol,2048,4,4.638318475714346,0.022184000350534916,37,False,2.1063587306166352e-15,0
k2_m200_s0_gauss,k2_exact,gauss,2,200,sobol,2048,5,4.638318475714353,0.022217041812837124,37,False,5.744614719863551e-16,0
k2_m200_s0_gauss,k2_exact,gauss,2,200,sobol,2048,6,4.638318475714346,0.021971166133880615,37,False,2.1063587306166352e-15,0
k2_m200_s0_gauss,k2_exact,gauss,2,200,sobol,2048,7,4.638318475714349,0.02177329221740365,37,False,1.5318972586302803e-15,0
k2_m200_s0_gauss,k2_exact,gauss,2,200,sobol,2048,8,4.638318475714346,0.021691500209271908,37,False,2.1063587306166352e-15,0
k2_m200_s0_gauss,k2_exact,gauss,2,200,sobol,2048,9,4.638318475714346,0.02119991695508361,36,False,2.1063587306166352e-15,0
k2_m200_s0_gauss,k2_exact,gauss,2,200,sobol,2048,10,4.638318475714348,0.021463125012815,37,False,1.7233844159590653e-15,0
k2_m200_s0_gauss,k2_exact,gauss,2,200,sobol,2048,11,4.638318475714347,0.021155749913305044,36,False,1.9148715732878504e-15,0
k2_m200_s0_gauss,k2_exact,gauss,2,200,sobol,2048,12,4.638318475714347,0.021635042037814856,37,False,1.9148715732878504e-15,0
k2_m200_s0_gauss,k2_exact,gauss,2,200,sobol,2048,13,4.638318475714347,0.02146508265286684,37,False,1.9148715732878504e-15,0
k2_m200_s0_gauss,k2_exact,gauss,2,200,sobol,2048,14,4.638318475714348,0.02156737493351102,37,False,1.7233844159590653e-15,0
k2_m200_s0_gauss,k2_exact,gauss,2,200,sobol,2048,15,4.638318475714346,0.022156457882374525,36,False,2.1063587306166352e-15,0
k2_m200_s0_gauss,k2_exact,gauss,2,200,sobol,2048,16,4.638318475714346,0.021661208011209965,36,False,2.1063587306166352e-15,0
k2_m200_s0_gauss,k2_exact,gauss,2,200,sobol,2048,17,4.638318475714356,0.0215404168702662,37,False,0.0,0
k2_m200_s0_gauss,k2_exact,gauss,2,200,sobol,2048,18,4.638318475714346,0.021979250013828278,36,False,2.1063587306166352e-15,0
k2_m200_s0_gauss,k2_exact,gauss,2,200,sobol,2048,19,4.638318475714353,0.02214404195547104,37,False,5.744614719863551e-16,0
k2_m200_s0_gauss,k2_exact,gauss,2,200,sobol,2048,20,4.638318475714346,0.021102207712829113,36,False,2.1063587306166352e-15,0
k2_m200_s0_gauss,k2_exact,gauss,2,200,sobol,2048,21,4.638318475714351,0.02203129092231393,37,False,9.574357866439252e-16,0
k2_m200_s0_gauss,k2_exact,gauss,2,200,sobol,2048,22,4.638318475714347,0.021092125214636326,36,False,1.9148715732878504e-15,0
k2_m200_s0_gauss,k2_exact,gauss,2,200,sobol,2048,23,4.638318475714346,0.02208475023508072,37,False,2.1063587306166352e-15,0
k2_m200_s0_gauss,k2_exact,gauss,2,200,sobol,2048,24,4.6383184757143505,0.02189308311790228,37,False,1.1489229439727102e-15,0
k2_m200_s0_gauss,k2_exact,gauss,2,200,sobol,2048,25,4.638318475714347,0.02086579194292426,36,False,1.9148715732878504e-15,0
k2_m200_s0_gauss,k2_exact,gauss,2,200,sobol,2048,26,4.638318475714348,0.020673084072768688,36,False,1.7233844159590653e-15,0
k2_m200_s0_gauss,k2_exact,gauss,2,200,sobol,2048,27,4.638318475714348,0.021796457935124636,37,False,1.7233844159590653e-15,0
k2_m200_s0_gauss,k2_exact,gauss,2,200,sobol,2048,28,4.638318475714346,0.021115582901984453,36,False,2.1063587306166352e-15,0
k2_m200_s0_gauss,k2_exact,gauss,2,200,sobol,2048,29,4.638318475714348,0.02179624978452921,37,False,1.7233844159590653e-15,0
k2_m200_s0_gauss,k2_exact,gauss,2,200,sobol,2048,30,4.638318475714351,0.021710624918341637,37,False,9.574357866439252e-16,0
k2_m200_s0_gauss,k2_exact,gauss,2,200,sobol,2048,31,4.638318475714347,0.022319749929010868,37,False,1.9148715732878504e-15,0
k2_m200_s0_gauss,k2_exact,gauss,2,200,sobol,2048,32,4.638318475714347,0.021496042143553495,36,False,1.9148715732878504e-15,0
k2_m200_s0_gauss,k2_exact,gauss,2,200,sobol,2048,33,4.638318475714346,0.02118737529963255,36,False,2.1063587306166352e-15,0
k2_m200_s0_gauss,k2_exact,gauss,2,200,sobol,2048,34,4.638318475714353,0.02189120789989829,37,False,5.744614719863551e-16,0
k2_m200_s0_gauss,k2_exact,gauss,2,200,sobol,2048,35,4.638318475714347,0.02113241609185934,36,False,1.9148715732878504e-15,0
k2_m200_s0_gauss,k2_exact,gauss,2,200,sobol,2048,36,4.638318475714348,0.02128791669383645,37,False,1.7233844159590653e-15,0
k2_m200_s0_gauss,k2_exact,gauss,2,200,sobol,2048,37,4.638318475714348,0.02109554223716259,36,False,1.7233844159590653e-15,0
k2_m200_s0_gauss,k2_exact,gauss,2,200,sobol,2048,38,4.638318475714348,0.020972125232219696,36,False,1.7233844159590653e-15,0
k2_m200_s0_gauss,k2_exact,gauss,2,200,sobol,2048,39,4.638318475714348,0.0214332090690732,37,False,1.7233844159590653e-15,0
k2_m200_s0_gauss,k2_exact,gauss,2,200,sobol,2048,40,4.638318475714353,0.021275583188980818,37,False,5.744614719863551e-16,0
k2_m200_s0_gauss,k2_exact,gauss,2,200,sobol,2048,41,4.638318475714348,0.0208020000718534,36,False,1.7233844159590653e-15,0
k2_m200_s0_gauss,k2_exact,gauss,2,200,sobol,2048,42,4.638318475714348,0.021459499839693308,37,False,1.7233844159590653e-15,0
k2_m200_s0_gauss,k2_exact,gauss,2,200,sobol,2048,43,4.638318475714346,0.021060042083263397,36,False,2.1063587306166352e-15,0
k2_m200_s0_gauss,k2_exact,gauss,2,200,sobol,2048,44,4.638318475714348,0.021678166929632425,37,False,1.7233844159590653e-15,0
k2_m200_s0_gauss,k2_exact,gauss,2,200,sobol,2048,45,4.638318475714348,0.021813207771629095,37,False,1.7233844159590653e-15,0
k2_m200_s0_gauss,k2_exact,gauss,2,200,sobol,2048,46,4.638318475714347,0.021717166993767023,37,False,1.9148715732878504e-15,0
k2_m200_s0_gauss,k2_exact,gauss,2,200,sobol,2048,47,4.638318475714347,0.02175449999049306,37,False,1.9148715732878504e-15,0
k2_m200_s0_gauss,k2_exact,gauss,2,200,sobol,2048,48,4.638318475714346,0.021086624823510647,36,False,2.1063587306166352e-15,0
k2_m200_s0_gauss,k2_exact,gauss,2,200,sobol,2048,49,4.6383184757143505,0.021588541567325592,37,False,1.1489229439727102e-15,0
k2_m200_s1_cancel,k2_exact,cancel,2,200,exp,128,0,0.03427912292283722,0.017643040977418423,32,False,5.515517209619958e-10,0
k2_m200_s1_cancel,k2_exact,cancel,2,200,exp,128,1,0.03427912347420722,0.016614249907433987,31,False,1.817226924494264e-13,0
k2_m200_s1_cancel,k2_exact,cancel,2,200,exp,128,2,0.03427912298335291,0.016366458032280207,31,False,4.910360312804229e-10,0
k2_m200_s1_cancel,k2_exact,cancel,2,200,exp,128,3,0.034279123474350505,0.01864275010302663,37,False,3.843453333374214e-14,0
k2_m200_s1_cancel,k2_exact,cancel,2,200,exp,128,4,0.03427912258704184,0.016049124766141176,30,False,8.873470985770737e-10,0
k2_m200_s1_cancel,k2_exact,cancel,2,200,exp,128,5,0.03427912347436488,0.016257083043456078,31,False,2.405714516484636e-14,0
k2_m200_s1_cancel,k2_exact,cancel,2,200,exp,128,6,0.034279123474373244,0.016724125016480684,31,False,1.569577801063815e-14,0
k2_m200_s1_cancel,k2_exact,cancel,2,200,exp,128,7,0.03427912339808286,0.016794125083833933,31,False,7.630607951059076e-11,0
k2_m200_s1_cancel,k2_exact,cancel,2,200,exp,128,8,0.03427912347438664,0.017945625353604555,33,False,2.2967738821932926e-15,0
k2_m200_s1_cancel,k2_exact,cancel,2,200,exp,128,9,0.03427912343040745,0.01730870781466365,32,False,4.398149205941948e-11,0
k2_m200_s1_cancel,k2_exact,cancel,2,200,exp,128,10,0.03427912345621093,0.016114416997879744,30,False,1.8178007710201172e-11,0
k2_m200_s1_cancel,k2_exact,cancel,2,200,exp,128,11,0.03427912214004907,0.01477741589769721,28,False,1.3343398677645446e-09,0
k2_m200_s1_cancel,k2_exact,cancel,2,200,exp,128,12,0.034279123474337446,0.016597541980445385,31,False,5.149353166089554e-14,0
k2_m200_s1_cancel,k2_exact,cancel,2,200,exp,128,13,0.03427912347437953,0.017008916940540075,33,False,9.409140133698202e-15,0
k2_m200_s1_cancel,k2_exact,cancel,2,200,exp,128,14,0.034279121864149525,0.017019667197018862,32,False,1.6102394140293796e-09,0
k2_m200_s1_cancel,k2_exact,cancel,2,200,exp,128,15,0.03427911907129922,0.01596462493762374,31,False,4.403089719218212e-09,0
k2_m200_s1_cancel,k2_exact,cancel,2,200,exp,128,16,0.03427912345802184,0.016520542092621326,32,False,1.6367102118053367e-11,0
k2_m200_s1_cancel,k2_exact,cancel,2,200,exp,128,17,0.03427912346092242,0.017132374923676252,32,False,1.3466519566129875e-11,0
k2_m200_s1_cancel,k2_exact,cancel,2,200,exp,128,18,0.0342791234699371,0.015312457922846079,29,False,4.451841673080992e-12,0
k2_m200_s1_cancel,k2_exact,cancel,2,200,exp,128,19,0.03427912347378635,0.016722457949072123,32,False,6.025874244031115e-13,0
k2_m200_s1_cancel,k2_exact,cancel,2,200,exp,128,20,0.03427912346291466,0.016663792077451944,33,False,1.1474279859591263e-11,0
k2_m200_s1_cancel,k2_exact,cancel,2,200,exp,128,21,0.03427912347438397,0.015572167001664639,30,False,4.9682480351975755e-15,0
k2_m200_s1_cancel,k2_exact,cancel,2,200,exp,128,22,0.03427912347312058,0.015220916830003262,29,False,1.2683604166952023e-12,0
k2_m200_s1_cancel,k2_exact,cancel,2,200,exp,128,23,0.034279123070597856,0.01698133395984769,32,False,4.037910839027603e-10,0
k2_m200_s1_cancel,k2_exact,cancel,2,200,exp,128,24,0.03427912339120876,0.015550250187516212,29,False,8.31801780232233e-11,0
k2_m200_s1_cancel,k2_exact,cancel,2,200,exp,128,25,0.03427911461701309,0.016318874899297953,32,False,8.857375846660354e-09,0
k2_m200_s1_cancel,k2_exact,cancel,2,200,exp,128,26,0.03427912347438664,0.016861625015735626,32,False,2.2967738821932926e-15,0
k2_m200_s1_cancel,k2_exact,cancel,2,200,exp,128,27,0.03427912346858317,0.015313874930143356,28,False,5.805772529399178e-12,0
k2_m200_s1_cancel,k2_exact,cancel,2,200,exp,128,28,0.034279123474388475,0.01588495820760727,30,False,4.649058915617843e-16,0
k2_m200_s1_cancel,k2_exact,cancel,2,200,exp,128,29,0.034279123474388176,0.0170092498883605,32,False,7.632783294297951e-16,0
k2_m200_s1_cancel,k2_exact,cancel,2,200,exp,128,30,0.03427912343003103,0.016851334366947412,32,False,4.4357906237024736e-11,0
k2_m200_s1_cancel,k2_exact,cancel,2,200,exp,128,31,0.03427912321435744,0.01576379220932722,30,False,2.600314963352446e-10,0
k2_m200_s1_cancel,k2_exact,cancel,2,200,exp,128,32,0.03427911580784927,0.016239958815276623,31,False,7.666539666995043e-09,0
k2_m200_s1_cancel,k2_exact,cancel,2,200,exp,128,33,0.03427912347437905,0.017835999839007854,34,False,9.8879238130678e-15,0
k2_m200_s1_cancel,k2_exact,cancel,2,200,exp,128,34,0.03427912347294546,0.015125208999961615,28,False,1.443477282148109e-12,0
k2_m200_s1_cancel,k2_exact,cancel,2,200,exp,128,35,0.034279120709553405,0.016715333331376314,32,False,2.7648355341303166e-09,0
k2_m200_s1_cancel,k2_exact,cancel,2,200,exp,128,36,0.034279115939624794,0.01565604191273451,29,False,7.53476414594445e-09,0
k2_m200_s1_cancel,k2_exact,cancel,2,200,exp,128,37,0.03427911591222245,0.015672957990318537,30,False,7.562166490227007e-09,0
k2_m200_s1_cancel,k2_exact,cancel,2,200,exp,128,38,0.03427912273368984,0.015669332817196846,30,False,7.40699099277542e-10,0
k2_m200_s1_cancel,k2_exact,cancel,2,200,exp,128,39,0.0342791234738092,0.01687212521210313,32,False,5.79737646777545e-13,0
k2_m200_s1_cancel,k2_exact,cancel,2,200,exp,128,40,0.034279123473867586,0.016410666052252054,31,False,5.213537934700696e-13,0
k2_m200_s1_cancel,k2_exact,cancel,2,200,exp,128,41,0.03427911893582348,0.015860042069107294,30,False,4.538565460954214e-09,0
k2_m200_s1_cancel,k2_exact,cancel,2,200,exp,128,42,0.03427912347037116,0.016999375075101852,33,False,4.017779164922075e-12,0
k2_m200_s1_cancel,k2_exact,cancel,2,200,exp,128,43,0.03427912347436425,0.01628712471574545,33,False,2.468858451010192e-14,0
k2_m200_s1_cancel,k2_exact,cancel,2,200,exp,128,44,0.034279123473789315,0.016764875035732985,32,False,5.996245167061431e-13,0
k2_m200_s1_cancel,k2_exact,cancel,2,200,exp,128,45,0.034279113947901146,0.017370750196278095,33,False,9.526487793065641e-09,0
k2_m200_s1_cancel,k2_exact,cancel,2,200,exp,128,46,0.03427912139339712,0.016122375149279833,31,False,2.080991816366673e-09,0
k2_m200_s1_cancel,k2_exact,cancel,2,200,exp,128,47,0.034279123472049665,0.0166815840639174,31,False,2.3392746073547244e-12,0
k2_m200_s1_cancel,k2_exact,cancel,2,200,exp,128,48,0.034279123474043466,0.0163721670396626,30,False,3.454736496877331e-13,0
k2_m200_s1_cancel,k2_exact,cancel,2,200,exp,128,49,0.0342791234743116,0.01776045933365822,34,False,7.734091145294997e-14,0
k2_m200_s1_cancel,k2_exact,cancel,2,200,exp,512,0,0.034279123474386886,0.014780250377953053,26,False,2.0539125955565396e-15,0
k2_m200_s1_cancel,k2_exact,cancel,2,200,exp,512,1,0.03427912341635848,0.01564241712912917,28,False,5.803046237984333e-11,0
k2_m200_s1_cancel,k2_exact,cancel,2,200,exp,512,2,0.03427912347318367,0.015632708091288805,27,False,1.2052719933208778e-12,0
k2_m200_s1_cancel,k2_exact,cancel,2,200,exp,512,3,0.0342791234743875,0.015594459138810635,28,False,1.4363510381087963e-15,0
k2_m200_s1_cancel,k2_exact,cancel,2,200,exp,512,4,0.03427912347426279,0.016712957993149757,31,False,1.261490911730334e-13,0
k2_m200_s1_cancel,k2_exact,cancel,2,200,exp,512,5,0.03427912333546105,0.016687124967575073,30,False,1.3892789002545314e-10,0
k2_m200_s1_cancel,k2_exact,cancel,2,200,exp,512,6,0.03427912214941799,0.016449833754450083,30,False,1.3249709523988074e-09,0
k2_m200_s1_cancel,k2_exact,cancel,2,200,exp,512,7,0.034279123473313446,0.015593249816447496,28,False,1.0754938606361009e-12,0
k2_m200_s1_cancel,k2_exact,cancel,2,200,exp,512,8,0.034279123464562765,0.01732524996623397,31,False,9.82617459621693e-12,0
k2_m200_s1_cancel,k2_exact,cancel,2,200,exp,512,9,0.034279123474383735,0.01597654167562723,28,False,5.204170427930421e-15,0
k2_m200_s1_cancel,k2_exact,cancel,2,200,exp,512,10,0.03427912346893772,0.01580033404752612,29,False,5.451222806485134e-12,0
k2_m200_s1_cancel,k2_exact,cancel,2,200,exp,512,11,0.03427912347387407,0.014561999589204788,25,False,5.148728665638203e-13,0
k2_m200_s1_cancel,k2_exact,cancel,2,200,exp,512,12,0.03427911907302163,0.016060166992247105,29,False,4.401367312278914e-09,0
k2_m200_s1_cancel,k2_exact,cancel,2,200,exp,512,13,0.034279123381247764,0.015087082982063293,27,False,9.314117532799315e-11,0
k2_m200_s1_cancel,k2_exact,cancel,2,200,exp,512,14,0.034279123461183954,0.016928375232964754,30,False,1.3204985715997708e-11,0
k2_m200_s1_cancel,k2_exact,cancel,2,200,exp,512,15,0.03427912264368986,0.016614750027656555,30,False,8.306990789685997e-10,0
k2_m200_s1_cancel,k2_exact,cancel,2,200,exp,512,16,0.034279123471619134,0.016962124966084957,31,False,2.7698052185165523e-12,0
k2_m200_s1_cancel,k2_exact,cancel,2,200,exp,512,17,0.03427912347438238,0.018461875151842833,32,False,6.557254739192331e-15,0
k2_m200_s1_cancel,k2_exact,cancel,2,200,exp,512,18,0.034279123461152854,0.01755683310329914,27,False,1.323608583847502e-11,0
k2_m200_s1_cancel,k2_exact,cancel,2,200,exp,512,19,0.03427912347435074,0.01546141691505909,28,False,3.819861094100929e-14,0
k2_m200_s1_cancel,k2_exact,cancel,2,200,exp,512,20,0.034279123474387226,0.015209874603897333,27,False,1.7139067942650854e-15,0
k2_m200_s1_cancel,k2_exact,cancel,2,200,exp,512,21,0.034279123474388475,0.01659204112365842,31,False,4.649058915617843e-16,0
k2_m200_s1_cancel,k2_exact,cancel,2,200,exp,512,22,0.03427911981535791,0.01584708411246538,29,False,3.6590310295570028e-09,0
k2_m200_s1_cancel,k2_exact,cancel,2,200,exp,512,23,0.034279123415609354,0.016128292307257652,30,False,5.877958536570915e-11,0
k2_m200_s1_cancel,k2_exact,cancel,2,200,exp,512,24,0.03427912346831205,0.015940500423312187,27,False,6.076888992012641e-12,0
k2_m200_s1_cancel,k2_exact,cancel,2,200,exp,512,25,0.034279123433874605,0.015314917080104351,27,False,4.0514334942454155e-11,0
k2_m200_s1_cancel,k2_exact,cancel,2,200,exp,512,26,0.03427912346568724,0.016253000125288963,30,False,8.701699083513148e-12,0
k2_m200_s1_cancel,k2_exact,cancel,2,200,exp,512,27,0.034279123473840926,0.016919624991714954,30,False,5.480130238488812e-13,0
k2_m200_s1_cancel,k2_exact,cancel,2,200,exp,512,28,0.03427912347385195,0.015261208172887564,28,False,5.369871214355726e-13,0
k2_m200_s1_cancel,k2_exact,cancel,2,200,exp,512,29,0.034279123474386886,0.015123541932553053,28,False,2.0539125955565396e-15,0
k2_m200_s1_cancel,k2_exact,cancel,2,200,exp,512,30,0.034279123469163286,0.015297083649784327,27,False,5.225653243456918e-12,0
k2_m200_s1_cancel,k2_exact,cancel,2,200,exp,512,31,0.03427912347433685,0.016689459327608347,30,False,5.2090276536631563e-14,0
k2_m200_s1_cancel,k2_exact,cancel,2,200,exp,512,32,0.03427912347428892,0.014951750170439482,27,False,1.0001721673091879e-13,0
k2_m200_s1_cancel,k2_exact,cancel,2,200,exp,512,33,0.034279123464318766,0.015237750019878149,27,False,1.0070173861453924e-11,0
k2_m200_s1_cancel,k2_exact,cancel,2,200,exp,512,34,0.03427912342309151,0.015817916020751,29,False,5.129743158027722e-11,0
k2_m200_s1_cancel,k2_exact,cancel,2,200,exp,512,35,0.03427912347381751,0.015457958914339542,28,False,5.714317907745681e-13,0
k2_m200_s1_cancel,k2_exact,cancel,2,200,exp,512,36,0.03427912343714742,0.015708707738667727,28,False,3.7241522365949464e-11,0
k2_m200_s1_cancel,k2_exact,cancel,2,200,exp,512,37,0.0342791178513878,0.01515883393585682,27,False,5.623001141097372e-09,0
k2_m200_s1_cancel,k2_exact,cancel,2,200,exp,512,38,0.034279123474387996,0.01634254213422537,30,False,9.43689570931383e-16,0
k2_m200_s1_cancel,k2_exact,cancel,2,200,exp,512,39,0.034279123207735816,0.015254333149641752,27,False,2.6665312319318346e-10,0
k2_m200_s1_cancel,k2_exact,cancel,2,200,exp,512,40,0.03427912347278113,0.015030082780867815,27,False,1.6078111064743439e-12,0
k2_m200_s1_cancel,k2_exact,cancel,2,200,exp,512,41,0.03427912347406861,0.015906957909464836,29,False,3.203270981799733e-13,0
k2_m200_s1_cancel,k2_exact,cancel,2,200,exp,512,42,0.03427912347203574,0.016512583941221237,31,False,2.353200967419866e-12,0
k2_m200_s1_cancel,k2_exact,cancel,2,200,exp,512,43,0.03427912338379764,0.018193124793469906,31,False,9.059129835176094e-11,0
k2_m200_s1_cancel,k2_exact,cancel,2,200,exp,512,44,0.03427912347285431,0.01631199987605214,31,False,1.5346265924698343e-12,0
k2_m200_s1_cancel,k2_exact,cancel,2,200,exp,512,45,0.03427912347342858,0.016003749798983335,29,False,9.603567940885682e-13,0
k2_m200_s1_cancel,k2_exact,cancel,2,200,exp,512,46,0.03427912340458193,0.01632558275014162,30,False,6.98070073967827e-11,0
k2_m200_s1_cancel,k2_exact,cancel,2,200,exp,512,47,0.0342791234743747,0.015482124872505665,28,False,1.4238610290817633e-14,0
k2_m200_s1_cancel,k2_exact,cancel,2,200,exp,512,48,0.03427912341710979,0.016622040886431932,30,False,5.727914670350387e-11,0
k2_m200_s1_cancel,k2_exact,cancel,2,200,exp,512,49,0.03427912281214112,0.015021875035017729,27,False,6.622478190831949e-10,0
k2_m200_s1_cancel,k2_exact,cancel,2,200,exp,2048,0,0.0342791234743516,0.01811845786869526,28,False,3.7338188096924796e-14,0
k2_m200_s1_cancel,k2_exact,cancel,2,200,exp,2048,1,0.034279123474388336,0.01738704089075327,27,False,6.036837696399289e-16,0
k2_m200_s1_cancel,k2_exact,cancel,2,200,exp,2048,2,0.03427912347435229,0.017950791865587234,28,False,3.665123760043798e-14,0
k2_m200_s1_cancel,k2_exact,cancel,2,200,exp,2048,3,0.03427912347436991,0.01811395911499858,29,False,1.902644708451362e-14,0
k2_m200_s1_cancel,k2_exact,cancel,2,200,exp,2048,4,0.03427912347437232,0.016685917042195797,25,False,1.6618650899857812e-14,0
k2_m200_s1_cancel,k2_exact,cancel,2,200,exp,2048,5,0.03427912347436666,0.0184473330155015,29,False,2.228078832544611e-14,0
k2_m200_s1_cancel,k2_exact,cancel,2,200,exp,2048,6,0.03427912347438699,0.01810616673901677,28,False,1.949829186997931e-15,0
k2_m200_s1_cancel,k2_exact,cancel,2,200,exp,2048,7,0.03427912347060229,0.01835916703566909,30,False,3.786651547876829e-12,0
k2_m200_s1_cancel,k2_exact,cancel,2,200,exp,2048,8,0.03427912347433317,0.018436333164572716,30,False,5.5767890305702394e-14,0
k2_m200_s1_cancel,k2_exact,cancel,2,200,exp,2048,9,0.034279123473905604,0.017113917041569948,27,False,4.833355937705619e-13,0
k2_m200_s1_cancel,k2_exact,cancel,2,200,exp,2048,10,0.034279123474331714,0.017650541849434376,28,False,5.722505802552291e-14,0
k2_m200_s1_cancel,k2_exact,cancel,2,200,exp,2048,11,0.034279123474082254,0.018467292189598083,30,False,3.066852327648917e-13,0
k2_m200_s1_cancel,k2_exact,cancel,2,200,exp,2048,12,0.03427912347436385,0.019233666826039553,30,False,2.5091040356528538e-14,0
k2_m200_s1_cancel,k2_exact,cancel,2,200,exp,2048,13,0.03427912347438477,0.017335208132863045,28,False,4.170275236248244e-15,0
k2_m200_s1_cancel,k2_exact,cancel,2,200,exp,2048,14,0.03427912343507316,0.017504540737718344,28,False,3.931577979843226e-11,0
k2_m200_s1_cancel,k2_exact,cancel,2,200,exp,2048,15,0.03427912347400999,0.017776374705135822,28,False,3.7894687388018156e-13,0
k2_m200_s1_cancel,k2_exact,cancel,2,200,exp,2048,16,0.03427912347339384,0.01747237518429756,28,False,9.950998358654317e-13,0
k2_m200_s1_cancel,k2_exact,cancel,2,200,exp,2048,17,0.03427912174365898,0.01775095798075199,27,False,1.730729962123867e-09,0
k2_m200_s1_cancel,k2_exact,cancel,2,200,exp,2048,18,0.03427911847008479,0.01775916712358594,28,False,5.004304151623451e-09,0
k2_m200_s1_cancel,k2_exact,cancel,2,200,exp,2048,19,0.03427912347344783,0.01693887496367097,27,False,9.411083023991296e-13,0
k2_m200_s1_cancel,k2_exact,cancel,2,200,exp,2048,20,0.034279123474376776,0.01824562530964613,29,False,1.2163881013549371e-14,0
k2_m200_s1_cancel,k2_exact,cancel,2,200,exp,2048,21,0.03427912347417543,0.016823667101562023,26,False,2.1350976542322542e-13,0
k2_m200_s1_cancel,k2_exact,cancel,2,200,exp,2048,22,0.03427911954522869,0.01775866560637951,28,False,3.9291602471625e-09,0
k2_m200_s1_cancel,k2_exact,cancel,2,200,exp,2048,23,0.03427912347438384,0.017330416943877935,27,False,5.100087019371813e-15,0
k2_m200_s1_cancel,k2_exact,cancel,2,200,exp,2048,24,0.0342791234736054,0.017868374940007925,29,False,7.835398996292042e-13,0
k2_m200_s1_cancel,k2_exact,cancel,2,200,exp,2048,25,0.03427912347153698,0.018493332900106907,29,False,2.851961722338814e-12,0
k2_m200_s1_cancel,k2_exact,cancel,2,200,exp,2048,26,0.034279123474360566,0.018781207967549562,30,False,2.8373137173076657e-14,0
k2_m200_s1_cancel,k2_exact,cancel,2,200,exp,2048,27,0.03427912347432618,0.017052582930773497,27,False,6.276229536084088e-14,0
k2_m200_s1_cancel,k2_exact,cancel,2,200,exp,2048,28,0.03427912272520614,0.017202208749949932,27,False,7.491827991312761e-10,0
k2_m200_s1_cancel,k2_exact,cancel,2,200,exp,2048,29,0.034279123474382674,0.018682833295315504,30,False,6.265821195228227e-15,0
k2_m200_s1_cancel,k2_exact,cancel,2,200,exp,2048,30,0.03427912347428278,0.01816508313640952,29,False,1.0615813783587669e-13,0
k2_m200_s1_cancel,k2_exact,cancel,2,200,exp,2048,31,0.034279123465445024,0.01784904208034277,29,False,8.943915053016838e-12,0
k2_m200_s1_cancel,k2_exact,cancel,2,200,exp,2048,32,0.03427912347438106,0.017331084236502647,28,False,7.882583474838611e-15,0
k2_m200_s1_cancel,k2_exact,cancel,2,200,exp,2048,33,0.03427912347434804,0.01859820820391178,29,False,4.0897840669629204e-14,0
k2_m200_s1_cancel,k2_exact,cancel,2,200,exp,2048,34,0.034279123472602514,0.017407375387847424,28,False,1.7864251744548199e-12,0
k2_m200_s1_cancel,k2_exact,cancel,2,200,exp,2048,35,0.03427912305389929,0.017034917138516903,27,False,4.204896500437094e-10,0
k2_m200_s1_cancel,k2_exact,cancel,2,200,exp,2048,36,0.03427912347435964,0.01717579225078225,27,False,2.929601006229632e-14,0
k2_m200_s1_cancel,k2_exact,cancel,2,200,exp,2048,37,0.034279123474388475,0.017366707790642977,28,False,4.649058915617843e-16,0
k2_m200_s1_cancel,k2_exact,cancel,2,200,exp,2048,38,0.03427912254115271,0.017458250280469656,28,False,9.332362313485554e-10,0
k2_m200_s1_cancel,k2_exact,cancel,2,200,exp,2048,39,0.03427912347438431,0.016843167133629322,26,False,4.628242233906121e-15,0
k2_m200_s1_cancel,k2_exact,cancel,2,200,exp,2048,40,0.0342791234743881,0.016854458022862673,26,False,8.396061623727746e-16,0
k2_m200_s1_cancel,k2_exact,cancel,2,200,exp,2048,41,0.03427912081394522,0.017309125047177076,27,False,2.660443719493255e-09,0
k2_m200_s1_cancel,k2_exact,cancel,2,200,exp,2048,42,0.03427912346919594,0.018154334276914597,29,False,5.192998808745131e-12,0
k2_m200_s1_cancel,k2_exact,cancel,2,200,exp,2048,43,0.034279123474388336,0.01897545764222741,30,False,6.036837696399289e-16,0
k2_m200_s1_cancel,k2_exact,cancel,2,200,exp,2048,44,0.034279123474102,0.016749291215091944,26,False,2.869371407143717e-13,0
k2_m200_s1_cancel,k2_exact,cancel,2,200,exp,2048,45,0.034279123474314124,0.018051291815936565,29,False,7.481515407192774e-14,0
k2_m200_s1_cancel,k2_exact,cancel,2,200,exp,2048,46,0.03427912347399524,0.01729266718029976,27,False,3.936989623198883e-13,0
k2_m200_s1_cancel,k2_exact,cancel,2,200,exp,2048,47,0.034279123473955474,0.01665899995714426,26,False,4.3346576328318065e-13,0
k2_m200_s1_cancel,k2_exact,cancel,2,200,exp,2048,48,0.03427912347438635,0.0180461248382926,29,False,2.588207426157396e-15,0
k2_m200_s1_cancel,k2_exact,cancel,2,200,exp,2048,49,0.034279123474387226,0.018173167016357183,28,False,1.7139067942650854e-15,0
k2_m200_s1_cancel,k2_exact,cancel,2,200,sobol,128,0,0.03427911729300731,0.017692833207547665,34,False,6.1813816287781265e-09,0
k2_m200_s1_cancel,k2_exact,cancel,2,200,sobol,128,1,0.034279123474384506,0.01644470915198326,32,False,4.433953204596719e-15,0
k2_m200_s1_cancel,k2_exact,cancel,2,200,sobol,128,2,0.034279123474386775,0.017544916830956936,34,False,2.1649348980190553e-15,0
k2_m200_s1_cancel,k2_exact,cancel,2,200,sobol,128,3,0.03427912154621177,0.01579962484538555,30,False,1.9281771665435876e-09,0
k2_m200_s1_cancel,k2_exact,cancel,2,200,sobol,128,4,0.034279123474388475,0.01680595800280571,33,False,4.649058915617843e-16,0
k2_m200_s1_cancel,k2_exact,cancel,2,200,sobol,128,5,0.034279113599365904,0.015832874923944473,30,False,9.875023035399444e-09,0
k2_m200_s1_cancel,k2_exact,cancel,2,200,sobol,128,6,0.03427912347438699,0.01586695807054639,30,False,1.949829186997931e-15,0
k2_m200_s1_cancel,k2_exact,cancel,2,200,sobol,128,7,0.03427911424045411,0.016595750115811825,32,False,9.23393483204249e-09,0
k2_m200_s1_cancel,k2_exact,cancel,2,200,sobol,128,8,0.034279122643844806,0.015646332874894142,31,False,8.305441334677255e-10,0
k2_m200_s1_cancel,k2_exact,cancel,2,200,sobol,128,9,0.034279123296647375,0.017485124990344048,34,False,1.7774156452210477e-10,0
k2_m200_s1_cancel,k2_exact,cancel,2,200,sobol,128,10,0.03427912347419976,0.016343584284186363,32,False,1.8918200339612667e-13,0
k2_m200_s1_cancel,k2_exact,cancel,2,200,sobol,128,11,0.03427912346118115,0.016721291933208704,31,False,1.3207789029134887e-11,0
k2_m200_s1_cancel,k2_exact,cancel,2,200,sobol,128,12,0.03427912347438741,0.016674791928380728,32,False,1.5265566588595902e-15,0
k2_m200_s1_cancel,k2_exact,cancel,2,200,sobol,128,13,0.03427912102185391,0.014628916047513485,28,False,2.4525350292292636e-09,0
k2_m200_s1_cancel,k2_exact,cancel,2,200,sobol,128,14,0.034279123474151824,0.01617279089987278,31,False,2.371158824843178e-13,0
k2_m200_s1_cancel,k2_exact,cancel,2,200,sobol,128,15,0.03427912347438741,0.016974959056824446,33,False,1.5265566588595902e-15,0
k2_m200_s1_cancel,k2_exact,cancel,2,200,sobol,128,16,0.03427912296444226,0.015280249994248152,29,False,5.099466821034682e-10,0
k2_m200_s1_cancel,k2_exact,cancel,2,200,sobol,128,17,0.03427911992262879,0.016066416166722775,31,False,3.551760149878014e-09,0
k2_m200_s1_cancel,k2_exact,cancel,2,200,sobol,128,18,0.03427912325104096,0.01623700000345707,31,False,2.2334797900036563e-10,0
k2_m200_s1_cancel,k2_exact,cancel,2,200,sobol,128,19,0.03427912347438477,0.017291625030338764,33,False,4.170275236248244e-15,0
k2_m200_s1_cancel,k2_exact,cancel,2,200,sobol,128,20,0.03427912327163826,0.015202709008008242,29,False,2.0275067735830987e-10,0
k2_m200_s1_cancel,k2_exact,cancel,2,200,sobol,128,21,0.03427912347369236,0.015202791895717382,28,False,6.965816812254388e-13,0
k2_m200_s1_cancel,k2_exact,cancel,2,200,sobol,128,22,0.03427912187990164,0.015189750120043755,29,False,1.5944872991391357e-09,0
k2_m200_s1_cancel,k2_exact,cancel,2,200,sobol,128,23,0.034279123472499874,0.017482374794781208,34,False,1.8890652930814156e-12,0
k2_m200_s1_cancel,k2_exact,cancel,2,200,sobol,128,24,0.03427912299812156,0.016390500124543905,32,False,4.762673797009676e-10,0
k2_m200_s1_cancel,k2_exact,cancel,2,200,sobol,128,25,0.03427912347045094,0.01678912527859211,33,False,3.938002701708854e-12,0
k2_m200_s1_cancel,k2_exact,cancel,2,200,sobol,128,26,0.034279119084861136,0.01523045776411891,29,False,4.389527803738691e-09,0
k2_m200_s1_cancel,k2_exact,cancel,2,200,sobol,128,27,0.034279123098506135,0.0166061669588089,32,False,3.758828040489881e-10,0
k2_m200_s1_cancel,k2_exact,cancel,2,200,sobol,128,28,0.034279123474388176,0.016675875056535006,32,False,7.632783294297951e-16,0
k2_m200_s1_cancel,k2_exact,cancel,2,200,sobol,128,29,0.03427912347438868,0.01676587527617812,32,False,2.5673907444456745e-16,0
k2_m200_s1_cancel,k2_exact,cancel,2,200,sobol,128,30,0.03427912060903943,0.016131625045090914,31,False,2.865349506275816e-09,0
k2_m200_s1_cancel,k2_exact,cancel,2,200,sobol,128,31,0.034279123474388475,0.01626754179596901,31,False,4.649058915617843e-16,0
k2_m200_s1_cancel,k2_exact,cancel,2,200,sobol,128,32,0.03427912339398402,0.014946958050131798,28,False,8.040491883409828e-11,0
k2_m200_s1_cancel,k2_exact,cancel,2,200,sobol,128,33,0.034279123472370714,0.016392791643738747,31,False,2.0182258642087447e-12,0
k2_m200_s1_cancel,k2_exact,cancel,2,200,sobol,128,34,0.03427912347438862,0.01830783300101757,35,False,3.191891195797325e-16,0
k2_m200_s1_cancel,k2_exact,cancel,2,200,sobol,128,35,0.03427912174966502,0.016327959019690752,30,False,1.7247239192386132e-09,0
k2_m200_s1_cancel,k2_exact,cancel,2,200,sobol,128,36,0.03427912347438281,0.016238499898463488,30,False,6.127043317150083e-15,0
k2_m200_s1_cancel,k2_exact,cancel,2,200,sobol,128,37,0.03427911864548147,0.0165413748472929,32,False,4.828907468334975e-09,0
k2_m200_s1_cancel,k2_exact,cancel,2,200,sobol,128,38,0.034279122853714705,0.016685541719198227,33,False,6.206742342307336e-10,0
k2_m200_s1_cancel,k2_exact,cancel,2,200,sobol,128,39,0.034279123396457375,0.01662916736677289,32,False,7.793156397983836e-11,0
k2_m200_s1_cancel,k2_exact,cancel,2,200,sobol,128,40,0.03427912253329614,0.016035625245422125,31,False,9.410928009101482e-10,0
k2_m200_s1_cancel,k2_exact,cancel,2,200,sobol,128,41,0.034279121402200664,0.016276000067591667,31,False,2.072188275137332e-09,0
k2_m200_s1_cancel,k2_exact,cancel,2,200,sobol,128,42,0.03427912347438781,0.016880041919648647,32,False,1.1310397063368782e-15,0
k2_m200_s1_cancel,k2_exact,cancel,2,200,sobol,128,43,0.03427912347438577,0.015532167162746191,29,False,3.1710745140856034e-15,0
k2_m200_s1_cancel,k2_exact,cancel,2,200,sobol,128,44,0.03427912347433469,0.015508334152400494,29,False,5.424827254074671e-14,0
k2_m200_s1_cancel,k2_exact,cancel,2,200,sobol,128,45,0.034279121208859155,0.016215375158935785,31,False,2.2655297846063682e-09,0
k2_m200_s1_cancel,k2_exact,cancel,2,200,sobol,128,46,0.03427912318993475,0.01619741739705205,31,False,2.844541893698427e-10,0
k2_m200_s1_cancel,k2_exact,cancel,2,200,sobol,128,47,0.034279123474388176,0.016270332969725132,31,False,7.632783294297951e-16,0
k2_m200_s1_cancel,k2_exact,cancel,2,200,sobol,128,48,0.03427912347438862,0.016223832964897156,30,False,3.191891195797325e-16,0
k2_m200_s1_cancel,k2_exact,cancel,2,200,sobol,128,49,0.03427912199239313,0.016458542086184025,32,False,1.481995810792558e-09,0
k2_m200_s1_cancel,k2_exact,cancel,2,200,sobol,512,0,0.03427912347176879,0.015990166924893856,29,False,2.620147154797081e-12,0
k2_m200_s1_cancel,k2_exact,cancel,2,200,sobol,512,1,0.0342791234356469,0.015813332982361317,27,False,3.874203735598769e-11,0
k2_m200_s1_cancel,k2_exact,cancel,2,200,sobol,512,2,0.03427912346181462,0.01699808333069086,30,False,1.2574316587965484e-11,0
k2_m200_s1_cancel,k2_exact,cancel,2,200,sobol,512,3,0.0342791234734293,0.016502208076417446,29,False,9.596420880164658e-13,0
k2_m200_s1_cancel,k2_exact,cancel,2,200,sobol,512,4,0.034279123474383735,0.01634579198434949,30,False,5.204170427930421e-15,0
k2_m200_s1_cancel,k2_exact,cancel,2,200,sobol,512,5,0.03427912343079793,0.016286542173475027,30,False,4.3591012743871005e-11,0
k2_m200_s1_cancel,k2_exact,cancel,2,200,sobol,512,6,0.03427912347438718,0.01628375006839633,30,False,1.762479051592436e-15,0
k2_m200_s1_cancel,k2_exact,cancel,2,200,sobol,512,7,0.03427912347355648,0.01572058303281665,28,False,8.324591016517502e-13,0
k2_m200_s1_cancel,k2_exact,cancel,2,200,sobol,512,8,0.03427912346165188,0.015844000037759542,28,False,1.2737061405587724e-11,0
k2_m200_s1_cancel,k2_exact,cancel,2,200,sobol,512,9,0.034279123455112734,0.015683417208492756,28,False,1.9276205631690857e-11,0
k2_m200_s1_cancel,k2_exact,cancel,2,200,sobol,512,10,0.034279123375077485,0.016510749701410532,30,False,9.931145489305848e-11,0
k2_m200_s1_cancel,k2_exact,cancel,2,200,sobol,512,11,0.03427912346420785,0.015704458113759756,28,False,1.0181092080507881e-11,0
k2_m200_s1_cancel,k2_exact,cancel,2,200,sobol,512,12,0.03427912342610012,0.01563745830208063,28,False,4.8288817389163796e-11,0
k2_m200_s1_cancel,k2_exact,cancel,2,200,sobol,512,13,0.03427912347438426,0.016161167062819004,29,False,4.676814491233472e-15,0
k2_m200_s1_cancel,k2_exact,cancel,2,200,sobol,512,14,0.034279123473980544,0.015954916831105947,29,False,4.0839553960836383e-13,0
k2_m200_s1_cancel,k2_exact,cancel,2,200,sobol,512,15,0.03427912339153463,0.015828832983970642,28,False,8.285430674881411e-11,0
k2_m200_s1_cancel,k2_exact,cancel,2,200,sobol,512,16,0.034279121837098754,0.016634833067655563,29,False,1.637290185374507e-09,0
k2_m200_s1_cancel,k2_exact,cancel,2,200,sobol,512,17,0.03427912347437136,0.015974333975464106,28,False,1.757621825859701e-14,0
k2_m200_s1_cancel,k2_exact,cancel,2,200,sobol,512,18,0.03427912347296791,0.016251625027507544,29,False,1.4210299603689691e-12,0
k2_m200_s1_cancel,k2_exact,cancel,2,200,sobol,512,19,0.03427912346588039,0.016161541920155287,30,False,8.508548032803986e-12,0
k2_m200_s1_cancel,k2_exact,cancel,2,200,sobol,512,20,0.03427912175164461,0.015112207736819983,26,False,1.7227443291356614e-09,0
k2_m200_s1_cancel,k2_exact,cancel,2,200,sobol,512,21,0.03427912336596324,0.015037625096738338,26,False,1.0842569897473453e-10,0
k2_m200_s1_cancel,k2_exact,cancel,2,200,sobol,512,22,0.034279123474351865,0.01713504223152995,30,False,3.707451012857632e-14,0
k2_m200_s1_cancel,k2_exact,cancel,2,200,sobol,512,23,0.03427912334993671,0.016413667239248753,28,False,1.2445222630219632e-10,0
k2_m200_s1_cancel,k2_exact,cancel,2,200,sobol,512,24,0.034279123284245636,0.01738733286038041,30,False,1.9014330387978617e-10,0
k2_m200_s1_cancel,k2_exact,cancel,2,200,sobol,512,25,0.03427912340722265,0.01688133319839835,29,False,6.716628642156053e-11,0
k2_m200_s1_cancel,k2_exact,cancel,2,200,sobol,512,26,0.03427912343111259,0.015426374971866608,27,False,4.327634778311662e-11,0
k2_m200_s1_cancel,k2_exact,cancel,2,200,sobol,512,27,0.03427912340753108,0.015760917216539383,28,False,6.685785952642576e-11,0
k2_m200_s1_cancel,k2_exact,cancel,2,200,sobol,512,28,0.03427912331269973,0.016407625284045935,30,False,1.6168921063153263e-10,0
k2_m200_s1_cancel,k2_exact,cancel,2,200,sobol,512,29,0.0342791234495354,0.015832542441785336,28,False,2.4853542834879505e-11,0
k2_m200_s1_cancel,k2_exact,cancel,2,200,sobol,512,30,0.03427912347431118,0.01611374970525503,28,False,7.77572450871844e-14,0
k2_m200_s1_cancel,k2_exact,cancel,2,200,sobol,512,31,0.034279123452792735,0.015998790971934795,28,False,2.1596203991780527e-11,0
k2_m200_s1_cancel,k2_exact,cancel,2,200,sobol,512,32,0.03427912322700895,0.015884957741945982,28,False,2.4737999149149204e-10,0
k2_m200_s1_cancel,k2_exact,cancel,2,200,sobol,512,33,0.03427912347437159,0.017155291978269815,31,False,1.734723475976807e-14,0
k2_m200_s1_cancel,k2_exact,cancel,2,200,sobol,512,34,0.03427912347259107,0.01581683335825801,28,False,1.7978674105023629e-12,0
k2_m200_s1_cancel,k2_exact,cancel,2,200,sobol,512,35,0.03427912346819619,0.01611941633746028,29,False,6.19274770352618e-12,0
k2_m200_s1_cancel,k2_exact,cancel,2,200,sobol,512,36,0.03427912347393371,0.016402042005211115,30,False,4.552261345658337e-13,0
k2_m200_s1_cancel,k2_exact,cancel,2,200,sobol,512,37,0.03427912347333845,0.016174084041267633,28,False,1.0504860870064192e-12,0
k2_m200_s1_cancel,k2_exact,cancel,2,200,sobol,512,38,0.03427912341927725,0.016676250379532576,30,False,5.511168604810379e-11,0
k2_m200_s1_cancel,k2_exact,cancel,2,200,sobol,512,39,0.034279123428039696,0.014905999880284071,27,False,4.634924388735584e-11,0
k2_m200_s1_cancel,k2_exact,cancel,2,200,sobol,512,40,0.034279123456648866,0.015148290898650885,27,False,1.7740073299243875e-11,0
k2_m200_s1_cancel,k2_exact,cancel,2,200,sobol,512,41,0.034279123438639925,0.015612915623933077,27,False,3.574901485947635e-11,0
k2_m200_s1_cancel,k2_exact,cancel,2,200,sobol,512,42,0.0342791234346264,0.01641095895320177,31,False,3.976254048243533e-11,0
k2_m200_s1_cancel,k2_exact,cancel,2,200,sobol,512,43,0.034279123474388176,0.015263833105564117,28,False,7.632783294297951e-16,0
k2_m200_s1_cancel,k2_exact,cancel,2,200,sobol,512,44,0.03427912347098499,0.016049124766141176,29,False,3.403950732394634e-12,0
k2_m200_s1_cancel,k2_exact,cancel,2,200,sobol,512,45,0.034279116526257744,0.016065333038568497,29,False,6.948131195394502e-09,0
k2_m200_s1_cancel,k2_exact,cancel,2,200,sobol,512,46,0.0342791234713877,0.017036249861121178,30,False,3.00123814689357e-12,0
k2_m200_s1_cancel,k2_exact,cancel,2,200,sobol,512,47,0.034279123440833136,0.0164987500756979,30,False,3.355580396879887e-11,0
k2_m200_s1_cancel,k2_exact,cancel,2,200,sobol,512,48,0.034279123442151054,0.015643666964024305,29,False,3.223788597184196e-11,0
k2_m200_s1_cancel,k2_exact,cancel,2,200,sobol,512,49,0.03427912344196918,0.016753791831433773,30,False,3.2419761319957274e-11,0
k2_m200_s1_cancel,k2_exact,cancel,2,200,sobol,2048,0,0.03427912347416639,0.01890329224988818,29,False,2.2255114418001654e-13,0
k2_m200_s1_cancel,k2_exact,cancel,2,200,sobol,2048,1,0.03427912301527288,0.016913000028580427,26,False,4.591160576716824e-10,0
k2_m200_s1_cancel,k2_exact,cancel,2,200,sobol,2048,2,0.03427912347432374,0.01791104208678007,29,False,6.519784712111232e-14,0
k2_m200_s1_cancel,k2_exact,cancel,2,200,sobol,2048,3,0.034279123474366076,0.016987666953355074,26,False,2.2863655413374318e-14,0
k2_m200_s1_cancel,k2_exact,cancel,2,200,sobol,2048,4,0.03427912347437063,0.0184220839291811,29,False,1.8311741012411176e-14,0
k2_m200_s1_cancel,k2_exact,cancel,2,200,sobol,2048,5,0.03427912347409297,0.01854670885950327,29,False,2.959715805772589e-13,0
k2_m200_s1_cancel,k2_exact,cancel,2,200,sobol,2048,6,0.034279123474387704,0.016880041919648647,27,False,1.2351231148954867e-15,0
k2_m200_s1_cancel,k2_exact,cancel,2,200,sobol,2048,7,0.034279123474265885,0.01729416660964489,26,False,1.230543444918908e-13,0
k2_m200_s1_cancel,k2_exact,cancel,2,200,sobol,2048,8,0.034279123474388336,0.01778049999848008,27,False,6.036837696399289e-16,0
k2_m200_s1_cancel,k2_exact,cancel,2,200,sobol,2048,9,0.03427912347438781,0.017476791981607676,27,False,1.1310397063368782e-15,0
k2_m200_s1_cancel,k2_exact,cancel,2,200,sobol,2048,10,0.03427912037490826,0.017960582859814167,27,False,3.0994806790585194e-09,0
k2_m200_s1_cancel,k2_exact,cancel,2,200,sobol,2048,11,0.03427911583480458,0.017039000056684017,26,False,7.639584360952245e-09,0
k2_m200_s1_cancel,k2_exact,cancel,2,200,sobol,2048,12,0.034279118814585785,0.01798941707238555,27,False,4.659803154449804e-09,0
k2_m200_s1_cancel,k2_exact,cancel,2,200,sobol,2048,13,0.03427912346399127,0.018247040919959545,29,False,1.0397668837036633e-11,0
k2_m200_s1_cancel,k2_exact,cancel,2,200,sobol,2048,14,0.03427912347438339,0.018071749713271856,29,False,5.551115123125783e-15,0
k2_m200_s1_cancel,k2_exact,cancel,2,200,sobol,2048,15,0.03427912224636713,0.01751708285883069,27,False,1.2280218092408646e-09,0
k2_m200_s1_cancel,k2_exact,cancel,2,200,sobol,2048,16,0.03427912347415,0.016973584424704313,26,False,2.389408115810454e-13,0
k2_m200_s1_cancel,k2_exact,cancel,2,200,sobol,2048,17,0.034279118844685055,0.018585291225463152,29,False,4.629703884151404e-09,0
k2_m200_s1_cancel,k2_exact,cancel,2,200,sobol,2048,18,0.034279123474272054,0.017681750003248453,28,False,1.1688566781131726e-13,0
k2_m200_s1_cancel,k2_exact,cancel,2,200,sobol,2048,19,0.03427912227833579,0.017826790921390057,27,False,1.1960531523524942e-09,0
k2_m200_s1_cancel,k2_exact,cancel,2,200,sobol,2048,20,0.034279123473915235,0.01780187524855137,28,False,4.737044090319387e-13,0
k2_m200_s1_cancel,k2_exact,cancel,2,200,sobol,2048,21,0.03427912149238618,0.018011458218097687,28,False,1.982002756362178e-09,0
k2_m200_s1_cancel,k2_exact,cancel,2,200,sobol,2048,22,0.03427912244864644,0.018509082961827517,29,False,1.025742497884341e-09,0
k2_m200_s1_cancel,k2_exact,cancel,2,200,sobol,2048,23,0.03427912347438369,0.01823154091835022,29,False,5.252742685257772e-15,0
k2_m200_s1_cancel,k2_exact,cancel,2,200,sobol,2048,24,0.034279123474298456,0.017998000141233206,28,False,9.048317650695026e-14,0
k2_m200_s1_cancel,k2_exact,cancel,2,200,sobol,2048,25,0.03427912347423077,0.017895083408802748,28,False,1.5817208653956527e-13,0
k2_m200_s1_cancel,k2_exact,cancel,2,200,sobol,2048,26,0.03427912347438339,0.017044250387698412,26,False,5.551115123125783e-15,0
k2_m200_s1_cancel,k2_exact,cancel,2,200,sobol,2048,27,0.034279116309935735,0.0181534169241786,28,False,7.164453204311361e-09,0
k2_m200_s1_cancel,k2_exact,cancel,2,200,sobol,2048,28,0.03427911625600922,0.017616416793316603,27,False,7.218379720341783e-09,0
k2_m200_s1_cancel,k2_exact,cancel,2,200,sobol,2048,29,0.034279123474234785,0.018062167335301638,28,False,1.5415446696920299e-13,0
k2_m200_s1_cancel,k2_exact,cancel,2,200,sobol,2048,30,0.034279123474388475,0.01743687456473708,27,False,4.649058915617843e-16,0
k2_m200_s1_cancel,k2_exact,cancel,2,200,sobol,2048,31,0.03427912347412575,0.01739512477070093,27,False,2.6319224577520117e-13,0
k2_m200_s1_cancel,k2_exact,cancel,2,200,sobol,2048,32,0.03427912347431567,0.017959124874323606,28,False,7.326778073135642e-14,0
k2_m200_s1_cancel,k2_exact,cancel,2,200,sobol,2048,33,0.034279123474058995,0.017316749785095453,27,False,3.299444051307887e-13,0
k2_m200_s1_cancel,k2_exact,cancel,2,200,sobol,2048,34,0.03427912347438339,0.018601541873067617,29,False,5.551115123125783e-15,0
k2_m200_s1_cancel,k2_exact,cancel,2,200,sobol,2048,35,0.03427912347404042,0.01701741712167859,27,False,3.4851982411154836e-13,0
k2_m200_s1_cancel,k2_exact,cancel,2,200,sobol,2048,36,0.03427912347424306,0.017906166147440672,28,False,1.4587636654184166e-13,0
k2_m200_s1_cancel,k2_exact,cancel,2,200,sobol,2048,37,0.03427912347414651,0.017826208379119635,28,False,2.4243107521471075e-13,0
k2_m200_s1_cancel,k2_exact,cancel,2,200,sobol,2048,38,0.034279123473757854,0.01826491579413414,29,False,6.310854616664585e-13,0
k2_m200_s1_cancel,k2_exact,cancel,2,200,sobol,2048,39,0.03427912347436395,0.018804667051881552,29,False,2.498695694796993e-14,0
k2_m200_s1_cancel,k2_exact,cancel,2,200,sobol,2048,40,0.034279123474387704,0.01841379189863801,29,False,1.2351231148954867e-15,0
k2_m200_s1_cancel,k2_exact,cancel,2,200,sobol,2048,41,0.03427912347436472,0.01891479082405567,30,False,2.4216739724636227e-14,0
k2_m200_s1_cancel,k2_exact,cancel,2,200,sobol,2048,42,0.034279123473501906,0.018664707895368338,29,False,8.870335022059805e-13,0
k2_m200_s1_cancel,k2_exact,cancel,2,200,sobol,2048,43,0.03427912347417215,0.018278957810252905,28,False,2.1679186223977354e-13,0
k2_m200_s1_cancel,k2_exact,cancel,2,200,sobol,2048,44,0.03427912347437745,0.018559082876890898,29,False,1.149080830487037e-14,0
k2_m200_s1_cancel,k2_exact,cancel,2,200,sobol,2048,45,0.03427912132202608,0.016806249972432852,25,False,2.1523628573882903e-09,0
k2_m200_s1_cancel,k2_exact,cancel,2,200,sobol,2048,46,0.034279123474379475,0.016288000158965588,24,False,9.46465128492946e-15,0
k2_m200_s1_cancel,k2_exact,cancel,2,200,sobol,2048,47,0.03427912347437929,0.018092624843120575,29,False,9.652001420334955e-15,0
k2_m200_s1_cancel,k2_exact,cancel,2,200,sobol,2048,48,0.03427912347435306,0.01804374996572733,28,False,3.588102037710428e-14,0
k2_m200_s1_cancel,k2_exact,cancel,2,200,sobol,2048,49,0.03427912347429409,0.018777750432491302,30,False,9.48477407725079e-14,0
real_K5_early_m4,real_K5,bandit_toy,5,4,exp,128,0,0.006815152767999211,0.0004192083142697811,0,True,0.0,0
real_K5_early_m4,real_K5,bandit_toy,5,4,exp,128,1,0.006815152767999211,0.00023562507703900337,0,True,0.0,0
real_K5_early_m4,real_K5,bandit_toy,5,4,exp,128,2,0.006815152767999211,0.00022741593420505524,0,True,0.0,0
real_K5_early_m4,real_K5,bandit_toy,5,4,exp,128,3,0.006815152767999211,0.00022358307614922523,0,True,0.0,0
real_K5_early_m4,real_K5,bandit_toy,5,4,exp,128,4,0.006815152767999211,0.00023666583001613617,0,True,0.0,0
real_K5_early_m4,real_K5,bandit_toy,5,4,exp,128,5,0.006815152767999211,0.0002094171941280365,0,True,0.0,0
real_K5_early_m4,real_K5,bandit_toy,5,4,exp,128,6,0.006815152767999211,0.00020983396098017693,0,True,0.0,0
real_K5_early_m4,real_K5,bandit_toy,5,4,exp,128,7,0.006815152767999211,0.00019233394414186478,0,True,0.0,0
real_K5_early_m4,real_K5,bandit_toy,5,4,exp,128,8,0.006815152767999211,0.00018929177895188332,0,True,0.0,0
real_K5_early_m4,real_K5,bandit_toy,5,4,exp,128,9,0.006815152767999211,0.00018650013953447342,0,True,0.0,0
real_K5_early_m4,real_K5,bandit_toy,5,4,exp,128,10,0.006815152767999211,0.0001865830272436142,0,True,0.0,0
real_K5_early_m4,real_K5,bandit_toy,5,4,exp,128,11,0.006815152767999211,0.00019570905715227127,0,True,0.0,0
real_K5_early_m4,real_K5,bandit_toy,5,4,exp,128,12,0.006815152767999211,0.00018862495198845863,0,True,0.0,0
real_K5_early_m4,real_K5,bandit_toy,5,4,exp,128,13,0.006815152767999211,0.0001848330721259117,0,True,0.0,0
real_K5_early_m4,real_K5,bandit_toy,5,4,exp,128,14,0.006815152767999211,0.00018787523731589317,0,True,0.0,0
real_K5_early_m4,real_K5,bandit_toy,5,4,exp,128,15,0.006815152767999211,0.00018783286213874817,0,True,0.0,0
real_K5_early_m4,real_K5,bandit_toy,5,4,exp,128,16,0.006815152767999211,0.00018949992954730988,0,True,0.0,0
real_K5_early_m4,real_K5,bandit_toy,5,4,exp,128,17,0.006815152767999211,0.00019133323803544044,0,True,0.0,0
real_K5_early_m4,real_K5,bandit_toy,5,4,exp,128,18,0.006815152767999211,0.00018304213881492615,0,True,0.0,0
real_K5_early_m4,real_K5,bandit_toy,5,4,exp,128,19,0.006815152767999211,0.00018645776435732841,0,True,0.0,0
real_K5_early_m4,real_K5,bandit_toy,5,4,exp,128,20,0.006815152767999211,0.00018420815467834473,0,True,0.0,0
real_K5_early_m4,real_K5,bandit_toy,5,4,exp,128,21,0.006815152767999211,0.00018758326768875122,0,True,0.0,0
real_K5_early_m4,real_K5,bandit_toy,5,4,exp,128,22,0.006815152767999211,0.000202166847884655,0,True,0.0,0
real_K5_early_m4,real_K5,bandit_toy,5,4,exp,128,23,0.006815152767999211,0.00018454203382134438,0,True,0.0,0
real_K5_early_m4,real_K5,bandit_toy,5,4,exp,128,24,0.006815152767999211,0.0001837918534874916,0,True,0.0,0
real_K5_early_m4,real_K5,bandit_toy,5,4,exp,128,25,0.006815152767999211,0.00019087502732872963,0,True,0.0,0
real_K5_early_m4,real_K5,bandit_toy,5,4,exp,128,26,0.006815152767999211,0.00019087502732872963,0,True,0.0,0
real_K5_early_m4,real_K5,bandit_toy,5,4,exp,128,27,0.006815152767999211,0.00019058305770158768,0,True,0.0,0
real_K5_early_m4,real_K5,bandit_toy,5,4,exp,128,28,0.006815152767999211,0.00018266728147864342,0,True,0.0,0
real_K5_early_m4,real_K5,bandit_toy,5,4,exp,128,29,0.006815152767999211,0.00019416678696870804,0,True,0.0,0
real_K5_early_m4,real_K5,bandit_toy,5,4,exp,128,30,0.006815152767999211,0.00018391665071249008,0,True,0.0,0
real_K5_early_m4,real_K5,bandit_toy,5,4,exp,128,31,0.006815152767999211,0.00018849968910217285,0,True,0.0,0
real_K5_early_m4,real_K5,bandit_toy,5,4,exp,128,32,0.006815152767999211,0.00019475026056170464,0,True,0.0,0
real_K5_early_m4,real_K5,bandit_toy,5,4,exp,128,33,0.006815152767999211,0.0001870831474661827,0,True,0.0,0
real_K5_early_m4,real_K5,bandit_toy,5,4,exp,128,34,0.006815152767999211,0.00019037537276744843,0,True,0.0,0
real_K5_early_m4,real_K5,bandit_toy,5,4,exp,128,35,0.006815152767999211,0.00018570898100733757,0,True,0.0,0
real_K5_early_m4,real_K5,bandit_toy,5,4,exp,128,36,0.006815152767999211,0.00018141698092222214,0,True,0.0,0
real_K5_early_m4,real_K5,bandit_toy,5,4,exp,128,37,0.006815152767999211,0.0001860000193119049,0,True,0.0,0
real_K5_early_m4,real_K5,bandit_toy,5,4,exp,128,38,0.006815152767999211,0.00038070790469646454,0,True,0.0,0
real_K5_early_m4,real_K5,bandit_toy,5,4,exp,128,39,0.006815152767999211,0.00027299998328089714,0,True,0.0,0
real_K5_early_m4,real_K5,bandit_toy,5,4,exp,128,40,0.006815152767999211,0.00025016581639647484,0,True,0.0,0
real_K5_early_m4,real_K5,bandit_toy,5,4,exp,128,41,0.006815152767999211,0.00021087471395730972,0,True,0.0,0
real_K5_early_m4,real_K5,bandit_toy,5,4,exp,128,42,0.006815152767999211,0.00019695889204740524,0,True,0.0,0
real_K5_early_m4,real_K5,bandit_toy,5,4,exp,128,43,0.006815152767999211,0.00018908316269516945,0,True,0.0,0
real_K5_early_m4,real_K5,bandit_toy,5,4,exp,128,44,0.006815152767999211,0.0001870826818048954,0,True,0.0,0
real_K5_early_m4,real_K5,bandit_toy,5,4,exp,128,45,0.006815152767999211,0.00018395809456706047,0,True,0.0,0
real_K5_early_m4,real_K5,bandit_toy,5,4,exp,128,46,0.006815152767999211,0.00018479209393262863,0,True,0.0,0
real_K5_early_m4,real_K5,bandit_toy,5,4,exp,128,47,0.006815152767999211,0.00018233293667435646,0,True,0.0,0
real_K5_early_m4,real_K5,bandit_toy,5,4,exp,128,48,0.006815152767999211,0.0001826249063014984,0,True,0.0,0
real_K5_early_m4,real_K5,bandit_toy,5,4,exp,128,49,0.006815152767999211,0.00018075015395879745,0,True,0.0,0
real_K5_early_m4,real_K5,bandit_toy,5,4,exp,512,0,0.006815152767999211,0.00018120836466550827,0,True,0.0,0
real_K5_early_m4,real_K5,bandit_toy,5,4,exp,512,1,0.006815152767999211,0.00018137507140636444,0,True,0.0,0
real_K5_early_m4,real_K5,bandit_toy,5,4,exp,512,2,0.006815152767999211,0.00018225004896521568,0,True,0.0,0
real_K5_early_m4,real_K5,bandit_toy,5,4,exp,512,3,0.006815152767999211,0.00018312502652406693,0,True,0.0,0
real_K5_early_m4,real_K5,bandit_toy,5,4,exp,512,4,0.006815152767999211,0.00018116598948836327,0,True,0.0,0
real_K5_early_m4,real_K5,bandit_toy,5,4,exp,512,5,0.006815152767999211,0.00017920881509780884,0,True,0.0,0
real_K5_early_m4,real_K5,bandit_toy,5,4,exp,512,6,0.006815152767999211,0.00019245781004428864,0,True,0.0,0
real_K5_early_m4,real_K5,bandit_toy,5,4,exp,512,7,0.006815152767999211,0.0001794169656932354,0,True,0.0,0
real_K5_early_m4,real_K5,bandit_toy,5,4,exp,512,8,0.006815152767999211,0.00017945840954780579,0,True,0.0,0
real_K5_early_m4,real_K5,bandit_toy,5,4,exp,512,9,0.006815152767999211,0.00017895782366394997,0,True,0.0,0
real_K5_early_m4,real_K5,bandit_toy,5,4,exp,512,10,0.006815152767999211,0.00017966702580451965,0,True,0.0,0
real_K5_early_m4,real_K5,bandit_toy,5,4,exp,512,11,0.006815152767999211,0.00017845910042524338,0,True,0.0,0
real_K5_early_m4,real_K5,bandit_toy,5,4,exp,512,12,0.006815152767999211,0.00017854198813438416,0,True,0.0,0
real_K5_early_m4,real_K5,bandit_toy,5,4,exp,512,13,0.006815152767999211,0.00017829099670052528,0,True,0.0,0
real_K5_early_m4,real_K5,bandit_toy,5,4,exp,512,14,0.006815152767999211,0.00017862534150481224,0,True,0.0,0
real_K5_early_m4,real_K5,bandit_toy,5,4,exp,512,15,0.006815152767999211,0.0002115839160978794,0,True,0.0,0
real_K5_early_m4,real_K5,bandit_toy,5,4,exp,512,16,0.006815152767999211,0.0003248746506869793,0,True,0.0,0
real_K5_early_m4,real_K5,bandit_toy,5,4,exp,512,17,0.006815152767999211,0.00024845777079463005,0,True,0.0,0
real_K5_early_m4,real_K5,bandit_toy,5,4,exp,512,18,0.006815152767999211,0.00022754212841391563,0,True,0.0,0
real_K5_early_m4,real_K5,bandit_toy,5,4,exp,512,19,0.006815152767999211,0.00021474994719028473,0,True,0.0,0
real_K5_early_m4,real_K5,bandit_toy,5,4,exp,512,20,0.006815152767999211,0.00020516710355877876,0,True,0.0,0
real_K5_early_m4,real_K5,bandit_toy,5,4,exp,512,21,0.006815152767999211,0.00019745901226997375,0,True,0.0,0
real_K5_early_m4,real_K5,bandit_toy,5,4,exp,512,22,0.006815152767999211,0.00019204197451472282,0,True,0.0,0
real_K5_early_m4,real_K5,bandit_toy,5,4,exp,512,23,0.006815152767999211,0.00018904218450188637,0,True,0.0,0
real_K5_early_m4,real_K5,bandit_toy,5,4,exp,512,24,0.006815152767999211,0.0001909998245537281,0,True,0.0,0
real_K5_early_m4,real_K5,bandit_toy,5,4,exp,512,25,0.006815152767999211,0.00018650013953447342,0,True,0.0,0
real_K5_early_m4,real_K5,bandit_toy,5,4,exp,512,26,0.006815152767999211,0.00018566567450761795,0,True,0.0,0
real_K5_early_m4,real_K5,bandit_toy,5,4,exp,512,27,0.006815152767999211,0.00018458301201462746,0,True,0.0,0
real_K5_early_m4,real_K5,bandit_toy,5,4,exp,512,28,0.006815152767999211,0.00021408405154943466,0,True,0.0,0
real_K5_early_m4,real_K5,bandit_toy,5,4,exp,512,29,0.006815152767999211,0.0002732500433921814,0,True,0.0,0
real_K5_early_m4,real_K5,bandit_toy,5,4,exp,512,30,0.006815152767999211,0.00019708415493369102,0,True,0.0,0
real_K5_early_m4,real_K5,bandit_toy,5,4,exp,512,31,0.006815152767999211,0.00018779095262289047,0,True,0.0,0
real_K5_early_m4,real_K5,bandit_toy,5,4,exp,512,32,0.006815152767999211,0.0001850002445280552,0,True,0.0,0
real_K5_early_m4,real_K5,bandit_toy,5,4,exp,512,33,0.006815152767999211,0.0001849578693509102,0,True,0.0,0
real_K5_early_m4,real_K5,bandit_toy,5,4,exp,512,34,0.006815152767999211,0.00018187472596764565,0,True,0.0,0
real_K5_early_m4,real_K5,bandit_toy,5,4,exp,512,35,0.006815152767999211,0.00018841726705431938,0,True,0.0,0
real_K5_early_m4,real_K5,bandit_toy,5,4,exp,512,36,0.006815152767999211,0.00018337508663535118,0,True,0.0,0
real_K5_early_m4,real_K5,bandit_toy,5,4,exp,512,37,0.006815152767999211,0.0001793750561773777,0,True,0.0,0
real_K5_early_m4,real_K5,bandit_toy,5,4,exp,512,38,0.006815152767999211,0.0001789592206478119,0,True,0.0,0
real_K5_early_m4,real_K5,bandit_toy,5,4,exp,512,39,0.006815152767999211,0.0001777922734618187,0,True,0.0,0
real_K5_early_m4,real_K5,bandit_toy,5,4,exp,512,40,0.006815152767999211,0.00017862487584352493,0,True,0.0,0
real_K5_early_m4,real_K5,bandit_toy,5,4,exp,512,41,0.006815152767999211,0.00019041681662201881,0,True,0.0,0
real_K5_early_m4,real_K5,bandit_toy,5,4,exp,512,42,0.006815152767999211,0.00017833290621638298,0,True,0.0,0
real_K5_early_m4,real_K5,bandit_toy,5,4,exp,512,43,0.006815152767999211,0.00017687492072582245,0,True,0.0,0
real_K5_early_m4,real_K5,bandit_toy,5,4,exp,512,44,0.006815152767999211,0.00018191616982221603,0,True,0.0,0
real_K5_early_m4,real_K5,bandit_toy,5,4,exp,512,45,0.006815152767999211,0.00017837528139352798,0,True,0.0,0
real_K5_early_m4,real_K5,bandit_toy,5,4,exp,512,46,0.006815152767999211,0.00018533365800976753,0,True,0.0,0
real_K5_early_m4,real_K5,bandit_toy,5,4,exp,512,47,0.006815152767999211,0.00017679203301668167,0,True,0.0,0
real_K5_early_m4,real_K5,bandit_toy,5,4,exp,512,48,0.006815152767999211,0.0001775827258825302,0,True,0.0,0
real_K5_early_m4,real_K5,bandit_toy,5,4,exp,512,49,0.006815152767999211,0.00018508313223719597,0,True,0.0,0
real_K5_early_m4,real_K5,bandit_toy,5,4,exp,2048,0,0.006815152767999211,0.0003688749857246876,0,True,0.0,0
real_K5_early_m4,real_K5,bandit_toy,5,4,exp,2048,1,0.006815152767999211,0.00019745854660868645,0,True,0.0,0
real_K5_early_m4,real_K5,bandit_toy,5,4,exp,2048,2,0.006815152767999211,0.00019562477245926857,0,True,0.0,0
real_K5_early_m4,real_K5,bandit_toy,5,4,exp,2048,3,0.006815152767999211,0.00019304081797599792,0,True,0.0,0
real_K5_early_m4,real_K5,bandit_toy,5,4,exp,2048,4,0.006815152767999211,0.00019349996000528336,0,True,0.0,0
real_K5_early_m4,real_K5,bandit_toy,5,4,exp,2048,5,0.006815152767999211,0.00018329080194234848,0,True,0.0,0
real_K5_early_m4,real_K5,bandit_toy,5,4,exp,2048,6,0.006815152767999211,0.00018508406355977058,0,True,0.0,0
real_K5_early_m4,real_K5,bandit_toy,5,4,exp,2048,7,0.006815152767999211,0.00020674988627433777,0,True,0.0,0
real_K5_early_m4,real_K5,bandit_toy,5,4,exp,2048,8,0.006815152767999211,0.0001938752830028534,0,True,0.0,0
real_K5_early_m4,real_K5,bandit_toy,5,4,exp,2048,9,0.006815152767999211,0.00021020835265517235,0,True,0.0,0
real_K5_early_m4,real_K5,bandit_toy,5,4,exp,2048,10,0.006815152767999211,0.00018795812502503395,0,True,0.0,0
real_K5_early_m4,real_K5,bandit_toy,5,4,exp,2048,11,0.006815152767999211,0.0001889173872768879,0,True,0.0,0
real_K5_early_m4,real_K5,bandit_toy,5,4,exp,2048,12,0.006815152767999211,0.0001804586499929428,0,True,0.0,0
real_K5_early_m4,real_K5,bandit_toy,5,4,exp,2048,13,0.006815152767999211,0.00017974991351366043,0,True,0.0,0
real_K5_early_m4,real_K5,bandit_toy,5,4,exp,2048,14,0.006815152767999211,0.00017966702580451965,0,True,0.0,0
real_K5_early_m4,real_K5,bandit_toy,5,4,exp,2048,15,0.006815152767999211,0.0001810840331017971,0,True,0.0,0
real_K5_early_m4,real_K5,bandit_toy,5,4,exp,2048,16,0.006815152767999211,0.00018129125237464905,0,True,0.0,0
real_K5_early_m4,real_K5,bandit_toy,5,4,exp,2048,17,0.006815152767999211,0.00018041720613837242,0,True,0.0,0
real_K5_early_m4,real_K5,bandit_toy,5,4,exp,2048,18,0.006815152767999211,0.00018308311700820923,0,True,0.0,0
real_K5_early_m4,real_K5,bandit_toy,5,4,exp,2048,19,0.006815152767999211,0.00018008379265666008,0,True,0.0,0
real_K5_early_m4,real_K5,bandit_toy,5,4,exp,2048,20,0.006815152767999211,0.0001805420033633709,0,True,0.0,0
real_K5_early_m4,real_K5,bandit_toy,5,4,exp,2048,21,0.006815152767999211,0.00018149986863136292,0,True,0.0,0
real_K5_early_m4,real_K5,bandit_toy,5,4,exp,2048,22,0.006815152767999211,0.000268333125859499,0,True,0.0,0
real_K5_early_m4,real_K5,bandit_toy,5,4,exp,2048,23,0.006815152767999211,0.0001887497492134571,0,True,0.0,0
real_K5_early_m4,real_K5,bandit_toy,5,4,exp,2048,24,0.006815152767999211,0.0001798328012228012,0,True,0.0,0
real_K5_early_m4,real_K5,bandit_toy,5,4,exp,2048,25,0.006815152767999211,0.00018241675570607185,0,True,0.0,0
real_K5_early_m4,real_K5,bandit_toy,5,4,exp,2048,26,0.006815152767999211,0.00018433388322591782,0,True,0.0,0
real_K5_early_m4,real_K5,bandit_toy,5,4,exp,2048,27,0.006815152767999211,0.00017799995839595795,0,True,0.0,0
real_K5_early_m4,real_K5,bandit_toy,5,4,exp,2048,28,0.006815152767999211,0.0001937500201165676,0,True,0.0,0
real_K5_early_m4,real_K5,bandit_toy,5,4,exp,2048,29,0.006815152767999211,0.0001782081089913845,0,True,0.0,0
real_K5_early_m4,real_K5,bandit_toy,5,4,exp,2048,30,0.006815152767999211,0.0001832502894103527,0,True,0.0,0
real_K5_early_m4,real_K5,bandit_toy,5,4,exp,2048,31,0.006815152767999211,0.00018958421424031258,0,True,0.0,0
real_K5_early_m4,real_K5,bandit_toy,5,4,exp,2048,32,0.006815152767999211,0.00019620917737483978,0,True,0.0,0
real_K5_early_m4,real_K5,bandit_toy,5,4,exp,2048,33,0.006815152767999211,0.00018754228949546814,0,True,0.0,0
real_K5_early_m4,real_K5,bandit_toy,5,4,exp,2048,34,0.006815152767999211,0.0001810002140700817,0,True,0.0,0
real_K5_early_m4,real_K5,bandit_toy,5,4,exp,2048,35,0.006815152767999211,0.00022529205307364464,0,True,0.0,0
real_K5_early_m4,real_K5,bandit_toy,5,4,exp,2048,36,0.006815152767999211,0.00022004172205924988,0,True,0.0,0
real_K5_early_m4,real_K5,bandit_toy,5,4,exp,2048,37,0.006815152767999211,0.00018570898100733757,0,True,0.0,0
real_K5_early_m4,real_K5,bandit_toy,5,4,exp,2048,38,0.006815152767999211,0.00019341614097356796,0,True,0.0,0
real_K5_early_m4,real_K5,bandit_toy,5,4,exp,2048,39,0.006815152767999211,0.00018704216927289963,0,True,0.0,0
real_K5_early_m4,real_K5,bandit_toy,5,4,exp,2048,40,0.006815152767999211,0.0001872088760137558,0,True,0.0,0
real_K5_early_m4,real_K5,bandit_toy,5,4,exp,2048,41,0.006815152767999211,0.00018075015395879745,0,True,0.0,0
real_K5_early_m4,real_K5,bandit_toy,5,4,exp,2048,42,0.006815152767999211,0.00020208396017551422,0,True,0.0,0
real_K5_early_m4,real_K5,bandit_toy,5,4,exp,2048,43,0.006815152767999211,0.00018466636538505554,0,True,0.0,0
real_K5_early_m4,real_K5,bandit_toy,5,4,exp,2048,44,0.006815152767999211,0.00018070777878165245,0,True,0.0,0
real_K5_early_m4,real_K5,bandit_toy,5,4,exp,2048,45,0.006815152767999211,0.00018829107284545898,0,True,0.0,0
real_K5_early_m4,real_K5,bandit_toy,5,4,exp,2048,46,0.006815152767999211,0.0002016248181462288,0,True,0.0,0
real_K5_early_m4,real_K5,bandit_toy,5,4,exp,2048,47,0.006815152767999211,0.00018812483176589012,0,True,0.0,0
real_K5_early_m4,real_K5,bandit_toy,5,4,exp,2048,48,0.006815152767999211,0.00018308311700820923,0,True,0.0,0
real_K5_early_m4,real_K5,bandit_toy,5,4,exp,2048,49,0.006815152767999211,0.00017966609448194504,0,True,0.0,0
real_K5_early_m4,real_K5,bandit_toy,5,4,sobol,128,0,0.006815152767999211,0.00020516617223620415,0,True,0.0,0
real_K5_early_m4,real_K5,bandit_toy,5,4,sobol,128,1,0.006815152767999211,0.0001927502453327179,0,True,0.0,0
real_K5_early_m4,real_K5,bandit_toy,5,4,sobol,128,2,0.006815152767999211,0.00019408296793699265,0,True,0.0,0
real_K5_early_m4,real_K5,bandit_toy,5,4,sobol,128,3,0.006815152767999211,0.00019800011068582535,0,True,0.0,0
real_K5_early_m4,real_K5,bandit_toy,5,4,sobol,128,4,0.006815152767999211,0.00019195815548300743,0,True,0.0,0
real_K5_early_m4,real_K5,bandit_toy,5,4,sobol,128,5,0.006815152767999211,0.000192208681255579,0,True,0.0,0
real_K5_early_m4,real_K5,bandit_toy,5,4,sobol,128,6,0.006815152767999211,0.0002004997804760933,0,True,0.0,0
real_K5_early_m4,real_K5,bandit_toy,5,4,sobol,128,7,0.006815152767999211,0.00026062503457069397,0,True,0.0,0
real_K5_early_m4,real_K5,bandit_toy,5,4,sobol,128,8,0.006815152767999211,0.0002227090299129486,0,True,0.0,0
real_K5_early_m4,real_K5,bandit_toy,5,4,sobol,128,9,0.006815152767999211,0.0002038753591477871,0,True,0.0,0
real_K5_early_m4,real_K5,bandit_toy,5,4,sobol,128,10,0.006815152767999211,0.0002815830521285534,0,True,0.0,0
real_K5_early_m4,real_K5,bandit_toy,5,4,sobol,128,11,0.006815152767999211,0.00019570812582969666,0,True,0.0,0
real_K5_early_m4,real_K5,bandit_toy,5,4,sobol,128,12,0.006815152767999211,0.00019683409482240677,0,True,0.0,0
real_K5_early_m4,real_K5,bandit_toy,5,4,sobol,128,13,0.006815152767999211,0.00019333278760313988,0,True,0.0,0
real_K5_early_m4,real_K5,bandit_toy,5,4,sobol,128,14,0.006815152767999211,0.00020145904272794724,0,True,0.0,0
real_K5_early_m4,real_K5,bandit_toy,5,4,sobol,128,15,0.006815152767999211,0.00020858366042375565,0,True,0.0,0
real_K5_early_m4,real_K5,bandit_toy,5,4,sobol,128,16,0.006815152767999211,0.00019450020045042038,0,True,0.0,0
real_K5_early_m4,real_K5,bandit_toy,5,4,sobol,128,17,0.006815152767999211,0.0001894170418381691,0,True,0.0,0
real_K5_early_m4,real_K5,bandit_toy,5,4,sobol,128,18,0.006815152767999211,0.00019112508744001389,0,True,0.0,0
real_K5_early_m4,real_K5,bandit_toy,5,4,sobol,128,19,0.006815152767999211,0.0001916671171784401,0,True,0.0,0
real_K5_early_m4,real_K5,bandit_toy,5,4,sobol,128,20,0.006815152767999211,0.00019337516278028488,0,True,0.0,0
real_K5_early_m4,real_K5,bandit_toy,5,4,sobol,128,21,0.006815152767999211,0.00018745800480246544,0,True,0.0,0
real_K5_early_m4,real_K5,bandit_toy,5,4,sobol,128,22,0.006815152767999211,0.00018833298236131668,0,True,0.0,0
real_K5_early_m4,real_K5,bandit_toy,5,4,sobol,128,23,0.006815152767999211,0.000186040997505188,0,True,0.0,0
real_K5_early_m4,real_K5,bandit_toy,5,4,sobol,128,24,0.006815152767999211,0.00018962519243359566,0,True,0.0,0
real_K5_early_m4,real_K5,bandit_toy,5,4,sobol,128,25,0.006815152767999211,0.00019320892170071602,0,True,0.0,0
real_K5_early_m4,real_K5,bandit_toy,5,4,sobol,128,26,0.006815152767999211,0.00019124988466501236,0,True,0.0,0
real_K5_early_m4,real_K5,bandit_toy,5,4,sobol,128,27,0.006815152767999211,0.00019191717728972435,0,True,0.0,0
real_K5_early_m4,real_K5,bandit_toy,5,4,sobol,128,28,0.006815152767999211,0.00020120805129408836,0,True,0.0,0
real_K5_early_m4,real_K5,bandit_toy,5,4,sobol,128,29,0.006815152767999211,0.00019408296793699265,0,True,0.0,0
real_K5_early_m4,real_K5,bandit_toy,5,4,sobol,128,30,0.006815152767999211,0.0002460828982293606,0,True,0.0,0
real_K5_early_m4,real_K5,bandit_toy,5,4,sobol,128,31,0.006815152767999211,0.00018812483176589012,0,True,0.0,0
real_K5_early_m4,real_K5,bandit_toy,5,4,sobol,128,32,0.006815152767999211,0.00018862495198845863,0,True,0.0,0
real_K5_early_m4,real_K5,bandit_toy,5,4,sobol,128,33,0.006815152767999211,0.0002014576457440853,0,True,0.0,0
real_K5_early_m4,real_K5,bandit_toy,5,4,sobol,128,34,0.006815152767999211,0.00021474994719028473,0,True,0.0,0
real_K5_early_m4,real_K5,bandit_toy,5,4,sobol,128,35,0.006815152767999211,0.00021829083561897278,0,True,0.0,0
real_K5_early_m4,real_K5,bandit_toy,5,4,sobol,128,36,0.006815152767999211,0.00019016722217202187,0,True,0.0,0
real_K5_early_m4,real_K5,bandit_toy,5,4,sobol,128,37,0.006815152767999211,0.00019066594541072845,0,True,0.0,0
real_K5_early_m4,real_K5,bandit_toy,5,4,sobol,128,38,0.006815152767999211,0.00020791683346033096,0,True,0.0,0
real_K5_early_m4,real_K5,bandit_toy,5,4,sobol,128,39,0.006815152767999211,0.00019533419981598854,0,True,0.0,0
real_K5_early_m4,real_K5,bandit_toy,5,4,sobol,128,40,0.006815152767999211,0.00018858397379517555,0,True,0.0,0
real_K5_early_m4,real_K5,bandit_toy,5,4,sobol,128,41,0.006815152767999211,0.00019620778039097786,0,True,0.0,0
real_K5_early_m4,real_K5,bandit_toy,5,4,sobol,128,42,0.006815152767999211,0.00018979189917445183,0,True,0.0,0
real_K5_early_m4,real_K5,bandit_toy,5,4,sobol,128,43,0.006815152767999211,0.0001905839890241623,0,True,0.0,0
real_K5_early_m4,real_K5,bandit_toy,5,4,sobol,128,44,0.006815152767999211,0.00019787531346082687,0,True,0.0,0
real_K5_early_m4,real_K5,bandit_toy,5,4,sobol,128,45,0.006815152767999211,0.00018841726705431938,0,True,0.0,0
real_K5_early_m4,real_K5,bandit_toy,5,4,sobol,128,46,0.006815152767999211,0.00019133277237415314,0,True,0.0,0
real_K5_early_m4,real_K5,bandit_toy,5,4,sobol,128,47,0.006815152767999211,0.00019408296793699265,0,True,0.0,0
real_K5_early_m4,real_K5,bandit_toy,5,4,sobol,128,48,0.006815152767999211,0.00019295793026685715,0,True,0.0,0
real_K5_early_m4,real_K5,bandit_toy,5,4,sobol,128,49,0.006815152767999211,0.00018970808014273643,0,True,0.0,0
real_K5_early_m4,real_K5,bandit_toy,5,4,sobol,512,0,0.006815152767999211,0.0001971246674656868,0,True,0.0,0
real_K5_early_m4,real_K5,bandit_toy,5,4,sobol,512,1,0.006815152767999211,0.00019062496721744537,0,True,0.0,0
real_K5_early_m4,real_K5,bandit_toy,5,4,sobol,512,2,0.006815152767999211,0.0001910417340695858,0,True,0.0,0
real_K5_early_m4,real_K5,bandit_toy,5,4,sobol,512,3,0.006815152767999211,0.000203749630600214,0,True,0.0,0
real_K5_early_m4,real_K5,bandit_toy,5,4,sobol,512,4,0.006815152767999211,0.00035141734406352043,0,True,0.0,0
real_K5_early_m4,real_K5,bandit_toy,5,4,sobol,512,5,0.006815152767999211,0.00022254232317209244,0,True,0.0,0
real_K5_early_m4,real_K5,bandit_toy,5,4,sobol,512,6,0.006815152767999211,0.00021625030785799026,0,True,0.0,0
real_K5_early_m4,real_K5,bandit_toy,5,4,sobol,512,7,0.006815152767999211,0.00020458316430449486,0,True,0.0,0
real_K5_early_m4,real_K5,bandit_toy,5,4,sobol,512,8,0.006815152767999211,0.0002065408043563366,0,True,0.0,0
real_K5_early_m4,real_K5,bandit_toy,5,4,sobol,512,9,0.006815152767999211,0.0001987498253583908,0,True,0.0,0
real_K5_early_m4,real_K5,bandit_toy,5,4,sobol,512,10,0.006815152767999211,0.00019675027579069138,0,True,0.0,0
real_K5_early_m4,real_K5,bandit_toy,5,4,sobol,512,11,0.006815152767999211,0.00019158422946929932,0,True,0.0,0
real_K5_early_m4,real_K5,bandit_toy,5,4,sobol,512,12,0.006815152767999211,0.0001904582604765892,0,True,0.0,0
real_K5_early_m4,real_K5,bandit_toy,5,4,sobol,512,13,0.006815152767999211,0.00019445829093456268,0,True,0.0,0
real_K5_early_m4,real_K5,bandit_toy,5,4,sobol,512,14,0.006815152767999211,0.00019970769062638283,0,True,0.0,0
real_K5_early_m4,real_K5,bandit_toy,5,4,sobol,512,15,0.006815152767999211,0.00019029201939702034,0,True,0.0,0
real_K5_early_m4,real_K5,bandit_toy,5,4,sobol,512,16,0.006815152767999211,0.00020850030705332756,0,True,0.0,0
real_K5_early_m4,real_K5,bandit_toy,5,4,sobol,512,17,0.006815152767999211,0.00020020781084895134,0,True,0.0,0
real_K5_early_m4,real_K5,bandit_toy,5,4,sobol,512,18,0.006815152767999211,0.00022629182785749435,0,True,0.0,0
real_K5_early_m4,real_K5,bandit_toy,5,4,sobol,512,19,0.006815152767999211,0.00019412487745285034,0,True,0.0,0
real_K5_early_m4,real_K5,bandit_toy,5,4,sobol,512,20,0.006815152767999211,0.00019308319315314293,0,True,0.0,0
real_K5_early_m4,real_K5,bandit_toy,5,4,sobol,512,21,0.006815152767999211,0.0002048751339316368,0,True,0.0,0
real_K5_early_m4,real_K5,bandit_toy,5,4,sobol,512,22,0.006815152767999211,0.00022700009867548943,0,True,0.0,0
real_K5_early_m4,real_K5,bandit_toy,5,4,sobol,512,23,0.006815152767999211,0.0001876666210591793,0,True,0.0,0
real_K5_early_m4,real_K5,bandit_toy,5,4,sobol,512,24,0.006815152767999211,0.00018908269703388214,0,True,0.0,0
real_K5_early_m4,real_K5,bandit_toy,5,4,sobol,512,25,0.006815152767999211,0.0001882920041680336,0,True,0.0,0
real_K5_early_m4,real_K5,bandit_toy,5,4,sobol,512,26,0.006815152767999211,0.000303040724247694,0,True,0.0,0
real_K5_early_m4,real_K5,bandit_toy,5,4,sobol,512,27,0.006815152767999211,0.0002039591781795025,0,True,0.0,0
real_K5_early_m4,real_K5,bandit_toy,5,4,sobol,512,28,0.006815152767999211,0.00019699987024068832,0,True,0.0,0
real_K5_early_m4,real_K5,bandit_toy,5,4,sobol,512,29,0.006815152767999211,0.0001898752525448799,0,True,0.0,0
real_K5_early_m4,real_K5,bandit_toy,5,4,sobol,512,30,0.006815152767999211,0.0002032918855547905,0,True,0.0,0
real_K5_early_m4,real_K5,bandit_toy,5,4,sobol,512,31,0.006815152767999211,0.00019358377903699875,0,True,0.0,0
real_K5_early_m4,real_K5,bandit_toy,5,4,sobol,512,32,0.006815152767999211,0.00020291609689593315,0,True,0.0,0
real_K5_early_m4,real_K5,bandit_toy,5,4,sobol,512,33,0.006815152767999211,0.0001871250569820404,0,True,0.0,0
real_K5_early_m4,real_K5,bandit_toy,5,4,sobol,512,34,0.006815152767999211,0.00019558286294341087,0,True,0.0,0
real_K5_early_m4,real_K5,bandit_toy,5,4,sobol,512,35,0.006815152767999211,0.00019812490791082382,0,True,0.0,0
real_K5_early_m4,real_K5,bandit_toy,5,4,sobol,512,36,0.006815152767999211,0.00025749998167157173,0,True,0.0,0
real_K5_early_m4,real_K5,bandit_toy,5,4,sobol,512,37,0.006815152767999211,0.00020912475883960724,0,True,0.0,0
real_K5_early_m4,real_K5,bandit_toy,5,4,sobol,512,38,0.006815152767999211,0.00020304229110479355,0,True,0.0,0
real_K5_early_m4,real_K5,bandit_toy,5,4,sobol,512,39,0.006815152767999211,0.00019075023010373116,0,True,0.0,0
real_K5_early_m4,real_K5,bandit_toy,5,4,sobol,512,40,0.006815152767999211,0.00020908331498503685,0,True,0.0,0
real_K5_early_m4,real_K5,bandit_toy,5,4,sobol,512,41,0.006815152767999211,0.00021674996241927147,0,True,0.0,0
real_K5_early_m4,real_K5,bandit_toy,5,4,sobol,512,42,0.006815152767999211,0.00018970901146531105,0,True,0.0,0
real_K5_early_m4,real_K5,bandit_toy,5,4,sobol,512,43,0.006815152767999211,0.00019037490710616112,0,True,0.0,0
real_K5_early_m4,real_K5,bandit_toy,5,4,sobol,512,44,0.006815152767999211,0.0001905001699924469,0,True,0.0,0
real_K5_early_m4,real_K5,bandit_toy,5,4,sobol,512,45,0.006815152767999211,0.00018983334302902222,0,True,0.0,0
real_K5_early_m4,real_K5,bandit_toy,5,4,sobol,512,46,0.006815152767999211,0.00018920795992016792,0,True,0.0,0
real_K5_early_m4,real_K5,bandit_toy,5,4,sobol,512,47,0.006815152767999211,0.00019029201939702034,0,True,0.0,0
real_K5_early_m4,real_K5,bandit_toy,5,4,sobol,512,48,0.006815152767999211,0.00018958281725645065,0,True,0.0,0
real_K5_early_m4,real_K5,bandit_toy,5,4,sobol,512,49,0.006815152767999211,0.0002770423889160156,0,True,0.0,0
real_K5_early_m4,real_K5,bandit_toy,5,4,sobol,2048,0,0.006815152767999211,0.00020799972116947174,0,True,0.0,0
real_K5_early_m4,real_K5,bandit_toy,5,4,sobol,2048,1,0.006815152767999211,0.00020175008103251457,0,True,0.0,0
real_K5_early_m4,real_K5,bandit_toy,5,4,sobol,2048,2,0.006815152767999211,0.00018574995920062065,0,True,0.0,0
real_K5_early_m4,real_K5,bandit_toy,5,4,sobol,2048,3,0.006815152767999211,0.00020645791664719582,0,True,0.0,0
real_K5_early_m4,real_K5,bandit_toy,5,4,sobol,2048,4,0.006815152767999211,0.00021350011229515076,0,True,0.0,0
real_K5_early_m4,real_K5,bandit_toy,5,4,sobol,2048,5,0.006815152767999211,0.00024466589093208313,0,True,0.0,0
real_K5_early_m4,real_K5,bandit_toy,5,4,sobol,2048,6,0.006815152767999211,0.00019670836627483368,0,True,0.0,0
real_K5_early_m4,real_K5,bandit_toy,5,4,sobol,2048,7,0.006815152767999211,0.00019220774993300438,0,True,0.0,0
real_K5_early_m4,real_K5,bandit_toy,5,4,sobol,2048,8,0.006815152767999211,0.0001937500201165676,0,True,0.0,0
real_K5_early_m4,real_K5,bandit_toy,5,4,sobol,2048,9,0.006815152767999211,0.00020908284932374954,0,True,0.0,0
real_K5_early_m4,real_K5,bandit_toy,5,4,sobol,2048,10,0.006815152767999211,0.0001915828324854374,0,True,0.0,0
real_K5_early_m4,real_K5,bandit_toy,5,4,sobol,2048,11,0.006815152767999211,0.0002032080665230751,0,True,0.0,0
real_K5_early_m4,real_K5,bandit_toy,5,4,sobol,2048,12,0.006815152767999211,0.00018895789980888367,0,True,0.0,0
real_K5_early_m4,real_K5,bandit_toy,5,4,sobol,2048,13,0.006815152767999211,0.00018591713160276413,0,True,0.0,0
real_K5_early_m4,real_K5,bandit_toy,5,4,sobol,2048,14,0.006815152767999211,0.00020008394494652748,0,True,0.0,0
real_K5_early_m4,real_K5,bandit_toy,5,4,sobol,2048,15,0.006815152767999211,0.00019304221495985985,0,True,0.0,0
real_K5_early_m4,real_K5,bandit_toy,5,4,sobol,2048,16,0.006815152767999211,0.0001921248622238636,0,True,0.0,0
real_K5_early_m4,real_K5,bandit_toy,5,4,sobol,2048,17,0.006815152767999211,0.00018650013953447342,0,True,0.0,0
real_K5_early_m4,real_K5,bandit_toy,5,4,sobol,2048,18,0.006815152767999211,0.0001920829527080059,0,True,0.0,0
real_K5_early_m4,real_K5,bandit_toy,5,4,sobol,2048,19,0.006815152767999211,0.0001865830272436142,0,True,0.0,0
real_K5_early_m4,real_K5,bandit_toy,5,4,sobol,2048,20,0.006815152767999211,0.00019129132851958275,0,True,0.0,0
real_K5_early_m4,real_K5,bandit_toy,5,4,sobol,2048,21,0.006815152767999211,0.00018837489187717438,0,True,0.0,0
real_K5_early_m4,real_K5,bandit_toy,5,4,sobol,2048,22,0.006815152767999211,0.0002715000882744789,0,True,0.0,0
real_K5_early_m4,real_K5,bandit_toy,5,4,sobol,2048,23,0.006815152767999211,0.00019187480211257935,0,True,0.0,0
real_K5_early_m4,real_K5,bandit_toy,5,4,sobol,2048,24,0.006815152767999211,0.00020120805129408836,0,True,0.0,0
real_K5_early_m4,real_K5,bandit_toy,5,4,sobol,2048,25,0.006815152767999211,0.00025737471878528595,0,True,0.0,0
real_K5_early_m4,real_K5,bandit_toy,5,4,sobol,2048,26,0.006815152767999211,0.0002326667308807373,0,True,0.0,0
real_K5_early_m4,real_K5,bandit_toy,5,4,sobol,2048,27,0.006815152767999211,0.00022424990311264992,0,True,0.0,0
real_K5_early_m4,real_K5,bandit_toy,5,4,sobol,2048,28,0.006815152767999211,0.00021816696971654892,0,True,0.0,0
real_K5_early_m4,real_K5,bandit_toy,5,4,sobol,2048,29,0.006815152767999211,0.00022312486544251442,0,True,0.0,0
real_K5_early_m4,real_K5,bandit_toy,5,4,sobol,2048,30,0.006815152767999211,0.0002060411497950554,0,True,0.0,0
real_K5_early_m4,real_K5,bandit_toy,5,4,sobol,2048,31,0.006815152767999211,0.00020058313384652138,0,True,0.0,0
real_K5_early_m4,real_K5,bandit_toy,5,4,sobol,2048,32,0.006815152767999211,0.00019654212519526482,0,True,0.0,0
real_K5_early_m4,real_K5,bandit_toy,5,4,sobol,2048,33,0.006815152767999211,0.00019362522289156914,0,True,0.0,0
real_K5_early_m4,real_K5,bandit_toy,5,4,sobol,2048,34,0.006815152767999211,0.00019187480211257935,0,True,0.0,0
real_K5_early_m4,real_K5,bandit_toy,5,4,sobol,2048,35,0.006815152767999211,0.00019400008022785187,0,True,0.0,0
real_K5_early_m4,real_K5,bandit_toy,5,4,sobol,2048,36,0.006815152767999211,0.00019137514755129814,0,True,0.0,0
real_K5_early_m4,real_K5,bandit_toy,5,4,sobol,2048,37,0.006815152767999211,0.00020420784130692482,0,True,0.0,0
real_K5_early_m4,real_K5,bandit_toy,5,4,sobol,2048,38,0.006815152767999211,0.0001917090266942978,0,True,0.0,0
real_K5_early_m4,real_K5,bandit_toy,5,4,sobol,2048,39,0.006815152767999211,0.00019620824605226517,0,True,0.0,0
real_K5_early_m4,real_K5,bandit_toy,5,4,sobol,2048,40,0.006815152767999211,0.0002070828340947628,0,True,0.0,0
real_K5_early_m4,real_K5,bandit_toy,5,4,sobol,2048,41,0.006815152767999211,0.00021845800802111626,0,True,0.0,0
real_K5_early_m4,real_K5,bandit_toy,5,4,sobol,2048,42,0.006815152767999211,0.0002017091028392315,0,True,0.0,0
real_K5_early_m4,real_K5,bandit_toy,5,4,sobol,2048,43,0.006815152767999211,0.000202166847884655,0,True,0.0,0
real_K5_early_m4,real_K5,bandit_toy,5,4,sobol,2048,44,0.006815152767999211,0.0002404586412012577,0,True,0.0,0
real_K5_early_m4,real_K5,bandit_toy,5,4,sobol,2048,45,0.006815152767999211,0.0002039591781795025,0,True,0.0,0
real_K5_early_m4,real_K5,bandit_toy,5,4,sobol,2048,46,0.006815152767999211,0.00021349964663386345,0,True,0.0,0
real_K5_early_m4,real_K5,bandit_toy,5,4,sobol,2048,47,0.006815152767999211,0.000216582790017128,0,True,0.0,0
real_K5_early_m4,real_K5,bandit_toy,5,4,sobol,2048,48,0.006815152767999211,0.00019529182463884354,0,True,0.0,0
real_K5_early_m4,real_K5,bandit_toy,5,4,sobol,2048,49,0.006815152767999211,0.00019191717728972435,0,True,0.0,0
real_K5_mid_m30,real_K5,bandit_toy,5,30,exp,128,0,0.0011913418323557655,0.005514416843652725,29,False,0.0,0
real_K5_mid_m30,real_K5,bandit_toy,5,30,exp,128,1,0.0011913418323557655,0.005185334011912346,26,False,0.0,0
real_K5_mid_m30,real_K5,bandit_toy,5,30,exp,128,2,0.0011913418323557655,0.0053916252218186855,28,False,0.0,0
real_K5_mid_m30,real_K5,bandit_toy,5,30,exp,128,3,0.0011913418323557655,0.005078624933958054,27,False,0.0,0
real_K5_mid_m30,real_K5,bandit_toy,5,30,exp,128,4,0.0011913418323557655,0.005768332630395889,31,False,0.0,0
real_K5_mid_m30,real_K5,bandit_toy,5,30,exp,128,5,0.0011913418323557655,0.005018916912376881,25,False,0.0,0
real_K5_mid_m30,real_K5,bandit_toy,5,30,exp,128,6,0.0011913418323557655,0.0056177908554673195,30,False,0.0,0
real_K5_mid_m30,real_K5,bandit_toy,5,30,exp,128,7,0.0011913418323557655,0.005326416343450546,29,False,0.0,0
real_K5_mid_m30,real_K5,bandit_toy,5,30,exp,128,8,0.0011913418323557655,0.0054247500374913216,30,False,0.0,0
real_K5_mid_m30,real_K5,bandit_toy,5,30,exp,128,9,0.0011913418323557655,0.005085332784801722,28,False,0.0,0
real_K5_mid_m30,real_K5,bandit_toy,5,30,exp,128,10,0.0011913418323557655,0.005268416833132505,28,False,0.0,0
real_K5_mid_m30,real_K5,bandit_toy,5,30,exp,128,11,0.0011913418323557655,0.0058451248332858086,31,False,0.0,0
real_K5_mid_m30,real_K5,bandit_toy,5,30,exp,128,12,0.0011913418323557655,0.0056972079910337925,30,False,0.0,0
real_K5_mid_m30,real_K5,bandit_toy,5,30,exp,128,13,0.0011913418323557655,0.0056113749742507935,29,False,0.0,0
real_K5_mid_m30,real_K5,bandit_toy,5,30,exp,128,14,0.0011913418323557655,0.005716625135391951,30,False,0.0,0
real_K5_mid_m30,real_K5,bandit_toy,5,30,exp,128,15,0.0011913418323557655,0.0055609168484807014,29,False,0.0,0
real_K5_mid_m30,real_K5,bandit_toy,5,30,exp,128,16,0.0011913418323557655,0.00514412485063076,28,False,0.0,0
real_K5_mid_m30,real_K5,bandit_toy,5,30,exp,128,17,0.0011913418323557655,0.005861332640051842,32,False,0.0,0
real_K5_mid_m30,real_K5,bandit_toy,5,30,exp,128,18,0.0011913418323557655,0.005363665986806154,29,False,0.0,0
real_K5_mid_m30,real_K5,bandit_toy,5,30,exp,128,19,0.0011913418323557655,0.0047224159352481365,24,False,0.0,0
real_K5_mid_m30,real_K5,bandit_toy,5,30,exp,128,20,0.0011913418323557655,0.00575758283957839,30,False,0.0,0
real_K5_mid_m30,real_K5,bandit_toy,5,30,exp,128,21,0.0011913418323557655,0.005373625084757805,29,False,0.0,0
real_K5_mid_m30,real_K5,bandit_toy,5,30,exp,128,22,0.0011913418323557655,0.005511333234608173,32,False,0.0,0
real_K5_mid_m30,real_K5,bandit_toy,5,30,exp,128,23,0.0011913418323557655,0.005176375154405832,26,False,0.0,0
real_K5_mid_m30,real_K5,bandit_toy,5,30,exp,128,24,0.0011913418323557655,0.005653458181768656,31,False,0.0,0
real_K5_mid_m30,real_K5,bandit_toy,5,30,exp,128,25,0.0011913418323557655,0.005807207897305489,33,False,0.0,0
real_K5_mid_m30,real_K5,bandit_toy,5,30,exp,128,26,0.0011913418323557655,0.005694208201020956,31,False,0.0,0
real_K5_mid_m30,real_K5,bandit_toy,5,30,exp,128,27,0.0011913418323557655,0.006025957874953747,33,False,0.0,0
real_K5_mid_m30,real_K5,bandit_toy,5,30,exp,128,28,0.0011913418323557655,0.0052205417305231094,28,False,0.0,0
real_K5_mid_m30,real_K5,bandit_toy,5,30,exp,128,29,0.0011913418323557655,0.005515417084097862,29,False,0.0,0
real_K5_mid_m30,real_K5,bandit_toy,5,30,exp,128,30,0.0011913418323557655,0.005337541922926903,28,False,0.0,0
real_K5_mid_m30,real_K5,bandit_toy,5,30,exp,128,31,0.0011913418323557655,0.0056786672212183475,31,False,0.0,0
real_K5_mid_m30,real_K5,bandit_toy,5,30,exp,128,32,0.0011913418323557655,0.006332749966531992,34,False,0.0,0
real_K5_mid_m30,real_K5,bandit_toy,5,30,exp,128,33,0.0011913418323557655,0.005805583205074072,29,False,0.0,0
real_K5_mid_m30,real_K5,bandit_toy,5,30,exp,128,34,0.0011913418323557655,0.005882041994482279,32,False,0.0,0
real_K5_mid_m30,real_K5,bandit_toy,5,30,exp,128,35,0.0011913418323557655,0.005927457939833403,32,False,0.0,0
real_K5_mid_m30,real_K5,bandit_toy,5,30,exp,128,36,0.0011913418323557655,0.00618125032633543,32,False,0.0,0
real_K5_mid_m30,real_K5,bandit_toy,5,30,exp,128,37,0.0011913418323557655,0.006004334427416325,33,False,0.0,0
real_K5_mid_m30,real_K5,bandit_toy,5,30,exp,128,38,0.0011913418323557655,0.005509624723345041,29,False,0.0,0
real_K5_mid_m30,real_K5,bandit_toy,5,30,exp,128,39,0.0011913418323557655,0.0053459578193724155,28,False,0.0,0
real_K5_mid_m30,real_K5,bandit_toy,5,30,exp,128,40,0.0011913418323557655,0.004968042019754648,26,False,0.0,0
real_K5_mid_m30,real_K5,bandit_toy,5,30,exp,128,41,0.0011913418323557655,0.005374208092689514,30,False,0.0,0
real_K5_mid_m30,real_K5,bandit_toy,5,30,exp,128,42,0.0011913418323557655,0.005308166611939669,28,False,0.0,0
real_K5_mid_m30,real_K5,bandit_toy,5,30,exp,128,43,0.0011913418323557655,0.005087042227387428,28,False,0.0,0
real_K5_mid_m30,real_K5,bandit_toy,5,30,exp,128,44,0.0011913418323557655,0.00549258291721344,30,False,0.0,0
real_K5_mid_m30,real_K5,bandit_toy,5,30,exp,128,45,0.0011913418323557655,0.005947167053818703,32,False,0.0,0
real_K5_mid_m30,real_K5,bandit_toy,5,30,exp,128,46,0.0011913418323557655,0.005068332888185978,28,False,0.0,0
real_K5_mid_m30,real_K5,bandit_toy,5,30,exp,128,47,0.0011913418323557655,0.005797749850898981,31,False,0.0,0
real_K5_mid_m30,real_K5,bandit_toy,5,30,exp,128,48,0.0011913418323557655,0.005431916564702988,29,False,0.0,0
real_K5_mid_m30,real_K5,bandit_toy,5,30,exp,128,49,0.0011913418323557655,0.005611209198832512,30,False,0.0,0
real_K5_mid_m30,real_K5,bandit_toy,5,30,exp,512,0,0.0011913418323557655,0.005060666706413031,27,False,0.0,0
real_K5_mid_m30,real_K5,bandit_toy,5,30,exp,512,1,0.0011913418323557655,0.005173000041395426,27,False,0.0,0
real_K5_mid_m30,real_K5,bandit_toy,5,30,exp,512,2,0.0011913418323557655,0.005127999931573868,28,False,0.0,0
real_K5_mid_m30,real_K5,bandit_toy,5,30,exp,512,3,0.0011913418323557655,0.004836125299334526,25,False,0.0,0
real_K5_mid_m30,real_K5,bandit_toy,5,30,exp,512,4,0.0011913418323557655,0.0061542498879134655,32,False,0.0,0
real_K5_mid_m30,real_K5,bandit_toy,5,30,exp,512,5,0.0011913418323557655,0.0052514588460326195,29,False,0.0,0
real_K5_mid_m30,real_K5,bandit_toy,5,30,exp,512,6,0.0011913418323557655,0.005819249898195267,30,False,0.0,0
real_K5_mid_m30,real_K5,bandit_toy,5,30,exp,512,7,0.0011913418323557655,0.005781250074505806,32,False,0.0,0
real_K5_mid_m30,real_K5,bandit_toy,5,30,exp,512,8,0.0011913418323557655,0.004891375079751015,25,False,0.0,0
real_K5_mid_m30,real_K5,bandit_toy,5,30,exp,512,9,0.0011913418323557655,0.005541082937270403,29,False,0.0,0
real_K5_mid_m30,real_K5,bandit_toy,5,30,exp,512,10,0.0011913418323557655,0.005726041737943888,33,False,0.0,0
real_K5_mid_m30,real_K5,bandit_toy,5,30,exp,512,11,0.0011913418323557655,0.004918749909847975,27,False,0.0,0
real_K5_mid_m30,real_K5,bandit_toy,5,30,exp,512,12,0.0011913418323557655,0.005109874997287989,25,False,0.0,0
real_K5_mid_m30,real_K5,bandit_toy,5,30,exp,512,13,0.0011913418323557655,0.005103999748826027,26,False,0.0,0
real_K5_mid_m30,real_K5,bandit_toy,5,30,exp,512,14,0.0011913418323557655,0.005316833965480328,29,False,0.0,0
real_K5_mid_m30,real_K5,bandit_toy,5,30,exp,512,15,0.0011913418323557655,0.005243416875600815,27,False,0.0,0
real_K5_mid_m30,real_K5,bandit_toy,5,30,exp,512,16,0.0011913418323557655,0.005685875192284584,30,False,0.0,0
real_K5_mid_m30,real_K5,bandit_toy,5,30,exp,512,17,0.0011913418323557655,0.005663250107318163,32,False,0.0,0
real_K5_mid_m30,real_K5,bandit_toy,5,30,exp,512,18,0.0011913418323557655,0.005817584227770567,31,False,0.0,0
real_K5_mid_m30,real_K5,bandit_toy,5,30,exp,512,19,0.0011913418323557655,0.005620582960546017,31,False,0.0,0
real_K5_mid_m30,real_K5,bandit_toy,5,30,exp,512,20,0.0011913418323557655,0.005326916929334402,30,False,0.0,0
real_K5_mid_m30,real_K5,bandit_toy,5,30,exp,512,21,0.0011913418323557655,0.005533624906092882,30,False,0.0,0
real_K5_mid_m30,real_K5,bandit_toy,5,30,exp,512,22,0.0011913418323557655,0.005862249992787838,31,False,0.0,0
real_K5_mid_m30,real_K5,bandit_toy,5,30,exp,512,23,0.0011913418323557655,0.005220875144004822,28,False,0.0,0
real_K5_mid_m30,real_K5,bandit_toy,5,30,exp,512,24,0.0011913418323557655,0.00522379158064723,27,False,0.0,0
real_K5_mid_m30,real_K5,bandit_toy,5,30,exp,512,25,0.0011913418323557655,0.005216417368501425,27,False,0.0,0
real_K5_mid_m30,real_K5,bandit_toy,5,30,exp,512,26,0.0011913418323557655,0.004822125192731619,25,False,0.0,0
real_K5_mid_m30,real_K5,bandit_toy,5,30,exp,512,27,0.0011913418323557655,0.005832749884575605,32,False,0.0,0
real_K5_mid_m30,real_K5,bandit_toy,5,30,exp,512,28,0.0011913418323557655,0.005352499894797802,31,False,0.0,0
real_K5_mid_m30,real_K5,bandit_toy,5,30,exp,512,29,0.0011913418323557655,0.005792875308543444,29,False,0.0,0
real_K5_mid_m30,real_K5,bandit_toy,5,30,exp,512,30,0.0011913418323557655,0.0050955419428646564,25,False,0.0,0
real_K5_mid_m30,real_K5,bandit_toy,5,30,exp,512,31,0.0011913418323557655,0.005129791796207428,27,False,0.0,0
real_K5_mid_m30,real_K5,bandit_toy,5,30,exp,512,32,0.0011913418323557655,0.00551266735419631,29,False,0.0,0
real_K5_mid_m30,real_K5,bandit_toy,5,30,exp,512,33,0.0011913418323557655,0.005377084016799927,29,False,0.0,0
real_K5_mid_m30,real_K5,bandit_toy,5,30,exp,512,34,0.0011913418323557655,0.005281166173517704,27,False,0.0,0
real_K5_mid_m30,real_K5,bandit_toy,5,30,exp,512,35,0.0011913418323557655,0.005932624917477369,33,False,0.0,0
real_K5_mid_m30,real_K5,bandit_toy,5,30,exp,512,36,0.0011913418323557655,0.005641124676913023,30,False,0.0,0
real_K5_mid_m30,real_K5,bandit_toy,5,30,exp,512,37,0.0011913418323557655,0.005584457889199257,31,False,0.0,0
real_K5_mid_m30,real_K5,bandit_toy,5,30,exp,512,38,0.0011913418323557655,0.005763249937444925,31,False,0.0,0
real_K5_mid_m30,real_K5,bandit_toy,5,30,exp,512,39,0.0011913418323557655,0.006074375007301569,33,False,0.0,0
real_K5_mid_m30,real_K5,bandit_toy,5,30,exp,512,40,0.0011913418323557655,0.005152834113687277,28,False,0.0,0
real_K5_mid_m30,real_K5,bandit_toy,5,30,exp,512,41,0.0011913418323557655,0.005080250091850758,26,False,0.0,0
real_K5_mid_m30,real_K5,bandit_toy,5,30,exp,512,42,0.0011913418323557655,0.005881042219698429,31,False,0.0,0
real_K5_mid_m30,real_K5,bandit_toy,5,30,exp,512,43,0.0011913418323557655,0.005692667327821255,31,False,0.0,0
real_K5_mid_m30,real_K5,bandit_toy,5,30,exp,512,44,0.0011913418323557655,0.004731207620352507,25,False,0.0,0
real_K5_mid_m30,real_K5,bandit_toy,5,30,exp,512,45,0.0011913418323557655,0.005613416898995638,30,False,0.0,0
real_K5_mid_m30,real_K5,bandit_toy,5,30,exp,512,46,0.0011913418323557655,0.0050499578937888145,28,False,0.0,0
real_K5_mid_m30,real_K5,bandit_toy,5,30,exp,512,47,0.0011913418323557655,0.005187333095818758,27,False,0.0,0
real_K5_mid_m30,real_K5,bandit_toy,5,30,exp,512,48,0.0011913418323557655,0.00506904162466526,26,False,0.0,0
real_K5_mid_m30,real_K5,bandit_toy,5,30,exp,512,49,0.0011913418323557655,0.00532129080966115,28,False,0.0,0
real_K5_mid_m30,real_K5,bandit_toy,5,30,exp,2048,0,0.0011913418323557655,0.005634374916553497,27,False,0.0,0
real_K5_mid_m30,real_K5,bandit_toy,5,30,exp,2048,1,0.0011913418323557655,0.005329417064785957,26,False,0.0,0
real_K5_mid_m30,real_K5,bandit_toy,5,30,exp,2048,2,0.0011913418323557655,0.005450707860291004,27,False,0.0,0
real_K5_mid_m30,real_K5,bandit_toy,5,30,exp,2048,3,0.0011913418323557655,0.005425499752163887,26,False,0.0,0
real_K5_mid_m30,real_K5,bandit_toy,5,30,exp,2048,4,0.0011913418323557655,0.005913999862968922,29,False,0.0,0
real_K5_mid_m30,real_K5,bandit_toy,5,30,exp,2048,5,0.0011913418323557655,0.005184041801840067,26,False,0.0,0
real_K5_mid_m30,real_K5,bandit_toy,5,30,exp,2048,6,0.0011913418323557655,0.005556959193199873,28,False,0.0,0
real_K5_mid_m30,real_K5,bandit_toy,5,30,exp,2048,7,0.0011913418323557655,0.005700625013560057,26,False,0.0,0
real_K5_mid_m30,real_K5,bandit_toy,5,30,exp,2048,8,0.0011913418323557655,0.005737041123211384,30,False,0.0,0
real_K5_mid_m30,real_K5,bandit_toy,5,30,exp,2048,9,0.0011913418323557655,0.006025291979312897,27,False,0.0,0
real_K5_mid_m30,real_K5,bandit_toy,5,30,exp,2048,10,0.0011913418323557655,0.005909417290240526,25,False,0.0,0
real_K5_mid_m30,real_K5,bandit_toy,5,30,exp,2048,11,0.0011913418323557655,0.005676791071891785,26,False,0.0,0
real_K5_mid_m30,real_K5,bandit_toy,5,30,exp,2048,12,0.0011913418323557655,0.005609000101685524,28,False,0.0,0
real_K5_mid_m30,real_K5,bandit_toy,5,30,exp,2048,13,0.0011913418323557655,0.006133540999144316,29,False,0.0,0
real_K5_mid_m30,real_K5,bandit_toy,5,30,exp,2048,14,0.0011913418323557655,0.005962457973510027,27,False,0.0,0
real_K5_mid_m30,real_K5,bandit_toy,5,30,exp,2048,15,0.0011913418323557655,0.006905874703079462,34,False,0.0,0
real_K5_mid_m30,real_K5,bandit_toy,5,30,exp,2048,16,0.0011913418323557655,0.005435458850115538,26,False,0.0,0
real_K5_mid_m30,real_K5,bandit_toy,5,30,exp,2048,17,0.0011913418323557655,0.005802250001579523,27,False,0.0,0
real_K5_mid_m30,real_K5,bandit_toy,5,30,exp,2048,18,0.0011913418323557655,0.005857875104993582,28,False,0.0,0
real_K5_mid_m30,real_K5,bandit_toy,5,30,exp,2048,19,0.0011913418323557655,0.0055846660397946835,26,False,0.0,0
real_K5_mid_m30,real_K5,bandit_toy,5,30,exp,2048,20,0.0011913418323557655,0.005753082688897848,28,False,0.0,0
real_K5_mid_m30,real_K5,bandit_toy,5,30,exp,2048,21,0.0011913418323557655,0.005035874899476767,25,False,0.0,0
real_K5_mid_m30,real_K5,bandit_toy,5,30,exp,2048,22,0.0011913418323557655,0.005369000136852264,26,False,0.0,0
real_K5_mid_m30,real_K5,bandit_toy,5,30,exp,2048,23,0.0011913418323557655,0.005337290931493044,25,False,0.0,0
real_K5_mid_m30,real_K5,bandit_toy,5,30,exp,2048,24,0.0011913418323557655,0.0055380831472575665,27,False,0.0,0
real_K5_mid_m30,real_K5,bandit_toy,5,30,exp,2048,25,0.0011913418323557655,0.0050051249563694,25,False,0.0,0
real_K5_mid_m30,real_K5,bandit_toy,5,30,exp,2048,26,0.0011913418323557655,0.005512166768312454,28,False,0.0,0
real_K5_mid_m30,real_K5,bandit_toy,5,30,exp,2048,27,0.0011913418323557655,0.005050624720752239,25,False,0.0,0
real_K5_mid_m30,real_K5,bandit_toy,5,30,exp,2048,28,0.0011913418323557655,0.005728665739297867,29,False,0.0,0
real_K5_mid_m30,real_K5,bandit_toy,5,30,exp,2048,29,0.0011913418323557655,0.005380416754633188,26,False,0.0,0
real_K5_mid_m30,real_K5,bandit_toy,5,30,exp,2048,30,0.0011913418323557655,0.005418000277131796,26,False,0.0,0
real_K5_mid_m30,real_K5,bandit_toy,5,30,exp,2048,31,0.0011913418323557655,0.005484834313392639,27,False,0.0,0
real_K5_mid_m30,real_K5,bandit_toy,5,30,exp,2048,32,0.0011913418323557655,0.005181500222533941,24,False,0.0,0
real_K5_mid_m30,real_K5,bandit_toy,5,30,exp,2048,33,0.0011913418323557655,0.005670791957527399,28,False,0.0,0
real_K5_mid_m30,real_K5,bandit_toy,5,30,exp,2048,34,0.0011913418323557655,0.005662333220243454,29,False,0.0,0
real_K5_mid_m30,real_K5,bandit_toy,5,30,exp,2048,35,0.0011913418323557655,0.0052237906493246555,25,False,0.0,0
real_K5_mid_m30,real_K5,bandit_toy,5,30,exp,2048,36,0.0011913418323557655,0.005026999861001968,25,False,0.0,0
real_K5_mid_m30,real_K5,bandit_toy,5,30,exp,2048,37,0.0011913418323557655,0.005411667283624411,26,False,0.0,0
real_K5_mid_m30,real_K5,bandit_toy,5,30,exp,2048,38,0.0011913418323557655,0.005546375177800655,27,False,0.0,0
real_K5_mid_m30,real_K5,bandit_toy,5,30,exp,2048,39,0.0011913418323557655,0.0055657499469816685,28,False,0.0,0
real_K5_mid_m30,real_K5,bandit_toy,5,30,exp,2048,40,0.0011913418323557655,0.005211374722421169,23,False,0.0,0
real_K5_mid_m30,real_K5,bandit_toy,5,30,exp,2048,41,0.0011913418323557655,0.005325125064700842,25,False,0.0,0
real_K5_mid_m30,real_K5,bandit_toy,5,30,exp,2048,42,0.0011913418323557655,0.005608667153865099,28,False,0.0,0
real_K5_mid_m30,real_K5,bandit_toy,5,30,exp,2048,43,0.0011913418323557655,0.006127374712377787,30,False,0.0,0
real_K5_mid_m30,real_K5,bandit_toy,5,30,exp,2048,44,0.0011913418323557655,0.005325667094439268,25,False,0.0,0
real_K5_mid_m30,real_K5,bandit_toy,5,30,exp,2048,45,0.0011913418323557655,0.005311041139066219,27,False,0.0,0
real_K5_mid_m30,real_K5,bandit_toy,5,30,exp,2048,46,0.0011913418323557655,0.005244165658950806,25,False,0.0,0
real_K5_mid_m30,real_K5,bandit_toy,5,30,exp,2048,47,0.0011913418323557655,0.00547683285549283,25,False,0.0,0
real_K5_mid_m30,real_K5,bandit_toy,5,30,exp,2048,48,0.0011913418323557655,0.005761000327765942,29,False,0.0,0
real_K5_mid_m30,real_K5,bandit_toy,5,30,exp,2048,49,0.0011913418323557655,0.00521295890212059,24,False,0.0,0
real_K5_mid_m30,real_K5,bandit_toy,5,30,sobol,128,0,0.0011913418323557655,0.005741917062550783,29,False,0.0,0
real_K5_mid_m30,real_K5,bandit_toy,5,30,sobol,128,1,0.0011913418323557655,0.0055099171586334705,29,False,0.0,0
real_K5_mid_m30,real_K5,bandit_toy,5,30,sobol,128,2,0.0011913418323557655,0.005765541922301054,30,False,0.0,0
real_K5_mid_m30,real_K5,bandit_toy,5,30,sobol,128,3,0.0011913418323557655,0.005098416935652494,26,False,0.0,0
real_K5_mid_m30,real_K5,bandit_toy,5,30,sobol,128,4,0.0011913418323557655,0.00550458300858736,29,False,0.0,0
real_K5_mid_m30,real_K5,bandit_toy,5,30,sobol,128,5,0.0011913418323557655,0.0053192079067230225,27,False,0.0,0
real_K5_mid_m30,real_K5,bandit_toy,5,30,sobol,128,6,0.0011913418323557655,0.005697750020772219,30,False,0.0,0
real_K5_mid_m30,real_K5,bandit_toy,5,30,sobol,128,7,0.0011913418323557655,0.0056043751537799835,30,False,0.0,0
real_K5_mid_m30,real_K5,bandit_toy,5,30,sobol,128,8,0.0011913418323557655,0.005459500011056662,29,False,0.0,0
real_K5_mid_m30,real_K5,bandit_toy,5,30,sobol,128,9,0.0011913418323557655,0.005002791061997414,26,False,0.0,0
real_K5_mid_m30,real_K5,bandit_toy,5,30,sobol,128,10,0.0011913418323557655,0.00611974997445941,29,False,0.0,0
real_K5_mid_m30,real_K5,bandit_toy,5,30,sobol,128,11,0.0011913418323557655,0.005630041006952524,28,False,0.0,0
real_K5_mid_m30,real_K5,bandit_toy,5,30,sobol,128,12,0.0011913418323557655,0.005309166852384806,29,False,0.0,0
real_K5_mid_m30,real_K5,bandit_toy,5,30,sobol,128,13,0.0011913418323557655,0.00584216695278883,30,False,0.0,0
real_K5_mid_m30,real_K5,bandit_toy,5,30,sobol,128,14,0.0011913418323557655,0.005576499737799168,29,False,0.0,0
real_K5_mid_m30,real_K5,bandit_toy,5,30,sobol,128,15,0.0011913418323557655,0.004947375040501356,26,False,0.0,0
real_K5_mid_m30,real_K5,bandit_toy,5,30,sobol,128,16,0.0011913418323557655,0.005887457635253668,30,False,0.0,0
real_K5_mid_m30,real_K5,bandit_toy,5,30,sobol,128,17,0.0011913418323557655,0.005500541999936104,29,False,0.0,0
real_K5_mid_m30,real_K5,bandit_toy,5,30,sobol,128,18,0.0011913418323557655,0.00580425001680851,30,False,0.0,0
real_K5_mid_m30,real_K5,bandit_toy,5,30,sobol,128,19,0.0011913418323557655,0.00555370794609189,30,False,0.0,0
real_K5_mid_m30,real_K5,bandit_toy,5,30,sobol,128,20,0.0011913418323557655,0.005442459136247635,28,False,0.0,0
real_K5_mid_m30,real_K5,bandit_toy,5,30,sobol,128,21,0.0011913418323557655,0.005748707801103592,32,False,0.0,0
real_K5_mid_m30,real_K5,bandit_toy,5,30,sobol,128,22,0.0011913418323557655,0.005353541113436222,29,False,0.0,0
real_K5_mid_m30,real_K5,bandit_toy,5,30,sobol,128,23,0.0011913418323557655,0.005026500206440687,26,False,0.0,0
real_K5_mid_m30,real_K5,bandit_toy,5,30,sobol,128,24,0.0011913418323557655,0.005122417118400335,26,False,0.0,0
real_K5_mid_m30,real_K5,bandit_toy,5,30,sobol,128,25,0.0011913418323557655,0.005447209347039461,29,False,0.0,0
real_K5_mid_m30,real_K5,bandit_toy,5,30,sobol,128,26,0.0011913418323557655,0.005569207947701216,30,False,0.0,0
real_K5_mid_m30,real_K5,bandit_toy,5,30,sobol,128,27,0.0011913418323557655,0.005527166649699211,30,False,0.0,0
real_K5_mid_m30,real_K5,bandit_toy,5,30,sobol,128,28,0.0011913418323557655,0.005629625171422958,31,False,0.0,0
real_K5_mid_m30,real_K5,bandit_toy,5,30,sobol,128,29,0.0011913418323557655,0.005342042073607445,29,False,0.0,0
real_K5_mid_m30,real_K5,bandit_toy,5,30,sobol,128,30,0.0011913418323557655,0.005724832881242037,31,False,0.0,0
real_K5_mid_m30,real_K5,bandit_toy,5,30,sobol,128,31,0.0011913418323557655,0.005216000135987997,29,False,0.0,0
real_K5_mid_m30,real_K5,bandit_toy,5,30,sobol,128,32,0.0011913418323557655,0.005686458200216293,31,False,0.0,0
real_K5_mid_m30,real_K5,bandit_toy,5,30,sobol,128,33,0.0011913418323557655,0.005542832892388105,28,False,0.0,0
real_K5_mid_m30,real_K5,bandit_toy,5,30,sobol,128,34,0.0011913418323557655,0.005528541747480631,29,False,0.0,0
real_K5_mid_m30,real_K5,bandit_toy,5,30,sobol,128,35,0.0011913418323557655,0.006041625048965216,34,False,0.0,0
real_K5_mid_m30,real_K5,bandit_toy,5,30,sobol,128,36,0.0011913418323557655,0.005951708182692528,32,False,0.0,0
real_K5_mid_m30,real_K5,bandit_toy,5,30,sobol,128,37,0.0011913418323557655,0.005565207917243242,29,False,0.0,0
real_K5_mid_m30,real_K5,bandit_toy,5,30,sobol,128,38,0.0011913418323557655,0.005457124672830105,31,False,0.0,0
real_K5_mid_m30,real_K5,bandit_toy,5,30,sobol,128,39,0.0011913418323557655,0.005513540934771299,29,False,0.0,0
real_K5_mid_m30,real_K5,bandit_toy,5,30,sobol,128,40,0.0011913418323557655,0.005616624839603901,29,False,0.0,0
real_K5_mid_m30,real_K5,bandit_toy,5,30,sobol,128,41,0.0011913418323557655,0.005288125015795231,28,False,0.0,0
real_K5_mid_m30,real_K5,bandit_toy,5,30,sobol,128,42,0.0011913418323557655,0.0055002919398248196,29,False,0.0,0
real_K5_mid_m30,real_K5,bandit_toy,5,30,sobol,128,43,0.0011913418323557655,0.005809667054563761,31,False,0.0,0
real_K5_mid_m30,real_K5,bandit_toy,5,30,sobol,128,44,0.0011913418323557655,0.005642417352646589,30,False,0.0,0
real_K5_mid_m30,real_K5,bandit_toy,5,30,sobol,128,45,0.0011913418323557655,0.005588999949395657,30,False,0.0,0
real_K5_mid_m30,real_K5,bandit_toy,5,30,sobol,128,46,0.0011913418323557655,0.005803833249956369,29,False,0.0,0
real_K5_mid_m30,real_K5,bandit_toy,5,30,sobol,128,47,0.0011913418323557655,0.005763334222137928,31,False,0.0,0
real_K5_mid_m30,real_K5,bandit_toy,5,30,sobol,128,48,0.0011913418323557655,0.005548458080738783,29,False,0.0,0
real_K5_mid_m30,real_K5,bandit_toy,5,30,sobol,128,49,0.0011913418323557655,0.005520917009562254,29,False,0.0,0
real_K5_mid_m30,real_K5,bandit_toy,5,30,sobol,512,0,0.0011913418323557655,0.0058987499214708805,29,False,0.0,0
real_K5_mid_m30,real_K5,bandit_toy,5,30,sobol,512,1,0.0011913418323557655,0.005276040639728308,28,False,0.0,0
real_K5_mid_m30,real_K5,bandit_toy,5,30,sobol,512,2,0.0011913418323557655,0.005074874963611364,26,False,0.0,0
real_K5_mid_m30,real_K5,bandit_toy,5,30,sobol,512,3,0.0011913418323557655,0.0053363339975476265,28,False,0.0,0
real_K5_mid_m30,real_K5,bandit_toy,5,30,sobol,512,4,0.0011913418323557655,0.0053635830990970135,27,False,0.0,0
real_K5_mid_m30,real_K5,bandit_toy,5,30,sobol,512,5,0.0011913418323557655,0.0048120832070708275,26,False,0.0,0
real_K5_mid_m30,real_K5,bandit_toy,5,30,sobol,512,6,0.0011913418323557655,0.005405250005424023,28,False,0.0,0
real_K5_mid_m30,real_K5,bandit_toy,5,30,sobol,512,7,0.0011913418323557655,0.005461125168949366,28,False,0.0,0
real_K5_mid_m30,real_K5,bandit_toy,5,30,sobol,512,8,0.0011913418323557655,0.005685499869287014,31,False,0.0,0
real_K5_mid_m30,real_K5,bandit_toy,5,30,sobol,512,9,0.0011913418323557655,0.005786833353340626,31,False,0.0,0
real_K5_mid_m30,real_K5,bandit_toy,5,30,sobol,512,10,0.0011913418323557655,0.005474874749779701,27,False,0.0,0
real_K5_mid_m30,real_K5,bandit_toy,5,30,sobol,512,11,0.0011913418323557655,0.005988958291709423,31,False,0.0,0
real_K5_mid_m30,real_K5,bandit_toy,5,30,sobol,512,12,0.0011913418323557655,0.005275958217680454,28,False,0.0,0
real_K5_mid_m30,real_K5,bandit_toy,5,30,sobol,512,13,0.0011913418323557655,0.005666125100106001,30,False,0.0,0
real_K5_mid_m30,real_K5,bandit_toy,5,30,sobol,512,14,0.0011913418323557655,0.005001625046133995,26,False,0.0,0
real_K5_mid_m30,real_K5,bandit_toy,5,30,sobol,512,15,0.0011913418323557655,0.005419707857072353,30,False,0.0,0
real_K5_mid_m30,real_K5,bandit_toy,5,30,sobol,512,16,0.0011913418323557655,0.0053944578394293785,28,False,0.0,0
real_K5_mid_m30,real_K5,bandit_toy,5,30,sobol,512,17,0.0011913418323557655,0.005537374876439571,28,False,0.0,0
real_K5_mid_m30,real_K5,bandit_toy,5,30,sobol,512,18,0.0011913418323557655,0.005054958164691925,25,False,0.0,0
real_K5_mid_m30,real_K5,bandit_toy,5,30,sobol,512,19,0.0011913418323557655,0.005181458778679371,27,False,0.0,0
real_K5_mid_m30,real_K5,bandit_toy,5,30,sobol,512,20,0.0011913418323557655,0.005799833219498396,30,False,0.0,0
real_K5_mid_m30,real_K5,bandit_toy,5,30,sobol,512,21,0.0011913418323557655,0.0048841251991689205,26,False,0.0,0
real_K5_mid_m30,real_K5,bandit_toy,5,30,sobol,512,22,0.0011913418323557655,0.006035291589796543,29,False,0.0,0
real_K5_mid_m30,real_K5,bandit_toy,5,30,sobol,512,23,0.0011913418323557655,0.006172749679535627,29,False,0.0,0
real_K5_mid_m30,real_K5,bandit_toy,5,30,sobol,512,24,0.0011913418323557655,0.0055934591218829155,28,False,0.0,0
real_K5_mid_m30,real_K5,bandit_toy,5,30,sobol,512,25,0.0011913418323557655,0.005578250158578157,30,False,0.0,0
real_K5_mid_m30,real_K5,bandit_toy,5,30,sobol,512,26,0.0011913418323557655,0.005770790856331587,28,False,0.0,0
real_K5_mid_m30,real_K5,bandit_toy,5,30,sobol,512,27,0.0011913418323557655,0.005460791755467653,26,False,0.0,0
real_K5_mid_m30,real_K5,bandit_toy,5,30,sobol,512,28,0.0011913418323557655,0.00523675000295043,27,False,0.0,0
real_K5_mid_m30,real_K5,bandit_toy,5,30,sobol,512,29,0.0011913418323557655,0.005814000032842159,30,False,0.0,0
real_K5_mid_m30,real_K5,bandit_toy,5,30,sobol,512,30,0.0011913418323557655,0.005569458939135075,27,False,0.0,0
real_K5_mid_m30,real_K5,bandit_toy,5,30,sobol,512,31,0.0011913418323557655,0.005846292246133089,29,False,0.0,0
real_K5_mid_m30,real_K5,bandit_toy,5,30,sobol,512,32,0.0011913418323557655,0.005300125107169151,28,False,0.0,0
real_K5_mid_m30,real_K5,bandit_toy,5,30,sobol,512,33,0.0011913418323557655,0.006151125300675631,32,False,0.0,0
real_K5_mid_m30,real_K5,bandit_toy,5,30,sobol,512,34,0.0011913418323557655,0.006085583008825779,29,False,0.0,0
real_K5_mid_m30,real_K5,bandit_toy,5,30,sobol,512,35,0.0011913418323557655,0.005655666813254356,28,False,0.0,0
real_K5_mid_m30,real_K5,bandit_toy,5,30,sobol,512,36,0.0011913418323557655,0.005065625067800283,27,False,0.0,0
real_K5_mid_m30,real_K5,bandit_toy,5,30,sobol,512,37,0.0011913418323557655,0.006390875205397606,32,False,0.0,0
real_K5_mid_m30,real_K5,bandit_toy,5,30,sobol,512,38,0.0011913418323557655,0.005909250117838383,29,False,0.0,0
real_K5_mid_m30,real_K5,bandit_toy,5,30,sobol,512,39,0.0011913418323557655,0.005062375217676163,27,False,0.0,0
real_K5_mid_m30,real_K5,bandit_toy,5,30,sobol,512,40,0.0011913418323557655,0.005613792221993208,27,False,0.0,0
real_K5_mid_m30,real_K5,bandit_toy,5,30,sobol,512,41,0.0011913418323557655,0.005700832698494196,29,False,0.0,0
real_K5_mid_m30,real_K5,bandit_toy,5,30,sobol,512,42,0.0011913418323557655,0.004931750241667032,26,False,0.0,0
real_K5_mid_m30,real_K5,bandit_toy,5,30,sobol,512,43,0.0011913418323557655,0.005539208184927702,29,False,0.0,0
real_K5_mid_m30,real_K5,bandit_toy,5,30,sobol,512,44,0.0011913418323557655,0.005660333205014467,28,False,0.0,0
real_K5_mid_m30,real_K5,bandit_toy,5,30,sobol,512,45,0.0011913418323557655,0.005571334157139063,27,False,0.0,0
real_K5_mid_m30,real_K5,bandit_toy,5,30,sobol,512,46,0.0011913418323557655,0.005530582740902901,30,False,0.0,0
real_K5_mid_m30,real_K5,bandit_toy,5,30,sobol,512,47,0.0011913418323557655,0.005726082716137171,28,False,0.0,0
real_K5_mid_m30,real_K5,bandit_toy,5,30,sobol,512,48,0.0011913418323557655,0.005844084080308676,28,False,0.0,0
real_K5_mid_m30,real_K5,bandit_toy,5,30,sobol,512,49,0.0011913418323557655,0.005027416627854109,27,False,0.0,0
real_K5_mid_m30,real_K5,bandit_toy,5,30,sobol,2048,0,0.0011913418323557655,0.006092499941587448,28,False,0.0,0
real_K5_mid_m30,real_K5,bandit_toy,5,30,sobol,2048,1,0.0011913418323557655,0.005865540821105242,26,False,0.0,0
real_K5_mid_m30,real_K5,bandit_toy,5,30,sobol,2048,2,0.0011913418323557655,0.0052218749187886715,23,False,0.0,0
real_K5_mid_m30,real_K5,bandit_toy,5,30,sobol,2048,3,0.0011913418323557655,0.005350332707166672,27,False,0.0,0
real_K5_mid_m30,real_K5,bandit_toy,5,30,sobol,2048,4,0.0011913418323557655,0.005746334325522184,25,False,0.0,0
real_K5_mid_m30,real_K5,bandit_toy,5,30,sobol,2048,5,0.0011913418323557655,0.005906290840357542,27,False,0.0,0
real_K5_mid_m30,real_K5,bandit_toy,5,30,sobol,2048,6,0.0011913418323557655,0.005383708048611879,27,False,0.0,0
real_K5_mid_m30,real_K5,bandit_toy,5,30,sobol,2048,7,0.0011913418323557655,0.0060267080552875996,28,False,0.0,0
real_K5_mid_m30,real_K5,bandit_toy,5,30,sobol,2048,8,0.0011913418323557655,0.005726874805986881,26,False,0.0,0
real_K5_mid_m30,real_K5,bandit_toy,5,30,sobol,2048,9,0.0011913418323557655,0.005891666281968355,27,False,0.0,0
real_K5_mid_m30,real_K5,bandit_toy,5,30,sobol,2048,10,0.0011913418323557655,0.00540691614151001,26,False,0.0,0
real_K5_mid_m30,real_K5,bandit_toy,5,30,sobol,2048,11,0.0011913418323557655,0.006056624930351973,29,False,0.0,0
real_K5_mid_m30,real_K5,bandit_toy,5,30,sobol,2048,12,0.0011913418323557655,0.005712749902158976,27,False,0.0,0
real_K5_mid_m30,real_K5,bandit_toy,5,30,sobol,2048,13,0.0011913418323557655,0.005246458575129509,24,False,0.0,0
real_K5_mid_m30,real_K5,bandit_toy,5,30,sobol,2048,14,0.0011913418323557655,0.0053944578394293785,26,False,0.0,0
real_K5_mid_m30,real_K5,bandit_toy,5,30,sobol,2048,15,0.0011913418323557655,0.005567541811615229,27,False,0.0,0
real_K5_mid_m30,real_K5,bandit_toy,5,30,sobol,2048,16,0.0011913418323557655,0.005238458979874849,26,False,0.0,0
real_K5_mid_m30,real_K5,bandit_toy,5,30,sobol,2048,17,0.0011913418323557655,0.005444416310638189,27,False,0.0,0
real_K5_mid_m30,real_K5,bandit_toy,5,30,sobol,2048,18,0.0011913418323557655,0.005162874702364206,24,False,0.0,0
real_K5_mid_m30,real_K5,bandit_toy,5,30,sobol,2048,19,0.0011913418323557655,0.006246541161090136,31,False,0.0,0
real_K5_mid_m30,real_K5,bandit_toy,5,30,sobol,2048,20,0.0011913418323557655,0.005354083143174648,25,False,0.0,0
real_K5_mid_m30,real_K5,bandit_toy,5,30,sobol,2048,21,0.0011913418323557655,0.005486750043928623,27,False,0.0,0
real_K5_mid_m30,real_K5,bandit_toy,5,30,sobol,2048,22,0.0011913418323557655,0.005888666957616806,27,False,0.0,0
real_K5_mid_m30,real_K5,bandit_toy,5,30,sobol,2048,23,0.0011913418323557655,0.0055182077921926975,27,False,0.0,0
real_K5_mid_m30,real_K5,bandit_toy,5,30,sobol,2048,24,0.0011913418323557655,0.005417916923761368,27,False,0.0,0
real_K5_mid_m30,real_K5,bandit_toy,5,30,sobol,2048,25,0.0011913418323557655,0.005911624990403652,29,False,0.0,0
real_K5_mid_m30,real_K5,bandit_toy,5,30,sobol,2048,26,0.0011913418323557655,0.005154875107109547,26,False,0.0,0
real_K5_mid_m30,real_K5,bandit_toy,5,30,sobol,2048,27,0.0011913418323557655,0.005716125015169382,27,False,0.0,0
real_K5_mid_m30,real_K5,bandit_toy,5,30,sobol,2048,28,0.0011913418323557655,0.005444665905088186,26,False,0.0,0
real_K5_mid_m30,real_K5,bandit_toy,5,30,sobol,2048,29,0.0011913418323557655,0.005465125199407339,26,False,0.0,0
real_K5_mid_m30,real_K5,bandit_toy,5,30,sobol,2048,30,0.0011913418323557655,0.00569300027564168,27,False,0.0,0
real_K5_mid_m30,real_K5,bandit_toy,5,30,sobol,2048,31,0.0011913418323557655,0.00553716579452157,27,False,0.0,0
real_K5_mid_m30,real_K5,bandit_toy,5,30,sobol,2048,32,0.0011913418323557655,0.005547625012695789,26,False,0.0,0
real_K5_mid_m30,real_K5,bandit_toy,5,30,sobol,2048,33,0.0011913418323557655,0.005757959093898535,30,False,0.0,0
real_K5_mid_m30,real_K5,bandit_toy,5,30,sobol,2048,34,0.0011913418323557655,0.005190750118345022,25,False,0.0,0
real_K5_mid_m30,real_K5,bandit_toy,5,30,sobol,2048,35,0.0011913418323557655,0.005612459033727646,26,False,0.0,0
real_K5_mid_m30,real_K5,bandit_toy,5,30,sobol,2048,36,0.0011913418323557655,0.005523666273802519,27,False,0.0,0
real_K5_mid_m30,real_K5,bandit_toy,5,30,sobol,2048,37,0.0011913418323557655,0.005392500199377537,27,False,0.0,0
real_K5_mid_m30,real_K5,bandit_toy,5,30,sobol,2048,38,0.0011913418323557655,0.0055047087371349335,27,False,0.0,0
real_K5_mid_m30,real_K5,bandit_toy,5,30,sobol,2048,39,0.0011913418323557655,0.005524584092199802,27,False,0.0,0
real_K5_mid_m30,real_K5,bandit_toy,5,30,sobol,2048,40,0.0011913418323557655,0.005408499855548143,27,False,0.0,0
real_K5_mid_m30,real_K5,bandit_toy,5,30,sobol,2048,41,0.0011913418323557655,0.005290375091135502,25,False,0.0,0
real_K5_mid_m30,real_K5,bandit_toy,5,30,sobol,2048,42,0.0011913418323557655,0.005517542362213135,26,False,0.0,0
real_K5_mid_m30,real_K5,bandit_toy,5,30,sobol,2048,43,0.0011913418323557655,0.005299750249832869,27,False,0.0,0
real_K5_mid_m30,real_K5,bandit_toy,5,30,sobol,2048,44,0.0011913418323557655,0.005852250382304192,30,False,0.0,0
real_K5_mid_m30,real_K5,bandit_toy,5,30,sobol,2048,45,0.0011913418323557655,0.005905665922909975,29,False,0.0,0
real_K5_mid_m30,real_K5,bandit_toy,5,30,sobol,2048,46,0.0011913418323557655,0.005538125056773424,26,False,0.0,0
real_K5_mid_m30,real_K5,bandit_toy,5,30,sobol,2048,47,0.0011913418323557655,0.005381375085562468,26,False,0.0,0
real_K5_mid_m30,real_K5,bandit_toy,5,30,sobol,2048,48,0.0011913418323557655,0.005449749995023012,27,False,0.0,0
real_K5_mid_m30,real_K5,bandit_toy,5,30,sobol,2048,49,0.0011913418323557655,0.005579417105764151,27,False,0.0,0
real_K5_late_m42,real_K5,bandit_toy,5,42,exp,128,0,0.0004951989160101641,0.007878749631345272,33,False,4.184369864490556e-14,0
real_K5_late_m42,real_K5,bandit_toy,5,42,exp,128,1,0.000495198915646097,0.007233582902699709,31,False,4.0591076506946155e-13,0
real_K5_late_m42,real_K5,bandit_toy,5,42,exp,128,2,0.0004951989158504331,0.008046916220337152,34,False,2.0157465106807049e-13,0
real_K5_late_m42,real_K5,bandit_toy,5,42,exp,128,3,0.0004951989155925547,0.007950415834784508,32,False,4.59453113575703e-13,0
real_K5_late_m42,real_K5,bandit_toy,5,42,exp,128,4,0.000495198914140814,0.007772374898195267,33,False,1.9111937510016275e-12,0
real_K5_late_m42,real_K5,bandit_toy,5,42,exp,128,5,0.0004951989158098049,0.007545250002294779,32,False,2.4220285065740255e-13,0
real_K5_late_m42,real_K5,bandit_toy,5,42,exp,128,6,0.0004951989160245174,0.007134042214602232,31,False,2.749037976423896e-14,0
real_K5_late_m42,real_K5,bandit_toy,5,42,exp,128,7,0.0004951989154250013,0.007510374765843153,33,False,6.270064762531335e-13,0
real_K5_late_m42,real_K5,bandit_toy,5,42,exp,128,8,0.000495198914140814,0.007709667086601257,33,False,1.9111937510016275e-12,0
real_K5_late_m42,real_K5,bandit_toy,5,42,exp,128,9,0.0004951989160378199,0.007100875023752451,31,False,1.4187869629145311e-14,0
real_K5_late_m42,real_K5,bandit_toy,5,42,exp,128,10,0.000495198914140814,0.007134917192161083,31,False,1.9111937510016275e-12,0
real_K5_late_m42,real_K5,bandit_toy,5,42,exp,128,11,0.000495198914140814,0.007761667016893625,32,False,1.9111937510016275e-12,0
real_K5_late_m42,real_K5,bandit_toy,5,42,exp,128,12,0.0004951989159475687,0.007364875171333551,31,False,1.0443902687118367e-13,0
real_K5_late_m42,real_K5,bandit_toy,5,42,exp,128,13,0.0004951989159405394,0.007579625118523836,33,False,1.1146834323627619e-13,0
real_K5_late_m42,real_K5,bandit_toy,5,42,exp,128,14,0.0004951989152955869,0.007122834213078022,30,False,7.564208591090416e-13,0
real_K5_late_m42,real_K5,bandit_toy,5,42,exp,128,15,0.000495198914140814,0.007706917356699705,34,False,1.9111937510016275e-12,0
real_K5_late_m42,real_K5,bandit_toy,5,42,exp,128,16,0.0004951989159008414,0.007755916099995375,34,False,1.5116640578183294e-13,0
real_K5_late_m42,real_K5,bandit_toy,5,42,exp,128,17,0.0004951989158290699,0.007393582724034786,33,False,2.2293787909494212e-13,0
real_K5_late_m42,real_K5,bandit_toy,5,42,exp,128,18,0.0004951989152769957,0.00733804190531373,32,False,7.750121074415195e-13,0
real_K5_late_m42,real_K5,bandit_toy,5,42,exp,128,19,0.0004951989160034198,0.007756708189845085,34,False,4.858797825885164e-14,0
real_K5_late_m42,real_K5,bandit_toy,5,42,exp,128,20,0.000495198914140814,0.0073640416376292706,33,False,1.9111937510016275e-12,0
real_K5_late_m42,real_K5,bandit_toy,5,42,exp,128,21,0.0004951989159810787,0.007599624805152416,33,False,7.092904822508794e-14,0
real_K5_late_m42,real_K5,bandit_toy,5,42,exp,128,22,0.0004951989153694535,0.007157792337238789,31,False,6.825542735178214e-13,0
real_K5_late_m42,real_K5,bandit_toy,5,42,exp,128,23,0.0004951989159225138,0.0075420839712023735,33,False,1.2949396329536844e-13,0
real_K5_late_m42,real_K5,bandit_toy,5,42,exp,128,24,0.000495198914140814,0.0075221252627670765,33,False,1.9111937510016275e-12,0
real_K5_late_m42,real_K5,bandit_toy,5,42,exp,128,25,0.0004951989160491532,0.007602666039019823,33,False,2.8545958999370846e-15,0
real_K5_late_m42,real_K5,bandit_toy,5,42,exp,128,26,0.0004951989158022274,0.007368999999016523,32,False,2.4978033964090374e-13,0
real_K5_late_m42,real_K5,bandit_toy,5,42,exp,128,27,0.0004951989159478179,0.007983291987329721,34,False,1.041898772119465e-13,0
real_K5_late_m42,real_K5,bandit_toy,5,42,exp,128,28,0.0004951989157723425,0.00711820786818862,32,False,2.796652883232942e-13,0
real_K5_late_m42,real_K5,bandit_toy,5,42,exp,128,29,0.000495198914140814,0.007084875367581844,30,False,1.9111937510016275e-12,0
real_K5_late_m42,real_K5,bandit_toy,5,42,exp,128,30,0.0004951989159793186,0.007792084012180567,33,False,7.268914203190091e-14,0
real_K5_late_m42,real_K5,bandit_toy,5,42,exp,128,31,0.00049519891575841,0.007462125271558762,33,False,2.935977199206019e-13,0
real_K5_late_m42,real_K5,bandit_toy,5,42,exp,128,32,0.0004951989159973321,0.007206875365227461,31,False,5.46756650371405e-14,0
real_K5_late_m42,real_K5,bandit_toy,5,42,exp,128,33,0.0004951989148401735,0.007276500109583139,31,False,1.2118342353900635e-12,0
real_K5_late_m42,real_K5,bandit_toy,5,42,exp,128,34,0.0004951989150290154,0.007242292165756226,32,False,1.0229923462154455e-12,0
real_K5_late_m42,real_K5,bandit_toy,5,42,exp,128,35,0.0004951989159296855,0.007407083176076412,33,False,1.2232229118502858e-13,0
real_K5_late_m42,real_K5,bandit_toy,5,42,exp,128,36,0.0004951989160423275,0.0073692090809345245,33,False,9.680299097036826e-15,0
real_K5_late_m42,real_K5,bandit_toy,5,42,exp,128,37,0.000495198914140814,0.007356333080679178,32,False,1.9111937510016275e-12,0
real_K5_late_m42,real_K5,bandit_toy,5,42,exp,128,38,0.000495198914140814,0.0074353753589093685,32,False,1.9111937510016275e-12,0
real_K5_late_m42,real_K5,bandit_toy,5,42,exp,128,39,0.000495198914140814,0.007317208219319582,31,False,1.9111937510016275e-12,0
real_K5_late_m42,real_K5,bandit_toy,5,42,exp,128,40,0.0004951989159792733,0.007150417193770409,31,False,7.27344616827108e-14,0
real_K5_late_m42,real_K5,bandit_toy,5,42,exp,128,41,0.0004951989156992269,0.0072457920759916306,32,False,3.5278084706963364e-13,0
real_K5_late_m42,real_K5,bandit_toy,5,42,exp,128,42,0.0004951989158042782,0.007435082923620939,32,False,2.477295712316474e-13,0
real_K5_late_m42,real_K5,bandit_toy,5,42,exp,128,43,0.0004951989160238935,0.007891082670539618,34,False,2.8114229694287118e-14,0
real_K5_late_m42,real_K5,bandit_toy,5,42,exp,128,44,0.0004951989160271549,0.007142999675124884,32,False,2.4852841139233472e-14,0
real_K5_late_m42,real_K5,bandit_toy,5,42,exp,128,45,0.0004951989158299452,0.007377249654382467,31,False,2.2206260268109457e-13,0
real_K5_late_m42,real_K5,bandit_toy,5,42,exp,128,46,0.0004951989142220378,0.007650875020772219,33,False,1.829969986308355e-12,0
real_K5_late_m42,real_K5,bandit_toy,5,42,exp,128,47,0.000495198914140814,0.00762920780107379,33,False,1.9111937510016275e-12,0
real_K5_late_m42,real_K5,bandit_toy,5,42,exp,128,48,0.000495198914140814,0.006665375083684921,29,False,1.9111937510016275e-12,0
real_K5_late_m42,real_K5,bandit_toy,5,42,exp,128,49,0.0004951989160180077,0.007219124585390091,32,False,3.4000038028059176e-14,0
real_K5_late_m42,real_K5,bandit_toy,5,42,exp,512,0,0.0004951989160431817,0.007559957914054394,33,False,8.826056205335497e-15,0
real_K5_late_m42,real_K5,bandit_toy,5,42,exp,512,1,0.0004951989160099483,0.007818708661943674,34,False,4.2059454877230174e-14,0
real_K5_late_m42,real_K5,bandit_toy,5,42,exp,512,2,0.0004951989156689681,0.007075166795402765,30,False,3.830396286610971e-13,0
real_K5_late_m42,real_K5,bandit_toy,5,42,exp,512,3,0.0004951989159506299,0.007569165900349617,33,False,1.013778904573881e-13,0
real_K5_late_m42,real_K5,bandit_toy,5,42,exp,512,4,0.0004951989158433921,0.007547083310782909,33,False,2.0861567681662585e-13,0
real_K5_late_m42,real_K5,bandit_toy,5,42,exp,512,5,0.0004951989156268427,0.007659625262022018,32,False,4.2516511145063163e-13,0
real_K5_late_m42,real_K5,bandit_toy,5,42,exp,512,6,0.000495198915873209,0.007817333098500967,35,False,1.787988160306675e-13,0
real_K5_late_m42,real_K5,bandit_toy,5,42,exp,512,7,0.0004951989160237608,0.007755375001579523,33,False,2.8246936040199344e-14,0
real_K5_late_m42,real_K5,bandit_toy,5,42,exp,512,8,0.0004951989159795832,0.00815504090860486,36,False,7.242459670181445e-14,0
real_K5_late_m42,real_K5,bandit_toy,5,42,exp,512,9,0.000495198916039109,0.007545333355665207,33,False,1.2898753246060046e-14,0
real_K5_late_m42,real_K5,bandit_toy,5,42,exp,512,10,0.0004951989156634405,0.006919582840055227,31,False,3.8856721659707993e-13,0
real_K5_late_m42,real_K5,bandit_toy,5,42,exp,512,11,0.0004951989160371187,0.0074302093125879765,33,False,1.4889023174091687e-14,0
real_K5_late_m42,real_K5,bandit_toy,5,42,exp,512,12,0.0004951989154828121,0.007513917051255703,32,False,5.691956237938167e-13,0
real_K5_late_m42,real_K5,bandit_toy,5,42,exp,512,13,0.0004951989142420475,0.0071772499941289425,31,False,1.8099602762736144e-12,0
real_K5_late_m42,real_K5,bandit_toy,5,42,exp,512,14,0.0004951989160421936,0.00775529071688652,35,False,9.814198065338786e-15,0
real_K5_late_m42,real_K5,bandit_toy,5,42,exp,512,15,0.0004951989155998081,0.008178416639566422,36,False,4.521996926215577e-13,0
real_K5_late_m42,real_K5,bandit_toy,5,42,exp,512,16,0.000495198915683957,0.007759833242744207,34,False,3.680507504669195e-13,0
real_K5_late_m42,real_K5,bandit_toy,5,42,exp,512,17,0.000495198915727982,0.007805207744240761,34,False,3.2402574547119034e-13,0
real_K5_late_m42,real_K5,bandit_toy,5,42,exp,512,18,0.0004951989159025503,0.007741833105683327,31,False,1.4945748631756128e-13,0
real_K5_late_m42,real_K5,bandit_toy,5,42,exp,512,19,0.0004951989158692262,0.008069959003478289,33,False,1.8278152429107575e-13,0
real_K5_late_m42,real_K5,bandit_toy,5,42,exp,512,20,0.0004951989154474479,0.008397708181291819,35,False,6.045599134155144e-13,0
real_K5_late_m42,real_K5,bandit_toy,5,42,exp,512,21,0.0004951989159734336,0.007262624800205231,29,False,7.857419142415223e-14,0
real_K5_late_m42,real_K5,bandit_toy,5,42,exp,512,22,0.0004951989159853258,0.008116625249385834,35,False,6.668201147502772e-14,0
real_K5_late_m42,real_K5,bandit_toy,5,42,exp,512,23,0.0004951989160179437,0.007817916106432676,32,False,3.406411437645307e-14,0
real_K5_late_m42,real_K5,bandit_toy,5,42,exp,512,24,0.0004951989160450702,0.007957334164530039,32,False,6.937592861300246e-15,0
real_K5_late_m42,real_K5,bandit_toy,5,42,exp,512,25,0.0004951989160194867,0.006570958066731691,27,False,3.25210778445717e-14,0
real_K5_late_m42,real_K5,bandit_toy,5,42,exp,512,26,0.0004951989151811822,0.00786958308890462,31,False,8.708255470890602e-13,0
real_K5_late_m42,real_K5,bandit_toy,5,42,exp,512,27,0.0004951989157624776,0.008481374941766262,36,False,2.8953011863008804e-13,0
real_K5_late_m42,real_K5,bandit_toy,5,42,exp,512,28,0.000495198915659809,0.007612166926264763,32,False,3.9219875177382013e-13,0
real_K5_late_m42,real_K5,bandit_toy,5,42,exp,512,29,0.0004951989158946067,0.007593332789838314,32,False,1.5740111037471083e-13,0
real_K5_late_m42,real_K5,bandit_toy,5,42,exp,512,30,0.0004951989159986413,0.00816104095429182,34,False,5.336649091386425e-14,0
real_K5_late_m42,real_K5,bandit_toy,5,42,exp,512,31,0.0004951989160517142,0.008061958011239767,34,False,2.936019483090746e-16,0
real_K5_late_m42,real_K5,bandit_toy,5,42,exp,512,32,0.0004951989160208071,0.007787874899804592,32,False,3.1200628018701604e-14,0
real_K5_late_m42,real_K5,bandit_toy,5,42,exp,512,33,0.000495198915809222,0.00788562512025237,33,False,2.4278571774533075e-13,0
real_K5_late_m42,real_K5,bandit_toy,5,42,exp,512,34,0.0004951989160185641,0.008413041941821575,35,False,3.3443625473139615e-14,0
real_K5_late_m42,real_K5,bandit_toy,5,42,exp,512,35,0.0004951989160196821,0.00786104192957282,33,False,3.232570461308981e-14,0
real_K5_late_m42,real_K5,bandit_toy,5,42,exp,512,36,0.0004951989150541828,0.007832834031432867,33,False,9.97824978025974e-13,0
real_K5_late_m42,real_K5,bandit_toy,5,42,exp,512,37,0.0004951989160345361,0.007653791923075914,33,False,1.7471701169169407e-14,0
real_K5_late_m42,real_K5,bandit_toy,5,42,exp,512,38,0.0004951989160311998,0.007780625019222498,33,False,2.08080080943418e-14,0
real_K5_late_m42,real_K5,bandit_toy,5,42,exp,512,39,0.0004951989159219211,0.008064082823693752,35,False,1.3008669662306627e-13,0
real_K5_late_m42,real_K5,bandit_toy,5,42,exp,512,40,0.0004951989159622075,0.007891209330409765,33,False,8.980023755850164e-14,0
real_K5_late_m42,real_K5,bandit_toy,5,42,exp,512,41,0.0004951989160319848,0.00764995813369751,33,False,2.0022937301245047e-14,0
real_K5_late_m42,real_K5,bandit_toy,5,42,exp,512,42,0.0004951989160498837,0.007646291051059961,33,False,2.1240604761163517e-15,0
real_K5_late_m42,real_K5,bandit_toy,5,42,exp,512,43,0.0004951989160486825,0.007527334149926901,33,False,3.325248063013042e-15,0
real_K5_late_m42,real_K5,bandit_toy,5,42,exp,512,44,0.0004951989160469329,0.008074000012129545,35,False,5.0748251087529006e-15,0
real_K5_late_m42,real_K5,bandit_toy,5,42,exp,512,45,0.0004951989160272104,0.00809370819479227,35,False,2.4797329988002215e-14,0
real_K5_late_m42,real_K5,bandit_toy,5,42,exp,512,46,0.0004951989160363452,0.00787070905789733,35,False,1.5662601424160094e-14,0
real_K5_late_m42,real_K5,bandit_toy,5,42,exp,512,47,0.0004951989159414011,0.007379542104899883,33,False,1.1060661934958471e-13,0
real_K5_late_m42,real_K5,bandit_toy,5,42,exp,512,48,0.0004951989160415248,0.007375124841928482,32,False,1.0482933965327845e-14,0
real_K5_late_m42,real_K5,bandit_toy,5,42,exp,512,49,0.0004951989160516005,0.007665374781936407,32,False,4.0722633598555547e-16,0
real_K5_late_m42,real_K5,bandit_toy,5,42,exp,2048,0,0.0004951989160508107,0.0075278328731656075,32,False,1.1970676186412454e-15,0
real_K5_late_m42,real_K5,bandit_toy,5,42,exp,2048,1,0.0004951989160346931,0.007662416901439428,31,False,1.7314708694593506e-14,0
real_K5_late_m42,real_K5,bandit_toy,5,42,exp,2048,2,0.0004951989160143011,0.007601750083267689,31,False,3.770670841535262e-14,0
real_K5_late_m42,real_K5,bandit_toy,5,42,exp,2048,3,0.0004951989159910013,0.008113374933600426,33,False,6.10064299425006e-14,0
real_K5_late_m42,real_K5,bandit_toy,5,42,exp,2048,4,0.0004951989160520078,0.007643749937415123,31,False,0.0,0
real_K5_late_m42,real_K5,bandit_toy,5,42,exp,2048,5,0.0004951989160518888,0.008000833913683891,34,False,1.1893697832165984e-16,0
real_K5_late_m42,real_K5,bandit_toy,5,42,exp,2048,6,0.0004951989160375056,0.0073533752001821995,30,False,1.450217983894886e-14,0
real_K5_late_m42,real_K5,bandit_toy,5,42,exp,2048,7,0.0004951989160399476,0.00797079224139452,33,False,1.2060122865642509e-14,0
real_K5_late_m42,real_K5,bandit_toy,5,42,exp,2048,8,0.0004951989160184387,0.007959709037095308,33,False,3.356906766449619e-14,0
real_K5_late_m42,real_K5,bandit_toy,5,42,exp,2048,9,0.0004951989158460493,0.0079756248742342,33,False,2.0595851413229838e-13,0
real_K5_late_m42,real_K5,bandit_toy,5,42,exp,2048,10,0.0004951989160425884,0.008086415939033031,33,False,9.419331634119565e-15,0
real_K5_late_m42,real_K5,bandit_toy,5,42,exp,2048,11,0.0004951989159659732,0.007485500071197748,31,False,8.603458657302498e-14,0
real_K5_late_m42,real_K5,bandit_toy,5,42,exp,2048,12,0.0004951989160504969,0.007840165868401527,32,False,1.5108357273585504e-15,0
real_K5_late_m42,real_K5,bandit_toy,5,42,exp,2048,13,0.0004951989160301632,0.0083815841935575,35,False,2.1844613791455192e-14,0
real_K5_late_m42,real_K5,bandit_toy,5,42,exp,2048,14,0.0004951989160426201,0.00707125011831522,28,False,9.387672930682989e-15,0
real_K5_late_m42,real_K5,bandit_toy,5,42,exp,2048,15,0.0004951989160373475,0.007765208836644888,32,False,1.4660256515697245e-14,0
real_K5_late_m42,real_K5,bandit_toy,5,42,exp,2048,16,0.0004951989160381101,0.008321250323206186,34,False,1.3897628707570941e-14,0
real_K5_late_m42,real_K5,bandit_toy,5,42,exp,2048,17,0.000495198916040049,0.007088417187333107,28,False,1.1958749962515114e-14,0
real_K5_late_m42,real_K5,bandit_toy,5,42,exp,2048,18,0.0004951989160221782,0.007164583075791597,29,False,2.9829545951376435e-14,0
real_K5_late_m42,real_K5,bandit_toy,5,42,exp,2048,19,0.0004951989160519949,0.008235916960984468,34,False,1.2902005852577503e-17,0
real_K5_late_m42,real_K5,bandit_toy,5,42,exp,2048,20,0.0004951989160493734,0.008121917024254799,34,False,2.6343944387052787e-15,0
real_K5_late_m42,real_K5,bandit_toy,5,42,exp,2048,21,0.0004951989137091932,0.007105332799255848,28,False,2.3428145274478895e-12,0
real_K5_late_m42,real_K5,bandit_toy,5,42,exp,2048,22,0.0004951989160435047,0.00845508323982358,35,False,8.503072378152066e-15,0
real_K5_late_m42,real_K5,bandit_toy,5,42,exp,2048,23,0.0004951989160230458,0.007697000168263912,32,False,2.8961967372953534e-14,0
real_K5_late_m42,real_K5,bandit_toy,5,42,exp,2048,24,0.00049519891604936,0.00771491602063179,32,False,2.6477301254268504e-15,0
real_K5_late_m42,real_K5,bandit_toy,5,42,exp,2048,25,0.0004951989159646372,0.008040999993681908,33,False,8.737054048996162e-14,0
real_K5_late_m42,real_K5,bandit_toy,5,42,exp,2048,26,0.0004951989160207334,0.008051832672208548,33,False,3.127435376643062e-14,0
real_K5_late_m42,real_K5,bandit_toy,5,42,exp,2048,27,0.0004951989160343781,0.007406999822705984,31,False,1.7629669425700545e-14,0
real_K5_late_m42,real_K5,bandit_toy,5,42,exp,2048,28,0.0004951989160150346,0.007719000335782766,31,False,3.6973137225448927e-14,0
real_K5_late_m42,real_K5,bandit_toy,5,42,exp,2048,29,0.0004951989160127386,0.007483999710530043,31,False,3.926915216612148e-14,0
real_K5_late_m42,real_K5,bandit_toy,5,42,exp,2048,30,0.0004951989160102123,0.00746579235419631,31,False,4.1795451648229953e-14,0
real_K5_late_m42,real_K5,bandit_toy,5,42,exp,2048,31,0.0004951989160099512,0.008099624887108803,33,False,4.205652753136446e-14,0
real_K5_late_m42,real_K5,bandit_toy,5,42,exp,2048,32,0.0004951989160264745,0.007887332700192928,33,False,2.5533286422685375e-14,0
real_K5_late_m42,real_K5,bandit_toy,5,42,exp,2048,33,0.0004951989159546666,0.007752749603241682,32,False,9.734118892879007e-14,0
real_K5_late_m42,real_K5,bandit_toy,5,42,exp,2048,34,0.0004951989160406337,0.007666416000574827,32,False,1.1374039730893681e-14,0
real_K5_late_m42,real_K5,bandit_toy,5,42,exp,2048,35,0.0004951989160282827,0.007854875177145004,32,False,2.372505403941405e-14,0
real_K5_late_m42,real_K5,bandit_toy,5,42,exp,2048,36,0.0004951989160373426,0.00783562520518899,32,False,1.466513542547343e-14,0
real_K5_late_m42,real_K5,bandit_toy,5,42,exp,2048,37,0.0004951989160512163,0.007634707726538181,31,False,7.914675859144182e-16,0
real_K5_late_m42,real_K5,bandit_toy,5,42,exp,2048,38,0.0004951989160194639,0.007859291974455118,32,False,3.2543846090193895e-14,0
real_K5_late_m42,real_K5,bandit_toy,5,42,exp,2048,39,0.0004951989160168013,0.00755449989810586,29,False,3.52064297853838e-14,0
real_K5_late_m42,real_K5,bandit_toy,5,42,exp,2048,40,0.0004951989159718648,0.007316207978874445,30,False,8.01429235475215e-14,0
real_K5_late_m42,real_K5,bandit_toy,5,42,exp,2048,41,0.000495198916014067,0.007751459255814552,32,False,3.794078766439224e-14,0
real_K5_late_m42,real_K5,bandit_toy,5,42,exp,2048,42,0.0004951989160368566,0.007756500039249659,32,False,1.5151183259398682e-14,0
real_K5_late_m42,real_K5,bandit_toy,5,42,exp,2048,43,0.000495198916030552,0.00780620938166976,32,False,2.145581889240189e-14,0
real_K5_late_m42,real_K5,bandit_toy,5,42,exp,2048,44,0.0004951989160511337,0.00813045771792531,34,False,8.740837914578137e-16,0
real_K5_late_m42,real_K5,bandit_toy,5,42,exp,2048,45,0.000495198916005813,0.007952000014483929,34,False,4.6194818803524385e-14,0
real_K5_late_m42,real_K5,bandit_toy,5,42,exp,2048,46,0.0004951989160461012,0.007728165946900845,31,False,5.906516595266531e-15,0
real_K5_late_m42,real_K5,bandit_toy,5,42,exp,2048,47,0.0004951989160212639,0.00764612527564168,32,False,3.074385364343346e-14,0
real_K5_late_m42,real_K5,bandit_toy,5,42,exp,2048,48,0.0004951989160352303,0.007771292235702276,31,False,1.6777486518126938e-14,0
real_K5_late_m42,real_K5,bandit_toy,5,42,exp,2048,49,0.000495198916002832,0.007974957581609488,33,False,4.917572425655603e-14,0
real_K5_late_m42,real_K5,bandit_toy,5,42,sobol,128,0,0.0004951989160183076,0.007522499654442072,33,False,3.3700147707149686e-14,0
real_K5_late_m42,real_K5,bandit_toy,5,42,sobol,128,1,0.0004951989160298472,0.0075594158843159676,33,False,2.2160550304517468e-14,0
real_K5_late_m42,real_K5,bandit_toy,5,42,sobol,128,2,0.0004951989157946004,0.007285042200237513,32,False,2.574073766636875e-13,0
real_K5_late_m42,real_K5,bandit_toy,5,42,sobol,128,3,0.000495198914140814,0.007086083292961121,31,False,1.9111937510016275e-12,0
real_K5_late_m42,real_K5,bandit_toy,5,42,sobol,128,4,0.000495198914140814,0.007425209041684866,31,False,1.9111937510016275e-12,0
real_K5_late_m42,real_K5,bandit_toy,5,42,sobol,128,5,0.0004951989148065479,0.007286791689693928,32,False,1.2454598984079635e-12,0
real_K5_late_m42,real_K5,bandit_toy,5,42,sobol,128,6,0.000495198915781754,0.007540584076195955,32,False,2.702537629448165e-13,0
real_K5_late_m42,real_K5,bandit_toy,5,42,sobol,128,7,0.000495198914140814,0.007622458040714264,33,False,1.9111937510016275e-12,0
real_K5_late_m42,real_K5,bandit_toy,5,42,sobol,128,8,0.0004951989149940374,0.007247208151966333,32,False,1.0579703346030866e-12,0
real_K5_late_m42,real_K5,bandit_toy,5,42,sobol,128,9,0.0004951989157711377,0.007631333544850349,33,False,2.8087005377736007e-13,0
real_K5_late_m42,real_K5,bandit_toy,5,42,sobol,128,10,0.0004951989160251936,0.007691499777138233,32,False,2.681416286925975e-14,0
real_K5_late_m42,real_K5,bandit_toy,5,42,sobol,128,11,0.0004951989157303133,0.007695249747484922,32,False,3.21694493959912e-13,0
real_K5_late_m42,real_K5,bandit_toy,5,42,sobol,128,12,0.000495198914140814,0.007527458015829325,33,False,1.9111937510016275e-12,0
real_K5_late_m42,real_K5,bandit_toy,5,42,sobol,128,13,0.000495198914140814,0.007100167218595743,31,False,1.9111937510016275e-12,0
real_K5_late_m42,real_K5,bandit_toy,5,42,sobol,128,14,0.000495198914140814,0.007397624664008617,33,False,1.9111937510016275e-12,0
real_K5_late_m42,real_K5,bandit_toy,5,42,sobol,128,15,0.0004951989160449106,0.007269707974046469,32,False,7.097187421090112e-15,0
real_K5_late_m42,real_K5,bandit_toy,5,42,sobol,128,16,0.000495198914140814,0.007491332944482565,32,False,1.9111937510016275e-12,0
real_K5_late_m42,real_K5,bandit_toy,5,42,sobol,128,17,0.0004951989159944066,0.007494457997381687,32,False,5.760116775915813e-14,0
real_K5_late_m42,real_K5,bandit_toy,5,42,sobol,128,18,0.0004951989158838255,0.007397583220154047,32,False,1.6818230835768944e-13,0
real_K5_late_m42,real_K5,bandit_toy,5,42,sobol,128,19,0.000495198914140814,0.007119541987776756,30,False,1.9111937510016275e-12,0
real_K5_late_m42,real_K5,bandit_toy,5,42,sobol,128,20,0.0004951989159385776,0.007825374603271484,33,False,1.1343020706738871e-13,0
real_K5_late_m42,real_K5,bandit_toy,5,42,sobol,128,21,0.000495198914140814,0.0073909577913582325,32,False,1.9111937510016275e-12,0
real_K5_late_m42,real_K5,bandit_toy,5,42,sobol,128,22,0.0004951989160460638,0.007036041002720594,30,False,5.943921570217281e-15,0
real_K5_late_m42,real_K5,bandit_toy,5,42,sobol,128,23,0.0004951989159714665,0.0076362499967217445,34,False,8.054125942569268e-14,0
real_K5_late_m42,real_K5,bandit_toy,5,42,sobol,128,24,0.000495198915283584,0.007037458010017872,30,False,7.684237360999768e-13,0
real_K5_late_m42,real_K5,bandit_toy,5,42,sobol,128,25,0.0004951989158227904,0.007522208150476217,33,False,2.2921736123754366e-13,0
real_K5_late_m42,real_K5,bandit_toy,5,42,sobol,128,26,0.0004951989156659453,0.007172875106334686,30,False,3.860624927382039e-13,0
real_K5_late_m42,real_K5,bandit_toy,5,42,sobol,128,27,0.0004951989146092356,0.00725199980661273,32,False,1.4427721170551244e-12,0
real_K5_late_m42,real_K5,bandit_toy,5,42,sobol,128,28,0.0004951989144731902,0.006796208210289478,29,False,1.578817588818171e-12,0
real_K5_late_m42,real_K5,bandit_toy,5,42,sobol,128,29,0.0004951989158295073,0.007224542088806629,31,False,2.2250051193856146e-13,0
real_K5_late_m42,real_K5,bandit_toy,5,42,sobol,128,30,0.000495198916011021,0.007520959246903658,33,False,4.0986745247773015e-14,0
real_K5_late_m42,real_K5,bandit_toy,5,42,sobol,128,31,0.0004951989160479945,0.007232542149722576,31,False,4.013282761672343e-15,0
real_K5_late_m42,real_K5,bandit_toy,5,42,sobol,128,32,0.0004951989159960532,0.007516792044043541,32,False,5.59545899198044e-14,0
real_K5_late_m42,real_K5,bandit_toy,5,42,sobol,128,33,0.0004951989143544678,0.00709233433008194,30,False,1.697540003529896e-12,0
real_K5_late_m42,real_K5,bandit_toy,5,42,sobol,128,34,0.0004951989158631279,0.006953082978725433,30,False,1.8887983625065496e-13,0
real_K5_late_m42,real_K5,bandit_toy,5,42,sobol,128,35,0.0004951989159292338,0.0070352498441934586,31,False,1.2277396981008604e-13,0
real_K5_late_m42,real_K5,bandit_toy,5,42,sobol,128,36,0.0004951989159329743,0.007121458183974028,31,False,1.1903347231501105e-13,0
real_K5_late_m42,real_K5,bandit_toy,5,42,sobol,128,37,0.0004951989150569213,0.007348500192165375,32,False,9.950865001787101e-13,0
real_K5_late_m42,real_K5,bandit_toy,5,42,sobol,128,38,0.0004951989160298029,0.00773462513461709,34,False,2.2204894173372125e-14,0
real_K5_late_m42,real_K5,bandit_toy,5,42,sobol,128,39,0.0004951989160517881,0.00754545908421278,33,False,2.196593601455632e-16,0
real_K5_late_m42,real_K5,bandit_toy,5,42,sobol,128,40,0.0004951989158941357,0.007732958998531103,34,False,1.5787208779843853e-13,0
real_K5_late_m42,real_K5,bandit_toy,5,42,sobol,128,41,0.0004951989158899624,0.007292124908417463,31,False,1.6204539880076974e-13,0
real_K5_late_m42,real_K5,bandit_toy,5,42,sobol,128,42,0.0004951989160506526,0.007780415937304497,33,False,1.355144295389632e-15,0
real_K5_late_m42,real_K5,bandit_toy,5,42,sobol,128,43,0.0004951989159459824,0.007212792057543993,31,False,1.0602532306974721e-13,0
real_K5_late_m42,real_K5,bandit_toy,5,42,sobol,128,44,0.0004951989157206836,0.007566249929368496,33,False,3.3132416081549376e-13,0
real_K5_late_m42,real_K5,bandit_toy,5,42,sobol,128,45,0.0004951989159896805,0.007435917388647795,32,False,6.23273134492397e-14,0
real_K5_late_m42,real_K5,bandit_toy,5,42,sobol,128,46,0.0004951989160069965,0.007319082971662283,32,False,4.501130371203921e-14,0
real_K5_late_m42,real_K5,bandit_toy,5,42,sobol,128,47,0.0004951989160226235,0.007747333031147718,34,False,2.938426411913664e-14,0
real_K5_late_m42,real_K5,bandit_toy,5,42,sobol,128,48,0.0004951989160063187,0.007327958941459656,31,False,4.5689038490059897e-14,0
real_K5_late_m42,real_K5,bandit_toy,5,42,sobol,128,49,0.0004951989144172767,0.007618333213031292,33,False,1.6347310874756382e-12,0
real_K5_late_m42,real_K5,bandit_toy,5,42,sobol,512,0,0.0004951989158111891,0.00749062467366457,33,False,2.408186497437903e-13,0
real_K5_late_m42,real_K5,bandit_toy,5,42,sobol,512,1,0.0004951989159958823,0.0077785830944776535,35,False,5.6125460182188114e-14,0
real_K5_late_m42,real_K5,bandit_toy,5,42,sobol,512,2,0.0004951989160196018,0.00769704207777977,34,False,3.240593557385374e-14,0
real_K5_late_m42,real_K5,bandit_toy,5,42,sobol,512,3,0.000495198915969845,0.00779033312574029,35,False,8.2162792194862e-14,0
real_K5_late_m42,real_K5,bandit_toy,5,42,sobol,512,4,0.0004951989159972884,0.008404833730310202,28,False,5.471935838469166e-14,0
real_K5_late_m42,real_K5,bandit_toy,5,42,sobol,512,5,0.0004951989160365373,0.007979542016983032,36,False,1.5470480799195663e-14,0
real_K5_late_m42,real_K5,bandit_toy,5,42,sobol,512,6,0.0004951989159413807,0.007481916807591915,33,False,1.1062711077064469e-13,0
real_K5_late_m42,real_K5,bandit_toy,5,42,sobol,512,7,0.0004951989155052566,0.007605833001434803,33,False,5.467511209403253e-13,0
real_K5_late_m42,real_K5,bandit_toy,5,42,sobol,512,8,0.0004951989159556021,0.007619209121912718,33,False,9.640563087415233e-14,0
real_K5_late_m42,real_K5,bandit_toy,5,42,sobol,512,9,0.0004951989160278333,0.0074937911704182625,32,False,2.4174455839909292e-14,0
real_K5_late_m42,real_K5,bandit_toy,5,42,sobol,512,10,0.0004951989156226561,0.007784042041748762,34,False,4.2935164971946715e-13,0
real_K5_late_m42,real_K5,bandit_toy,5,42,sobol,512,11,0.0004951989153290952,0.00750999990850687,33,False,7.229126151864218e-13,0
real_K5_late_m42,real_K5,bandit_toy,5,42,sobol,512,12,0.0004951989159845687,0.007668000180274248,33,False,6.743910985207435e-14,0
real_K5_late_m42,real_K5,bandit_toy,5,42,sobol,512,13,0.0004951989160235957,0.008109583053737879,35,False,2.8412060031068886e-14,0
real_K5_late_m42,real_K5,bandit_toy,5,42,sobol,512,14,0.0004951989158496245,0.0077921668998897076,34,False,2.0238324904831018e-13,0
real_K5_late_m42,real_K5,bandit_toy,5,42,sobol,512,15,0.0004951989160412387,0.007684582844376564,34,False,1.076905491864677e-14,0
real_K5_late_m42,real_K5,bandit_toy,5,42,sobol,512,16,0.0004951989160138965,0.007978334091603756,35,False,3.811122424590696e-14,0
real_K5_late_m42,real_K5,bandit_toy,5,42,sobol,512,17,0.0004951989160295005,0.0072930422611534595,32,False,2.2507278159278332e-14,0
real_K5_late_m42,real_K5,bandit_toy,5,42,sobol,512,18,0.0004951989160387072,0.008202583994716406,34,False,1.3300558571183174e-14,0
real_K5_late_m42,real_K5,bandit_toy,5,42,sobol,512,19,0.0004951989160123597,0.00808204198256135,34,False,3.964808082540516e-14,0
real_K5_late_m42,real_K5,bandit_toy,5,42,sobol,512,20,0.000495198915949993,0.008065625093877316,35,False,1.0201475081350608e-13,0
real_K5_late_m42,real_K5,bandit_toy,5,42,sobol,512,21,0.000495198916041408,0.007515499833971262,31,False,1.0599810959521783e-14,0
real_K5_late_m42,real_K5,bandit_toy,5,42,sobol,512,22,0.0004951989160001833,0.0071410839445889,31,False,5.182443016393812e-14,0
real_K5_late_m42,real_K5,bandit_toy,5,42,sobol,512,23,0.0004951989153733521,0.00724499998614192,31,False,6.78655699345998e-13,0
real_K5_late_m42,real_K5,bandit_toy,5,42,sobol,512,24,0.0004951989156275944,0.0075159999541938305,32,False,4.244133256642302e-13,0
real_K5_late_m42,real_K5,bandit_toy,5,42,sobol,512,25,0.0004951989159825498,0.007963667158037424,35,False,6.945800271745961e-14,0
real_K5_late_m42,real_K5,bandit_toy,5,42,sobol,512,26,0.0004951989160432245,0.008117625024169683,35,False,8.78323021952232e-15,0
real_K5_late_m42,real_K5,bandit_toy,5,42,sobol,512,27,0.0004951989153758686,0.007717458065599203,34,False,6.761391576834419e-13,0
real_K5_late_m42,real_K5,bandit_toy,5,42,sobol,512,28,0.000495198916020539,0.007441749796271324,32,False,3.146875121595727e-14,0
real_K5_late_m42,real_K5,bandit_toy,5,42,sobol,512,29,0.0004951989159963163,0.008120249956846237,36,False,5.5691454052542166e-14,0
real_K5_late_m42,real_K5,bandit_toy,5,42,sobol,512,30,0.0004951989160192102,0.00786575023084879,35,False,3.2797549398555503e-14,0
real_K5_late_m42,real_K5,bandit_toy,5,42,sobol,512,31,0.0004951989159785591,0.007333625108003616,32,False,7.344862565372701e-14,0
real_K5_late_m42,real_K5,bandit_toy,5,42,sobol,512,32,0.0004951989159159341,0.007287709042429924,33,False,1.3607366101953122e-13,0
real_K5_late_m42,real_K5,bandit_toy,5,42,sobol,512,33,0.0004951989160145681,0.007919459138065577,34,False,3.743966942026944e-14,0
real_K5_late_m42,real_K5,bandit_toy,5,42,sobol,512,34,0.0004951989160297423,0.0077447909861803055,34,False,2.2265501074814065e-14,0
real_K5_late_m42,real_K5,bandit_toy,5,42,sobol,512,35,0.0004951989160351773,0.007704124785959721,32,False,1.683050400436148e-14,0
real_K5_late_m42,real_K5,bandit_toy,5,42,sobol,512,36,0.0004951989160505186,0.008484499994665384,36,False,1.4891516839088403e-15,0
real_K5_late_m42,real_K5,bandit_toy,5,42,sobol,512,37,0.0004951989160423345,0.008230209350585938,35,False,9.67325178291567e-15,0
real_K5_late_m42,real_K5,bandit_toy,5,42,sobol,512,38,0.0004951989160281608,0.00820829113945365,36,False,2.384691836360142e-14,0
real_K5_late_m42,real_K5,bandit_toy,5,42,sobol,512,39,0.000495198915773333,0.0070152911357581615,30,False,2.786747612185114e-13,0
real_K5_late_m42,real_K5,bandit_toy,5,42,sobol,512,40,0.0004951989160482868,0.007710958365350962,34,False,3.720981855970251e-15,0
real_K5_late_m42,real_K5,bandit_toy,5,42,sobol,512,41,0.0004951989084199514,0.00731833279132843,32,False,7.6320563367413e-12,0
real_K5_late_m42,real_K5,bandit_toy,5,42,sobol,512,42,0.000495198915782064,0.007642082870006561,35,False,2.699437895437029e-13,0
real_K5_late_m42,real_K5,bandit_toy,5,42,sobol,512,43,0.0004951989160072842,0.0075804996304214,33,False,4.4723556455461555e-14,0
real_K5_late_m42,real_K5,bandit_toy,5,42,sobol,512,44,0.0004951989160401661,0.00788658345118165,35,False,1.184165612788668e-14,0
real_K5_late_m42,real_K5,bandit_toy,5,42,sobol,512,45,0.0004951989159503687,0.007932999636977911,33,False,1.0163907476073986e-13,0
real_K5_late_m42,real_K5,bandit_toy,5,42,sobol,512,46,0.0004951989160262551,0.007377624977380037,32,False,2.5752620522179193e-14,0
real_K5_late_m42,real_K5,bandit_toy,5,42,sobol,512,47,0.0004951989160065095,0.007736375089734793,34,False,4.549821890770245e-14,0
real_K5_late_m42,real_K5,bandit_toy,5,42,sobol,512,48,0.0004951989160055006,0.007916917093098164,33,False,4.650717744941746e-14,0
real_K5_late_m42,real_K5,bandit_toy,5,42,sobol,512,49,0.0004951989158571032,0.007992375176399946,35,False,1.9490453088272242e-13,0
real_K5_late_m42,real_K5,bandit_toy,5,42,sobol,2048,0,0.0004951989160472242,0.008179333992302418,34,False,4.783608405223294e-15,0
real_K5_late_m42,real_K5,bandit_toy,5,42,sobol,2048,1,0.0004951989160034395,0.00803475035354495,32,False,4.85682457793124e-14,0
real_K5_late_m42,real_K5,bandit_toy,5,42,sobol,2048,2,0.0004951989160480166,0.007844457868486643,33,False,3.991165037353639e-15,0
real_K5_late_m42,real_K5,bandit_toy,5,42,sobol,2048,3,0.000495198916029851,0.00766579108312726,31,False,2.215675559691377e-14,0
real_K5_late_m42,real_K5,bandit_toy,5,42,sobol,2048,4,0.0004951989160490053,0.008174458052963018,33,False,3.0024810762641074e-15,0
real_K5_late_m42,real_K5,bandit_toy,5,42,sobol,2048,5,0.0004951989160408642,0.007709334138780832,30,False,1.1143538349023263e-14,0
real_K5_late_m42,real_K5,bandit_toy,5,42,sobol,2048,6,0.0004951989158493797,0.007728375028818846,32,False,2.026280618988574e-13,0
real_K5_late_m42,real_K5,bandit_toy,5,42,sobol,2048,7,0.0004951989160348031,0.007943375036120415,32,False,1.7204662174086227e-14,0
real_K5_late_m42,real_K5,bandit_toy,5,42,sobol,2048,8,0.0004951989159550832,0.007500332780182362,31,False,9.692453003390389e-14,0
real_K5_late_m42,real_K5,bandit_toy,5,42,sobol,2048,9,0.0004951989160406108,0.008151041809469461,34,False,1.1396916396733126e-14,0
real_K5_late_m42,real_K5,bandit_toy,5,42,sobol,2048,10,0.0004951989160221043,0.0077558341436088085,32,False,2.9903488539539946e-14,0
real_K5_late_m42,real_K5,bandit_toy,5,42,sobol,2048,11,0.0004951989160519043,0.008176624774932861,35,False,1.0343288725511712e-16,0
real_K5_late_m42,real_K5,bandit_toy,5,42,sobol,2048,12,0.0004951989160115056,0.0079924575984478,31,False,4.0502215296889243e-14,0
real_K5_late_m42,real_K5,bandit_toy,5,42,sobol,2048,13,0.0004951989160415329,0.007870624773204327,32,False,1.0474910869251453e-14,0
real_K5_late_m42,real_K5,bandit_toy,5,42,sobol,2048,14,0.0004951989160441742,0.008103750180453062,30,False,7.833577536642267e-15,0
real_K5_late_m42,real_K5,bandit_toy,5,42,sobol,2048,15,0.0004951989160310449,0.008281583897769451,32,False,2.096283216457273e-14,0
real_K5_late_m42,real_K5,bandit_toy,5,42,sobol,2048,16,0.0004951989160500326,0.007581166923046112,29,False,1.975199517834092e-15,0
real_K5_late_m42,real_K5,bandit_toy,5,42,sobol,2048,17,0.0004951989160502619,0.008207667153328657,31,False,1.7458907583534078e-15,0
real_K5_late_m42,real_K5,bandit_toy,5,42,sobol,2048,18,0.0004951989160336223,0.008550667203962803,35,False,1.838546676014019e-14,0
real_K5_late_m42,real_K5,bandit_toy,5,42,sobol,2048,19,0.0004951989160379199,0.0079946662299335,32,False,1.4087906188842148e-14,0
real_K5_late_m42,real_K5,bandit_toy,5,42,sobol,2048,20,0.0004951989159743043,0.008036124985665083,33,False,7.770346865942912e-14,0
real_K5_late_m42,real_K5,bandit_toy,5,42,sobol,2048,21,0.000495198915628029,0.007319333963096142,29,False,4.23978777433498e-13,0
real_K5_late_m42,real_K5,bandit_toy,5,42,sobol,2048,22,0.0004951989160285424,0.0076729170978069305,30,False,2.3465387619103772e-14,0
real_K5_late_m42,real_K5,bandit_toy,5,42,sobol,2048,23,0.0004951989160244627,0.007727125193923712,32,False,2.754502355373223e-14,0
real_K5_late_m42,real_K5,bandit_toy,5,42,sobol,2048,24,0.0004951989160241597,0.00784350000321865,33,False,2.7848058060941927e-14,0
real_K5_late_m42,real_K5,bandit_toy,5,42,sobol,2048,25,0.0004951989160504575,0.007663999684154987,32,False,1.5503006864370228e-15,0
real_K5_late_m42,real_K5,bandit_toy,5,42,sobol,2048,26,0.0004951989160161735,0.007104333024471998,28,False,3.583429126347015e-14,0
real_K5_late_m42,real_K5,bandit_toy,5,42,sobol,2048,27,0.0004951989160437623,0.007588000036776066,31,False,8.24546594196951e-15,0
real_K5_late_m42,real_K5,bandit_toy,5,42,sobol,2048,28,0.0004951989160351636,0.007752208039164543,32,False,1.6844164951734797e-14,0
real_K5_late_m42,real_K5,bandit_toy,5,42,sobol,2048,29,0.000495198915708129,0.007384791038930416,30,False,3.438787882920069e-13,0
real_K5_late_m42,real_K5,bandit_toy,5,42,sobol,2048,30,0.0004951989160469532,0.0074176667258143425,31,False,5.054550528127422e-15,0
real_K5_late_m42,real_K5,bandit_toy,5,42,sobol,2048,31,0.0004951989160470588,0.008039957843720913,33,False,4.9489492365273335e-15,0
real_K5_late_m42,real_K5,bandit_toy,5,42,sobol,2048,32,0.0004951989160517742,0.008428709115833044,35,False,2.3353714795337766e-16,0
real_K5_late_m42,real_K5,bandit_toy,5,42,sobol,2048,33,0.0004951989160515368,0.007423917297273874,31,False,4.709774237277031e-16,0
real_K5_late_m42,real_K5,bandit_toy,5,42,sobol,2048,34,0.0004951989156630669,0.007306791841983795,29,False,3.8894083266571844e-13,0
real_K5_late_m42,real_K5,bandit_toy,5,42,sobol,2048,35,0.0004951989160360605,0.0074800411239266396,30,False,1.5947312914654788e-14,0
real_K5_late_m42,real_K5,bandit_toy,5,42,sobol,2048,36,0.0004951989160509301,0.007745875045657158,32,False,1.0776969594505914e-15,0
real_K5_late_m42,real_K5,bandit_toy,5,42,sobol,2048,37,0.0004951989160485023,0.007771584205329418,32,False,3.505442464080133e-15,0
real_K5_late_m42,real_K5,bandit_toy,5,42,sobol,2048,38,0.0004951989159636213,0.007960374932736158,32,False,8.838643792558054e-14,0
real_K5_late_m42,real_K5,bandit_toy,5,42,sobol,2048,39,0.0004951989160197329,0.008044540882110596,32,False,3.227485553120024e-14,0
real_K5_late_m42,real_K5,bandit_toy,5,42,sobol,2048,40,0.0004951989159991963,0.008011415600776672,33,False,5.281148782176892e-14,0
real_K5_late_m42,real_K5,bandit_toy,5,42,sobol,2048,41,0.0004951989160432648,0.007496916223317385,31,False,8.743006318923108e-15,0
real_K5_late_m42,real_K5,bandit_toy,5,42,sobol,2048,42,0.0004951989160242846,0.007643499877303839,31,False,2.7723157970671597e-14,0
real_K5_late_m42,real_K5,bandit_toy,5,42,sobol,2048,43,0.0004951989159892961,0.007613541092723608,32,False,6.271166311938581e-14,0
real_K5_late_m42,real_K5,bandit_toy,5,42,sobol,2048,44,0.0004951989160180077,0.00754750007763505,30,False,3.4000038028059176e-14,0
real_K5_late_m42,real_K5,bandit_toy,5,42,sobol,2048,45,0.0004951989160011683,0.00760045787319541,32,False,5.083943249023504e-14,0
real_K5_late_m42,real_K5,bandit_toy,5,42,sobol,2048,46,0.0004951989160491112,0.0076680839993059635,32,False,2.8965545240122736e-15,0
real_K5_late_m42,real_K5,bandit_toy,5,42,sobol,2048,47,0.0004951989160439786,0.007610665634274483,31,False,8.029167608558652e-15,0
real_K5_late_m42,real_K5,bandit_toy,5,42,sobol,2048,48,0.0004951989160281536,0.00763599993661046,31,False,2.3854182518157074e-14,0
real_K5_late_m42,real_K5,bandit_toy,5,42,sobol,2048,49,0.0004951989160385693,0.007915499620139599,33,False,1.343846908752333e-14,0
